gene,eqZ,wbZ,ntZ,multiZ
ENSG00000000457,0.470554,2.89426,3.18025,4.29533
ENSG00000000460,-1.34188,-1.9252,-0.125075,-1.44976
ENSG00000000938,2.41285,0.56504,1.37362,1.37084
ENSG00000000971,-1.59828,0.969901,-1.62023,-0.459853
ENSG00000001084,-0.801649,-0.946395,-0.811235,-1.24283
ENSG00000001167,-0.088498,-0.755729,-0.755729,-1.06876
ENSG00000001460,0.488184,-0.985246,1.88842,0.638638
ENSG00000001461,-0.99524,-0.987839,1.4083,0.297311
ENSG00000001561,1.11037,1.46399,-2.5375,-0.759085
ENSG00000001629,-3.07995,-3.12176,-0.0732925,-2.25924
ENSG00000001630,-2.51226,-1.81787,1.80633,-0.00816452
ENSG00000001631,-2.73301,-3.12176,-2.9467,-4.29105
ENSG00000002016,-1.96696,-1.81807,-1.89624,-2.62642
ENSG00000002549,-1.32922,-1.70311,1.51702,-0.13159
ENSG00000002587,-0.833876,-1.64388,-0.138527,-1.26035
ENSG00000002822,7.64257,0.515859,1.73931,1.59464
ENSG00000002834,2.87929,1.86591,1.86591,2.63879
ENSG00000002919,1.4041,1.92407,1.75376,2.60062
ENSG00000002933,0.0328562,-1.70606,2.07212,0.258848
ENSG00000003056,-0.100274,0.214871,0.807211,0.722721
ENSG00000003147,1.16497,0.192351,-1.28176,-0.770328
ENSG00000003249,-6.18016,-4.31475,-2.06962,-4.51443
ENSG00000003402,-0.683561,0.929865,-0.843654,0.0609608
ENSG00000004059,-3.91875,-2.56546,-2.67597,-3.70625
ENSG00000004142,-0.322748,-1.46515,-0.648148,-1.49433
ENSG00000004399,0.413315,0.69491,-0.335538,0.254115
ENSG00000004455,1.47186,1.45278,1.71907,2.24284
ENSG00000004534,3.92211,4.20894,4.20894,5.95235
ENSG00000004660,2.17842,-0.0337591,0.446544,0.291883
ENSG00000004700,0.219101,3.16447,1.81195,3.51886
ENSG00000004766,-0.439081,1.53086,-0.14978,0.976574
ENSG00000004779,2.33949,0.602549,-0.602549,0
ENSG00000004799,0.00160549,1.509,-0.102227,0.994736
ENSG00000005007,-2.21771,0.633376,-0.633376,0
ENSG00000005020,-0.896182,-0.0689448,1.07837,0.713771
ENSG00000005100,2.8452,0.635182,-1.31866,-0.48329
ENSG00000005102,-2.0671,-0.807352,-0.867167,-1.18406
ENSG00000005156,-0.503308,-0.919762,-1.21284,-1.50798
ENSG00000005187,-1.87727,-2.11788,-0.217609,-1.65144
ENSG00000005189,-0.14212,1.68181,-1.10518,0.407736
ENSG00000005194,-1.61806,-0.308921,-1.07383,-0.977753
ENSG00000005206,-2.84225,-0.916648,-0.833116,-1.23727
ENSG00000005238,-2.33957,-0.141204,1.51695,0.972802
ENSG00000005249,-1.65066,-0.697015,1.43127,0.519199
ENSG00000005379,-1.42891,0.543787,0.518973,0.751485
ENSG00000005381,-1.09808,-0.850687,0.51896,-0.234567
ENSG00000005448,-2.39834,0.658918,-0.658918,7.85046e-17
ENSG00000005471,-1.4704,-1.16278,-0.497742,-1.17416
ENSG00000005486,-0.110643,0.135827,-1.46765,-0.941738
ENSG00000005801,0.493335,2.24826,1.89927,2.93275
ENSG00000005810,-1.04072,-1.35655,-0.38468,-1.23123
ENSG00000005812,-1.46864,-2.03217,-2.80157,-3.41797
ENSG00000005882,0.660641,1.26202,1.1176,1.68265
ENSG00000005884,-2.9164,-0.715895,0.715895,0
ENSG00000006007,-1.96243,-0.439773,1.39598,0.676141
ENSG00000006025,1.09878,3.37881,-1.1347,1.58683
ENSG00000006042,0.258244,-0.342278,1.63562,0.914528
ENSG00000006125,0.452005,0.326515,1.37396,1.20242
ENSG00000006282,-2.63149,-2.35591,-2.10683,-3.15564
ENSG00000006451,1.29792,0.777708,0.630011,0.995408
ENSG00000006459,1.02059,2.67744,1.16323,2.71577
ENSG00000006534,-0.00449484,0.570073,0.764956,0.944008
ENSG00000006555,3.85019,1.56212,-0.694679,0.613376
ENSG00000006607,2.06589,3.78462,3.22668,4.95774
ENSG00000006625,-0.0276354,-0.49802,-0.230666,-0.515259
ENSG00000006634,-3.34845,-2.52002,-2.47364,-3.53105
ENSG00000006652,0.705285,-0.640095,-1.28897,-1.36406
ENSG00000006695,-1.28517,-0.0111814,-0.00406484,-0.0107807
ENSG00000006712,2.45719,-0.37708,0.37708,3.92523e-17
ENSG00000006740,-5.37921,2.95102,2.28592,3.70308
ENSG00000006744,4.3736,5.48371,8.63155,9.98099
ENSG00000006831,-5.07974,-1.33602,0.0873496,-0.882945
ENSG00000006837,-0.437395,-0.374338,-1.65797,-1.43706
ENSG00000007047,-0.369407,1.26413,1.36225,1.85713
ENSG00000007080,2.87606,2.97709,0.198897,2.24576
ENSG00000007129,-1.586,-2.18501,-0.831653,-2.1331
ENSG00000007168,-2.8829,0.873487,0.873487,1.2353
ENSG00000007255,0.506654,0.418229,0.418229,0.591465
ENSG00000007264,-1.42424,2.02025,2.02025,2.85707
ENSG00000007312,2.34641,3.75048,-1.22214,1.78781
ENSG00000007314,2.42599,1.13346,1.13346,1.60295
ENSG00000007341,0.4357,-0.0929861,0.0465209,-0.0328558
ENSG00000007402,0.94975,0.575666,0.575666,0.814115
ENSG00000007516,-2.44216,-1.47753,1.2326,-0.173196
ENSG00000007520,-1.36596,-1.60077,-1.59229,-2.25784
ENSG00000007866,1.39559,-0.172543,0.41961,0.174703
ENSG00000007944,0.245417,-1.09368,-1.1491,-1.58589
ENSG00000008018,5.68438,0.104944,-2.72677,-1.85391
ENSG00000008130,0.710228,1.54002,-1.98136,-0.312077
ENSG00000008256,-0.0769851,0.555857,-2.02317,-1.03755
ENSG00000008277,-5.32836,0.555514,0.100785,0.464073
ENSG00000008283,1.75617,0.632738,-1.52053,-0.627761
ENSG00000008294,2.23392,-1.95913,0.250275,-1.20834
ENSG00000008300,-4.36234,-4.28652,-4.28652,-6.06206
ENSG00000008311,0.536856,1.56027,1.56027,2.20655
ENSG00000008323,1.21999,-0.0327669,-0.480677,-0.36306
ENSG00000008382,-0.769558,-0.583874,-1.08744,-1.1818
ENSG00000008394,-1.60411,0.986932,0.3382,0.93701
ENSG00000008441,1.94034,-0.50426,-0.50426,-0.713131
ENSG00000008513,-2.27559,-1.98993,-1.21194,-2.26407
ENSG00000008516,-0.693474,-0.220565,-0.54097,-0.538487
ENSG00000008517,-0.581107,-1.50939,0.380085,-0.798539
ENSG00000008735,-5.32814,-1.23073,1.85787,0.443454
ENSG00000008838,1.43357,-0.723492,0.381931,-0.24152
ENSG00000008853,0.431407,-2.4374,-0.620739,-2.16243
ENSG00000008869,-0.0855236,-4.04961,-3.10357,-5.05807
ENSG00000008988,-0.0900344,0.235834,-0.787303,-0.389947
ENSG00000009724,-0.221163,0.972705,-1.99874,-0.725519
ENSG00000009790,0.792059,-0.0805497,0.811517,0.516872
ENSG00000009830,-0.879485,-0.702423,-0.498076,-0.848881
ENSG00000009954,-1.73123,-1.3887,-1.3887,-1.96392
ENSG00000010017,0.771352,1.40176,-0.63325,0.54342
ENSG00000010165,0.795249,0.884999,-0.816444,0.0484754
ENSG00000010219,-2.19547,-2.56461,1.86178,-0.496976
ENSG00000010270,0.620402,-0.112285,0.307407,0.137972
ENSG00000010278,0.985946,0.751892,-0.881567,-0.0916941
ENSG00000010282,-0.563922,-0.250275,-0.479697,-0.516169
ENSG00000010292,0.70426,-0.359548,-0.145866,-0.357382
ENSG00000010295,0.40063,0.0204061,-0.152947,-0.0937202
ENSG00000010319,7.70744,0.860018,0.860018,1.21625
ENSG00000010322,10.0819,-0.186334,-0.186334,-0.263517
ENSG00000010327,8.34944,2.63953,2.63953,3.73286
ENSG00000010361,-2.38343,-0.424711,0.90895,0.342409
ENSG00000010379,0.705987,1.57263,0.61921,1.54987
ENSG00000010438,0.542037,0.168124,3.20784,2.38717
ENSG00000010539,-0.581904,-1.44218,1.4565,0.0101255
ENSG00000010610,-1.95048,-1.03815,1.25815,0.155563
ENSG00000010626,2.32338,1.33007,0.938277,1.60396
ENSG00000010704,1.24671,3.97847,3.99312,5.63677
ENSG00000011021,-1.93769,-1.89927,-1.29248,-2.25691
ENSG00000011114,-3.43605,-0.315365,-0.553498,-0.614379
ENSG00000011132,0.0742785,0.29146,-0.229274,0.0439716
ENSG00000011198,-2.25656,-1.299,-1.299,-1.83706
ENSG00000011260,-1.68934,0.640683,-1.89497,-0.886914
ENSG00000011376,-0.895794,-0.499935,-0.333685,-0.589459
ENSG00000011422,1.14053,0.915324,-0.915324,-7.85046e-17
ENSG00000011426,-2.23203,1.93405,-2.36171,-0.302401
ENSG00000011454,0.458466,1.98461,1.77141,2.65591
ENSG00000011478,-2.43979,-0.958174,-0.958174,-1.35506
ENSG00000011485,0.572493,0.574135,-0.846007,-0.192243
ENSG00000011590,0.513344,1.43282,2.19555,2.56564
ENSG00000011600,-0.21624,0.112293,0.633178,0.527127
ENSG00000011638,-0.681868,-0.0283885,-1.04518,-0.759127
ENSG00000012061,-2.15386,-0.338134,-0.338134,-0.478194
ENSG00000012124,0.5886,0.0565868,0.784594,0.594805
ENSG00000012171,0.275282,-0.694409,-1.13103,-1.29078
ENSG00000012660,1.38102,0.964844,-0.90161,0.0447136
ENSG00000012779,0.1044,0.898908,0.178058,0.76153
ENSG00000012822,1.46966,0.641811,0.641811,0.907658
ENSG00000012963,0.986849,-0.0130706,-0.0130706,-0.0184846
ENSG00000013016,-0.373182,-0.787062,-1.04881,-1.29815
ENSG00000013288,-1.39885,1.84266,0.98214,1.99744
ENSG00000013306,0.661381,1.29423,-1.44674,-0.107842
ENSG00000013374,0.843429,-0.964338,-1.79422,-1.95059
ENSG00000013375,-1.6725,1.35917,-1.21925,0.0989342
ENSG00000013503,-1.82875,-0.37027,-0.33288,-0.497202
ENSG00000013523,-0.642831,-1.33558,-0.880347,-1.5669
ENSG00000013561,-2.28814,-2.09344,-2.12022,-2.97951
ENSG00000013573,2.95782,2.30997,2.33362,3.28351
ENSG00000013583,-2.5468,-2.10362,2.84844,0.526666
ENSG00000013810,0.894043,1.38572,1.16444,1.80323
ENSG00000014123,0.645961,0.213468,-0.648892,-0.307891
ENSG00000014138,-1.47465,-1.34667,-0.908033,-1.59431
ENSG00000014164,-3.52456,-0.435423,-0.199319,-0.448831
ENSG00000014216,-0.109164,-0.596199,-1.04365,-1.15955
ENSG00000014257,1.89496,-0.788854,1.14294,0.25038
ENSG00000014641,0.0520966,0.395618,0.348183,0.525946
ENSG00000014824,1.38395,-0.0319293,-0.0319293,-0.0451548
ENSG00000014919,0.0177492,1.58155,1.58155,2.23665
ENSG00000015153,-2.27965,-1.98911,-2.19261,-2.95692
ENSG00000016391,2.10893,-0.299572,1.49431,0.844808
ENSG00000016864,8.97753,-1.37148,6.21597,3.42558
ENSG00000017797,3.78043,3.14179,0.317845,2.44633
ENSG00000018189,0.572334,-0.109374,-0.450927,-0.396193
ENSG00000018280,0.615182,-0.494848,-0.494848,-0.699821
ENSG00000018510,1.87972,1.30649,0.969866,1.60963
ENSG00000018699,-1.03083,-0.947296,-0.947296,-1.33968
ENSG00000019102,-5.63741,-4.6548,-4.9446,-6.7878
ENSG00000019485,-3.76738,0.563516,0.471446,0.731829
ENSG00000019995,-0.707131,0.4638,-0.4638,1.17757e-16
ENSG00000020129,1.7083,-1.1947,-1.1947,-1.68956
ENSG00000020256,0.446197,0.421261,0.118476,0.381652
ENSG00000020633,-0.969427,1.28924,1.28924,1.82325
ENSG00000020922,0.467923,0.724115,0.246626,0.686417
ENSG00000021300,-1.58798,-3.51521,1.10934,-1.7012
ENSG00000021355,0.61682,-0.422843,0.875078,0.319778
ENSG00000021488,-1.92171,-0.647524,-0.357091,-0.71037
ENSG00000021762,0.413143,1.02922,0.470903,1.06075
ENSG00000022556,-1.44195,-0.875477,-0.366518,-0.878223
ENSG00000022567,-0.534178,-0.567,-2.06154,-1.85866
ENSG00000022840,1.26451,0.138555,1.62403,1.24634
ENSG00000022976,-2.61322,0.263283,1.84336,1.48962
ENSG00000023041,-3.25742,0.418782,-0.878127,-0.324806
ENSG00000023171,-2.91144,-1.92311,1.12005,-0.567847
ENSG00000023191,0.397508,-1.25709,0.42479,-0.588522
ENSG00000023228,-2.45084,0.414649,-1.67904,-0.894063
ENSG00000023516,-0.498496,2.15156,0.114744,1.60252
ENSG00000023572,3.26638,0.0592179,3.30465,2.37861
ENSG00000023608,1.20424,0.749712,-1.70513,-0.675581
ENSG00000023839,2.0093,2.42976,1.85045,3.02656
ENSG00000023892,1.67378,1.21583,0.790259,1.41852
ENSG00000023909,0.999936,0.922631,0.363766,0.90962
ENSG00000024048,-1.72164,0.0198965,3.59417,2.55553
ENSG00000024422,1.58191,2.19739,1.77724,2.81049
ENSG00000024862,0.091807,-1.50117,-0.782243,-1.61462
ENSG00000025039,-0.215237,-2.41874,1.86132,-0.394159
ENSG00000025156,-1.2141,-0.986284,0.00153077,-0.696326
ENSG00000025293,-1.15572,-1.17824,-1.17824,-1.66628
ENSG00000025423,0.624808,1.80868,-1.80868,-1.57009e-16
ENSG00000025434,-0.611287,1.14226,0.285821,1.0098
ENSG00000025708,-4.00938,-0.748959,-0.311377,-0.74977
ENSG00000025770,1.93966,1.79779,0.140147,1.37033
ENSG00000025772,-1.09814,-1.90135,-1.90135,-2.68892
ENSG00000025800,-0.701649,-1.59287,-0.544545,-1.51138
ENSG00000026297,0.308521,0.678463,0.918604,1.1293
ENSG00000026508,-1.55976,-0.0216672,-1.70265,-1.21928
ENSG00000026652,1.82708,0.149247,-0.115387,0.0239429
ENSG00000026950,-0.276716,-0.337483,-2.43937,-1.96353
ENSG00000027001,0.0280507,0.152369,-0.729945,-0.408408
ENSG00000027697,-1.46736,0.306908,-0.0675181,0.169275
ENSG00000027847,2.93604,-0.457287,1.26278,0.569567
ENSG00000028137,0.971436,1.03774,-1.03774,0
ENSG00000028203,-2.35004,-0.526236,-1.44782,-1.39587
ENSG00000028528,2.75883,3.32037,2.72615,4.27554
ENSG00000029153,-0.15196,-2.02486,2.02486,3.14018e-16
ENSG00000029364,-0.800261,-0.695602,2.17034,1.0428
ENSG00000029725,-5.40047,-3.43321,-4.74913,-5.78579
ENSG00000030066,-1.80493,-2.62628,1.33311,-0.91441
ENSG00000030110,-6.90124,-3.07505,-0.561048,-2.57111
ENSG00000030419,-2.54933,-0.954527,-0.933932,-1.33534
ENSG00000030582,-0.665449,0.991414,2.24452,2.28815
ENSG00000031081,-1.94548,-1.35661,-2.21576,-2.52605
ENSG00000031698,1.97535,0.546951,0.548271,0.774438
ENSG00000032444,0.593282,1.10593,0.594965,1.20272
ENSG00000032742,-1.90249,-1.08283,-1.83142,-2.06068
ENSG00000033050,1.63236,-1.35128,0.806644,-0.385113
ENSG00000033100,1.57048,1.86185,1.37662,2.28994
ENSG00000033170,-0.179508,2.9616,2.17754,3.63392
ENSG00000033327,-1.49227,-1.16998,2.5441,0.971649
ENSG00000033627,-0.644379,0.867535,1.0627,1.36488
ENSG00000033800,-1.16298,-3.15365,-1.32981,-3.17029
ENSG00000034152,0.39946,2.14273,2.14273,3.03028
ENSG00000034677,-0.558934,-2.62391,0.444665,-1.54096
ENSG00000034693,-0.783857,0.365115,-0.149893,0.152185
ENSG00000034713,0.0240511,0.866261,0.866261,1.22508
ENSG00000035115,0.112283,1.75603,0.537068,1.62146
ENSG00000035141,-0.918902,0.193242,-0.433975,-0.170224
ENSG00000035499,0.816526,1.04906,1.62719,1.8924
ENSG00000035664,-2.40227,-1.35148,1.50618,0.109388
ENSG00000035687,-1.15175,3.60444,2.3739,4.22733
ENSG00000035928,0.136276,-0.348919,-0.590868,-0.66453
ENSG00000036257,3.31219,-4.05857,1.79137,-1.60315
ENSG00000036448,-1.11112,-1.12924,3.21451,1.47452
ENSG00000037042,1.72485,1.5007,0.333839,1.29722
ENSG00000037474,-3.23401,-4.24616,-3.51576,-5.48851
ENSG00000037637,-0.493443,-1.13634,-1.13634,-1.60703
ENSG00000037757,-0.588525,0.0159035,0.0159035,0.022491
ENSG00000038002,1.51424,1.03316,1.03316,1.4611
ENSG00000038210,0.726443,0.565256,0.208946,0.547444
ENSG00000038219,-1.32337,-4.11137,-3.18888,-5.16206
ENSG00000038427,1.00011,-0.311377,-0.311377,-0.440353
ENSG00000038945,-2.35254,-3.09439,-2.82737,-4.18732
ENSG00000039123,-0.385016,0.955297,0.797664,1.23953
ENSG00000039319,0.545975,1.34272,0.994628,1.65275
ENSG00000039560,-0.561611,-2.01591,-0.217462,-1.57924
ENSG00000039650,-3.00899,-0.486138,0.872321,0.273072
ENSG00000040199,2.32421,3.54751,2.27483,4.11702
ENSG00000040275,-0.654869,-0.207342,-0.163013,-0.26188
ENSG00000040487,1.09114,2.84644,1.21822,2.87415
ENSG00000040531,0.825923,-1.45804,-2.13099,-2.53783
ENSG00000040933,-0.341249,2.02364,2.0209,2.85992
ENSG00000041353,-0.109448,1.87125,0.632933,1.77072
ENSG00000041357,6.95468,5.7797,-0.468424,3.75564
ENSG00000041802,0.982387,0.0984197,0.236214,0.236622
ENSG00000041988,-5.21735,-4.43827,-1.36562,-4.10398
ENSG00000042088,-1.51275,0.399858,1.39873,1.2718
ENSG00000042286,2.23208,0.560769,0.560769,0.793047
ENSG00000042317,-0.639056,1.24992,2.07268,2.34943
ENSG00000042429,-1.43461,-2.04556,-5.4826,-5.32321
ENSG00000042445,1.41802,1.21792,0.144538,0.963406
ENSG00000042493,-0.671271,-0.034485,-0.531597,-0.40028
ENSG00000042753,0.420476,1.12487,-0.6908,0.306933
ENSG00000042832,0.60412,0.744237,0.77935,1.07734
ENSG00000042980,-3.01226,-1.13889,-2.2914,-2.42558
ENSG00000043462,-2.66719,-1.87195,0.154345,-1.21453
ENSG00000043514,-0.940928,-3.13421,-2.15803,-3.74217
ENSG00000044090,2.84936,0.729251,0.683375,0.998877
ENSG00000044459,2.06969,1.2005,3.01315,2.9795
ENSG00000047056,-0.591094,-0.804363,0.976025,0.121383
ENSG00000047188,-0.68315,-0.36367,-0.0679374,-0.305192
ENSG00000047365,-1.69662,-1.66422,1.82285,0.112163
ENSG00000047457,0.817323,1.1635,-1.48145,-0.224825
ENSG00000047579,-0.0126498,0.735449,-0.956057,-0.155993
ENSG00000047932,-3.56382,1.60024,4.25645,4.14131
ENSG00000048140,-2.05883,-0.197407,-0.696582,-0.632146
ENSG00000048162,-0.316094,-0.709772,-0.657839,-0.967048
ENSG00000048342,-0.820422,-1.45597,0.511348,-0.667952
ENSG00000048392,-0.99556,-1.87087,-1.86299,-2.64024
ENSG00000048462,-1.33925,-0.636375,2.08424,1.02379
ENSG00000048471,1.35066,-3.93231,-0.0999932,-2.85127
ENSG00000048544,1.83292,0.0666433,1.5389,1.13529
ENSG00000048649,-0.385361,-0.0647774,-0.0647774,-0.091609
ENSG00000049089,0.413091,0.32755,-0.410322,-0.0585284
ENSG00000049167,3.53775,6.99712,3.4426,7.382
ENSG00000049239,1.42979,0.134751,3.04102,2.24561
ENSG00000049245,0.463798,1.88743,0.59428,1.75484
ENSG00000049449,0.764714,-0.20899,-0.242384,-0.31917
ENSG00000049541,2.34624,1.34684,0.121829,1.0385
ENSG00000049618,1.33606,-3.27731,-3.27731,-4.63482
ENSG00000050165,1.00335,0.389103,-0.206447,0.129157
ENSG00000050344,0.475876,0.888288,0.56093,1.02475
ENSG00000050405,-4.2002,-3.73929,1.50181,-1.58214
ENSG00000050426,-0.112846,-0.755069,-0.72834,-1.04893
ENSG00000050555,1.34788,1.74608,1.21327,2.09258
ENSG00000050748,-1.72718,-1.46769,-0.422529,-1.33658
ENSG00000051009,1.09841,-1.31814,-1.66776,-2.11135
ENSG00000051108,-0.552036,1.16158,1.20807,1.6756
ENSG00000051128,8.0661,0.880518,-0.190464,0.487942
ENSG00000051523,1.36782,-1.76385,-2.15138,-2.76848
ENSG00000051620,0.288739,-0.613337,0.721801,0.076696
ENSG00000051825,6.6048,6.3541,5.60563,8.4568
ENSG00000052126,-0.663934,-0.623083,0.751422,0.090749
ENSG00000052749,-1.79752,-1.98168,-0.325661,-1.63153
ENSG00000052795,2.15268,1.27354,2.03318,2.33821
ENSG00000053108,-1.07965,1.3153,-2.37309,-0.747973
ENSG00000053254,0.947075,1.38904,0.620163,1.42072
ENSG00000053371,1.32273,3.87187,2.91068,4.79599
ENSG00000053372,-1.61892,-0.460057,-0.358602,-0.578879
ENSG00000053438,1.21493,0.452538,0.372878,0.583657
ENSG00000053501,1.20973,0.927982,0.464836,0.984871
ENSG00000053702,2.04999,0.765456,-1.45413,-0.486968
ENSG00000053900,-0.0760418,-0.598105,-0.563448,-0.821342
ENSG00000054118,5.96486,0.402563,0.377066,0.551281
ENSG00000054148,1.06473,1.02039,-1.02039,-1.57009e-16
ENSG00000054179,1.07304,0.293083,-1.72588,-1.01314
ENSG00000054219,-2.71297,-2.03476,-1.60937,-2.57679
ENSG00000054277,3.9619,3.56934,3.18457,4.77574
ENSG00000054282,-6.26884,-4.89237,-10.7149,-11.036
ENSG00000054356,0.0261513,-1.44069,1.17627,-0.186975
ENSG00000054523,1.65732,2.35662,2.01556,3.0916
ENSG00000054611,0.425339,-1.08909,0.246715,-0.595648
ENSG00000054654,-0.745696,1.25133,0.508587,1.24445
ENSG00000054690,0.730677,0.714008,1.24064,1.38215
ENSG00000054793,-2.66825,-0.975652,-1.24384,-1.56942
ENSG00000054983,0.883191,-0.117555,0.838943,0.510099
ENSG00000055130,1.14909,0.325065,2.09304,1.70986
ENSG00000055163,-2.85382,-1.85704,1.22108,-0.44969
ENSG00000055332,-6.68199,-2.94696,-4.44639,-5.22789
ENSG00000055483,2.54403,-2.99282,2.57275,-0.297039
ENSG00000055732,-2.22111,-4.65296,1.5597,-2.18726
ENSG00000055917,-1.15614,-0.304077,0.425739,0.0860284
ENSG00000055950,0.98942,-0.0254697,-0.00627198,-0.0224448
ENSG00000055955,-6.79439,-4.14736,-4.29704,-5.9711
ENSG00000056097,-1.42306,-0.674191,-1.01484,-1.19433
ENSG00000056558,1.1533,-3.10732,-0.692032,-2.68655
ENSG00000056736,2.20698,1.97992,1.49416,2.45654
ENSG00000056972,-1.78498,-0.418943,3.64716,2.2827
ENSG00000057019,0.138921,0.644169,-1.76993,-0.796036
ENSG00000057252,0.683238,0.620965,-1.99019,-0.968185
ENSG00000057608,-2.02848,-1.14302,-0.915686,-1.45573
ENSG00000057704,-1.56708,0.147265,-0.17792,-0.0216762
ENSG00000057935,-0.986187,-1.04547,-0.988894,-1.43852
ENSG00000058056,0.935805,-1.08956,-1.85914,-2.08504
ENSG00000058063,-2.43118,-0.858676,-0.552522,-0.997868
ENSG00000058091,2.56447,1.16277,0.464882,1.15092
ENSG00000058453,2.75491,-0.361071,1.64693,0.909237
ENSG00000058729,0.135799,-0.0689862,0.329069,0.183906
ENSG00000058799,0.299534,-0.0429368,0.244651,0.142633
ENSG00000059122,1.77608,0.684129,1.20391,1.33505
ENSG00000059378,1.1629,1.81325,2.47995,3.03575
ENSG00000059588,-2.11303,-1.88919,1.7963,-0.0656792
ENSG00000059691,-1.54474,-1.47323,-2.82339,-3.03817
ENSG00000059758,1.56071,-1.31525,0.57384,-0.524258
ENSG00000059769,-0.1139,-1.37581,1.51693,0.0997838
ENSG00000059915,-3.71554,-0.578367,-0.578367,-0.817934
ENSG00000060069,-1.61612,-6.90189,2.77555,-2.91777
ENSG00000060138,0.428644,-0.80852,-0.374987,-0.836866
ENSG00000060140,0.173949,-1.42686,1.11109,-0.223279
ENSG00000060491,0.835316,1.13152,1.26568,1.69508
ENSG00000060558,-1.8968,-1.19399,-0.539231,-1.22557
ENSG00000060642,2.71625,2.28321,2.28321,3.22894
ENSG00000060749,-1.15077,-0.919989,-0.74917,-1.18027
ENSG00000060762,1.33511,-1.17518,0.309465,-0.612152
ENSG00000060982,0.279462,1.81271,-2.26299,-0.318399
ENSG00000061273,-1.65212,-0.20886,0.898077,0.48735
ENSG00000061337,0.642248,0.00491184,0.328131,0.235497
ENSG00000061794,0.772537,-1.53794,-0.643272,-1.54235
ENSG00000061918,0.482041,0.416083,0.40964,0.583874
ENSG00000061936,1.65523,1.18989,1.48309,1.89008
ENSG00000061938,-1.41351,1.24985,-0.123147,0.796696
ENSG00000061987,-1.21583,1.09654,0.685704,1.26024
ENSG00000062282,0.0670093,-0.13393,-0.13393,-0.189406
ENSG00000062485,4.2437,-1.89429,-2.99755,-3.45905
ENSG00000062582,-0.128869,0.738146,0.55881,0.917086
ENSG00000062650,-1.99067,-2.26077,1.71938,-0.382818
ENSG00000062716,-1.10228,-0.695435,1.04057,0.244048
ENSG00000063015,-1.64788,0.347591,-1.95027,-1.13327
ENSG00000063046,-0.756971,-0.631303,-1.61171,-1.58605
ENSG00000063127,0.213468,-0.0315742,-0.07616,-0.0761796
ENSG00000063169,-1.22319,-0.717027,0.520821,-0.138738
ENSG00000063176,-4.23693,0.804449,-1.4946,-0.488013
ENSG00000063180,-4.70485,-1.06479,-1.72245,-1.97087
ENSG00000063241,-0.731316,0.000777368,0.224664,0.159411
ENSG00000063244,-0.542115,0.321243,0.321243,0.454306
ENSG00000063245,-0.952283,-0.402061,0.110252,-0.20634
ENSG00000063438,-0.686051,-0.620774,0.0277861,-0.419306
ENSG00000063761,2.34628,2.17594,1.92981,2.9032
ENSG00000063854,1.07754,-0.892884,-1.03802,-1.36535
ENSG00000064012,-0.575213,-0.894564,-0.790032,-1.19119
ENSG00000064042,-3.01265,-1.36101,1.36101,0
ENSG00000064102,-2.07965,-1.6544,0.0330734,-1.14645
ENSG00000064199,2.00679,1.58137,1.51613,2.19026
ENSG00000064201,0.884008,0.175965,-0.61745,-0.312177
ENSG00000064225,0.977916,1.13493,-2.9466,-1.28105
ENSG00000064313,0.786373,1.53079,-0.253152,0.903429
ENSG00000064419,4.48826,0.663093,-3.51713,-2.01811
ENSG00000064490,-1.19276,-1.75614,1.61085,-0.102734
ENSG00000064545,-6.52402,0.348601,-0.564685,-0.152794
ENSG00000064547,-6.90207,-13.7528,-4.78116,-13.1055
ENSG00000064601,-3.71268,0.402387,-2.35615,-1.38152
ENSG00000064607,1.19134,1.19021,2.56023,2.65196
ENSG00000064652,0.0455133,-0.0282081,0.547934,0.367502
ENSG00000064666,-0.0216246,0.0291306,-3.90883,-2.74336
ENSG00000064687,2.05757,-0.603262,-0.240976,-0.596967
ENSG00000064703,0.965613,-0.798594,0.290865,-0.359019
ENSG00000064726,1.20929,-1.01163,3.52063,1.77414
ENSG00000064763,-3.17514,1.68197,0.623247,1.63003
ENSG00000064886,0.489588,0.731125,2.13287,2.02515
ENSG00000064933,-1.47143,-0.449167,-0.207764,-0.46452
ENSG00000064989,-0.571806,-0.0455151,-0.922299,-0.684348
ENSG00000064999,0.683814,-0.0125774,0.711657,0.494324
ENSG00000065000,6.73247,-1.51718,0.986285,-0.375401
ENSG00000065060,0.156376,-0.772579,-0.772579,-1.09259
ENSG00000065154,0.0687315,0.897582,-0.111845,0.5556
ENSG00000065183,1.2744,0.331015,0.331015,0.468126
ENSG00000065268,-1.09078,-1.47819,-0.803948,-1.61372
ENSG00000065308,1.58128,-0.313546,0.985039,0.474817
ENSG00000065328,0.15989,-0.698352,-1.95511,-1.87628
ENSG00000065357,2.0283,2.35173,0.550006,2.05184
ENSG00000065413,-8.48326,2.60946,4.24352,4.84579
ENSG00000065427,1.38905,0.312065,-1.40667,-0.774
ENSG00000065457,-1.01581,-0.562346,-1.23872,-1.27355
ENSG00000065485,-0.0330228,2.76672,-0.412575,1.66463
ENSG00000065491,-2.42034,0.515386,0.515386,0.728865
ENSG00000065518,0.207804,-2.37152,1.20037,-0.828127
ENSG00000065526,0.853124,-0.135469,1.44738,0.92766
ENSG00000065548,0.0985249,0.0857857,0.0857857,0.121319
ENSG00000065559,-0.970555,-0.490233,-0.249688,-0.523204
ENSG00000065600,-1.70849,-1.68945,1.00323,-0.485225
ENSG00000065615,5.34788,1.07918,1.07918,1.5262
ENSG00000065621,-3.99481,-0.6954,2.98537,1.61925
ENSG00000065665,2.78937,-0.302559,2.33807,1.43933
ENSG00000065717,-1.32657,-0.329685,-0.552504,-0.623802
ENSG00000065802,0.36105,-0.206711,-0.296321,-0.355697
ENSG00000065833,6.29217,-2.67044,-2.49503,-3.65254
ENSG00000065882,-1.47194,1.55947,2.8013,3.08353
ENSG00000065989,0.584998,0.970142,-0.221334,0.529487
ENSG00000066027,-2.32389,-2.91811,-3.25845,-4.36749
ENSG00000066044,-0.306599,1.38319,1.38319,1.95613
ENSG00000066084,4.34817,-3.66196,-3.32722,-4.94209
ENSG00000066117,-4.1957,-3.60827,-3.48864,-5.01827
ENSG00000066136,-1.53583,-1.87738,-1.87738,-2.65502
ENSG00000066185,-1.55766,-0.915092,-0.112082,-0.726322
ENSG00000066294,-0.553975,0.344391,-0.0182476,0.230618
ENSG00000066379,7.07522,3.06561,-0.770279,1.62304
ENSG00000066427,0.643268,1.41643,-0.60242,0.575593
ENSG00000066455,2.78739,-1.57756,-0.772369,-1.66165
ENSG00000066697,-2.04695,-2.65117,-0.102934,-1.94744
ENSG00000066735,7.26393,0.634348,-1.33648,-0.496485
ENSG00000066739,-1.01181,-0.635266,-0.264962,-0.636558
ENSG00000066827,-2.2414,0.232982,0.669636,0.638248
ENSG00000066855,-2.46197,-1.99199,-3.07521,-3.58305
ENSG00000066923,1.91747,1.63089,-1.25009,0.269261
ENSG00000066926,-0.550162,-0.373037,-0.383969,-0.535284
ENSG00000066933,2.36321,2.76383,1.74442,3.18781
ENSG00000067057,-0.0324503,-0.760049,-0.984982,-1.23392
ENSG00000067167,1.1919,1.12754,-0.440388,0.485891
ENSG00000067208,-3.50481,-2.80331,-5.66428,-5.9875
ENSG00000067221,-0.200034,-0.186002,-0.770392,-0.676273
ENSG00000067225,-1.3205,-1.83552,-0.119192,-1.38219
ENSG00000067248,-0.65722,-0.162925,-1.436,-1.13061
ENSG00000067334,-1.09156,-0.230527,0.736608,0.357853
ENSG00000067365,-1.52361,1.29556,0.882689,1.54026
ENSG00000067533,1.23838,0.136753,0.0370537,0.1229
ENSG00000067596,1.63969,1.35633,1.35633,1.91815
ENSG00000067606,1.55485,3.26605,-1.19727,1.46285
ENSG00000067704,1.96281,0.513777,-0.370193,0.101529
ENSG00000067715,0.645781,0.906864,-1.82947,-0.652382
ENSG00000067836,-5.9122,-2.42421,-2.42421,-3.42835
ENSG00000067900,1.04644,1.70443,1.14514,2.01495
ENSG00000067955,1.69736,-0.483018,-0.483018,-0.68309
ENSG00000068001,1.57556,-1.38793,-1.38793,-1.96282
ENSG00000068079,-1.44017,-0.0258116,0.20544,0.127016
ENSG00000068097,0.192867,0.402796,0.827389,0.869872
ENSG00000068137,1.01805,-2.59819,-3.10203,-4.03066
ENSG00000068305,-2.0973,-2.688,-1.80558,-3.17744
ENSG00000068383,0.97013,-0.0862846,1.36025,0.90083
ENSG00000068489,2.16031,1.62403,1.62403,2.29673
ENSG00000068615,1.18881,0.323552,1.30774,1.1535
ENSG00000068650,-1.02686,0.480047,-1.58345,-0.780222
ENSG00000068654,-1.63506,-2.14644,-2.40441,-3.21793
ENSG00000068697,1.86261,-0.82942,-2.5783,-2.40962
ENSG00000068745,1.47919,0.847842,0.852674,1.20245
ENSG00000068784,-1.71861,-0.6373,-1.83819,-1.75044
ENSG00000068796,2.61064,1.31448,2.97731,3.03475
ENSG00000068971,-1.33753,-4.93783,-1.1291,-4.28997
ENSG00000069188,-2.13417,-2.51157,-1.10162,-2.55491
ENSG00000069275,-1.97047,-2.24125,-2.3642,-3.25654
ENSG00000069345,-2.61457,-1.1702,-1.1702,-1.65491
ENSG00000069424,1.09785,0.351973,0.962649,0.929578
ENSG00000069493,0.375041,0.810203,1.15477,1.38945
ENSG00000069849,0.433171,1.00225,1.04662,1.44876
ENSG00000069869,-0.830147,-2.21853,-1.62497,-2.71777
ENSG00000069943,1.0869,3.0496,2.65446,4.03339
ENSG00000069966,-1.64943,0.0214646,0.284871,0.216612
ENSG00000069974,-2.13673,-2.46355,2.49127,0.0195997
ENSG00000069998,2.06907,1.28501,2.06516,2.36893
ENSG00000070018,-2.87667,-0.0801948,-1.15811,-0.875614
ENSG00000070019,-2.32665,-0.666746,-3.22143,-2.74935
ENSG00000070047,-2.13406,-0.209774,-0.74281,-0.673579
ENSG00000070061,-1.31206,-2.08475,-2.66358,-3.35758
ENSG00000070081,4.77187,3.01089,3.65137,4.71093
ENSG00000070087,0.487677,0.818664,-1.08749,-0.190085
ENSG00000070190,3.02705,2.46648,2.33252,3.39341
ENSG00000070371,-1.51248,-2.227,-0.0586807,-1.61622
ENSG00000070404,-0.266695,1.33027,1.23018,1.81051
ENSG00000070413,2.34702,-0.125326,-1.72951,-1.31157
ENSG00000070476,-1.36116,-0.620602,-1.98293,-1.84098
ENSG00000070495,-1.84323,-2.54051,1.80886,-0.517354
ENSG00000070526,2.01246,2.1546,-1.81461,0.240409
ENSG00000070540,-1.93724,-1.40539,-0.238942,-1.16272
ENSG00000070610,1.38757,0.494164,-0.487786,0.00450982
ENSG00000070669,1.19278,0.741251,-0.221054,0.367835
ENSG00000070718,1.96944,2.33993,1.99971,3.06859
ENSG00000070731,-1.42862,0.937636,-0.937322,0.000221721
ENSG00000070759,-1.003,-0.908736,-0.0505177,-0.678295
ENSG00000070761,2.36366,-0.194667,1.36706,0.829006
ENSG00000070770,-1.10273,2.24579,1.94007,2.95986
ENSG00000070814,-1.09151,-0.403278,-0.527785,-0.65836
ENSG00000070882,0.864052,1.11346,-3.14284,-1.43499
ENSG00000070950,-0.268909,-0.629481,-0.598835,-0.868551
ENSG00000071243,2.47933,2.3983,2.3983,3.39171
ENSG00000071246,0.379719,0.187939,2.0174,1.55941
ENSG00000071462,-1.80464,-0.589453,-1.32139,-1.35117
ENSG00000071537,3.32628,-0.147539,-0.147539,-0.208651
ENSG00000071539,0.852251,-0.107435,-0.107435,-0.151936
ENSG00000071575,1.5497,0.768925,1.3091,1.46939
ENSG00000071655,-0.548789,-0.844,1.9321,0.769405
ENSG00000071794,0.389617,0.191017,0.166792,0.253009
ENSG00000071894,-0.21658,0.146975,2.25944,1.70159
ENSG00000071967,-1.29798,-1.61957,-0.265259,-1.33278
ENSG00000071994,-8.26117,0.178764,2.13369,1.63515
ENSG00000072042,0.50588,-0.259513,-1.22967,-1.05301
ENSG00000072062,-0.844131,0.212645,-0.405015,-0.136026
ENSG00000072071,-2.01642,-1.46852,-2.33224,-2.68754
ENSG00000072110,-0.0583884,1.82979,-0.583584,0.881198
ENSG00000072121,0.647489,-1.02374,-1.03342,-1.45463
ENSG00000072135,0.855676,2.3548,2.3548,3.33019
ENSG00000072163,1.57094,1.26116,0.533946,1.26933
ENSG00000072195,0.693676,1.88743,-0.372889,1.07094
ENSG00000072210,-0.0919384,-0.0211905,-0.306855,-0.231963
ENSG00000072274,-1.53414,0.115326,0.550354,0.470707
ENSG00000072364,-0.797393,0.0312453,0.794505,0.583893
ENSG00000072415,2.03016,2.44553,1.39059,2.71254
ENSG00000072422,0.559623,-0.585861,-1.03676,-1.14736
ENSG00000072518,2.2168,2.97082,2.51093,3.87618
ENSG00000072682,-1.27277,1.11257,-1.05616,0.0398861
ENSG00000072694,-0.017045,0.932069,-0.462843,0.331793
ENSG00000072736,2.28161,-3.46406,-2.03403,-3.88774
ENSG00000072756,1.50471,1.08144,-0.169417,0.644901
ENSG00000072803,1.2372,1.57995,-0.463406,0.789519
ENSG00000072818,2.37149,1.50454,0.331253,1.2981
ENSG00000072832,1.85281,2.64389,0.609359,2.30039
ENSG00000072840,1.9878,-1.79767,-0.446754,-1.58705
ENSG00000072849,3.35691,1.98045,1.11879,2.19149
ENSG00000072864,0.421338,0.927772,0.958418,1.33374
ENSG00000072952,1.56047,1.3906,0.479457,1.32233
ENSG00000072958,1.53863,0.849093,0.580538,1.0109
ENSG00000073008,-0.000206279,0.992994,-0.582439,0.290306
ENSG00000073050,0.414246,0.56755,0.0751081,0.454428
ENSG00000073150,2.42255,0.612891,0.198798,0.573951
ENSG00000073169,2.24205,3.37461,0.62639,2.82914
ENSG00000073331,-1.08785,-1.2162,-0.291349,-1.06599
ENSG00000073350,-2.67455,-1.35207,-0.266075,-1.1442
ENSG00000073536,-0.953353,-0.935842,-0.413937,-0.954438
ENSG00000073578,-0.55564,-1.28456,0.573308,-0.502932
ENSG00000073584,0.533798,-0.381418,-0.209791,-0.418047
ENSG00000073605,3.13414,1.82041,0.0478004,1.32102
ENSG00000073614,1.63889,-0.635321,-0.62354,-0.89015
ENSG00000073711,3.0425,3.94576,1.97112,4.18387
ENSG00000073803,2.37503,1.94092,0.613333,1.80613
ENSG00000073849,0.259878,1.71602,1.68157,2.40246
ENSG00000073921,-0.146142,-2.14715,1.1036,-0.737904
ENSG00000074054,-3.11955,-2.135,-2.1749,-3.04756
ENSG00000074071,-2.46292,1.15452,-0.257279,0.634446
ENSG00000074201,0.0167794,-0.0563155,-0.0492785,-0.0746663
ENSG00000074266,0.379626,0.546287,-1.60073,-0.745603
ENSG00000074276,-1.08546,1.45798,-1.21088,0.17473
ENSG00000074319,0.604353,-0.00892812,-0.833064,-0.595378
ENSG00000074356,-1.74053,0.325925,0.146649,0.33416
ENSG00000074370,-3.12419,-1.77179,4.83195,2.16386
ENSG00000074410,-0.631071,-0.152497,-1.56741,-1.21616
ENSG00000074416,1.74006,1.14822,0.0756409,0.865398
ENSG00000074582,-0.910136,-0.862275,-0.862275,-1.21944
ENSG00000074590,0.762998,1.89107,-1.89932,-0.00583059
ENSG00000074621,-1.2599,0.70006,0.70006,0.990035
ENSG00000074660,-2.25567,-1.69949,-1.0041,-1.91173
ENSG00000074755,3.08907,2.72105,2.52648,3.71056
ENSG00000074842,0.12348,0.919482,0.893688,1.28211
ENSG00000074966,1.71332,1.76289,1.41136,2.24454
ENSG00000075073,-2.32725,-0.667752,-1.85877,-1.78652
ENSG00000075089,0.090252,-1.88282,0.199926,-1.18999
ENSG00000075142,0.139395,1.21328,-0.674468,0.380994
ENSG00000075151,2.07685,2.21576,1.68982,2.76166
ENSG00000075188,1.10093,0.999737,-0.0814666,0.649316
ENSG00000075223,0.395117,-2.21757,0.149328,-1.46247
ENSG00000075234,0.848849,0.519478,0.472243,0.701253
ENSG00000075239,-1.09735,-0.632525,-2.09665,-1.92982
ENSG00000075240,-0.778514,-0.977145,-0.81365,-1.26628
ENSG00000075275,-0.224799,1.69835,-1.47168,0.16028
ENSG00000075303,-0.111933,-0.446343,-2.24197,-1.90092
ENSG00000075340,-0.723541,-1.29663,2.61569,0.932714
ENSG00000075399,-1.22822,0.0031136,-0.0587101,-0.0393127
ENSG00000075413,-2.60138,-4.24449,-2.67058,-4.8897
ENSG00000075415,1.2135,1.56927,1.55849,2.21166
ENSG00000075426,-5.06211,2.3717,0.56739,2.07825
ENSG00000075568,2.79655,1.29258,0.17204,1.03565
ENSG00000075618,2.98728,-0.215219,-1.37022,-1.12108
ENSG00000075651,-1.11448,-1.44624,-1.34188,-1.9715
ENSG00000075702,-0.656524,-0.280795,1.50191,0.863456
ENSG00000075790,-0.737886,-0.84147,-0.576651,-1.00276
ENSG00000075884,0.666563,-1.95313,0.34846,-1.13468
ENSG00000075914,0.835608,2.7668,-0.204267,1.81199
ENSG00000075975,-0.726888,3.08114,1.57509,3.29246
ENSG00000076053,-1.01671,-0.714959,-1.37007,-1.47433
ENSG00000076067,-3.89854,-3.08318,-2.05539,-3.63352
ENSG00000076108,-0.184996,0.504047,-0.310995,0.136508
ENSG00000076242,-3.27604,-1.16483,0.840251,-0.229511
ENSG00000076248,-0.727254,-0.0782961,-1.17009,-0.882743
ENSG00000076258,1.82878,1.88625,0.514799,1.6978
ENSG00000076321,-4.81162,-5.48874,-4.89022,-7.33903
ENSG00000076356,1.91312,0.624398,-1.48692,-0.609896
ENSG00000076513,4.96895,4.28302,-1.5239,1.951
ENSG00000076554,1.45125,1.40391,-0.767089,0.450303
ENSG00000076555,1.10171,-0.096202,2.83177,1.93434
ENSG00000076650,0.923667,-1.68863,-1.31843,-2.12631
ENSG00000076662,0.0803404,-1.08709,-1.08709,-1.53738
ENSG00000076944,0.99464,-0.470494,0.755296,0.201385
ENSG00000077044,0.640384,0.985647,-0.817316,0.119028
ENSG00000077092,0.712539,-0.601555,-0.0534164,-0.463135
ENSG00000077097,-0.26281,-0.0721902,-0.0721902,-0.102092
ENSG00000077157,1.82956,-0.338098,-0.628285,-0.683336
ENSG00000077235,-1.7151,-1.72885,-1.63306,-2.37723
ENSG00000077238,-0.226562,-0.331692,0.412545,0.0571717
ENSG00000077312,-0.145418,0.717559,-0.172285,0.385567
ENSG00000077348,-0.664235,-1.39702,0.746006,-0.460335
ENSG00000077458,-1.49983,-1.15763,0.0363491,-0.792864
ENSG00000077463,-0.423447,-0.761602,-0.634607,-0.987269
ENSG00000077549,-1.58166,0.208936,-2.57892,-1.67583
ENSG00000077585,-0.629807,-1.34817,1.18393,-0.116138
ENSG00000077616,1.29492,-0.411118,1.34477,0.660193
ENSG00000077782,2.92012,2.48382,3.54565,4.26348
ENSG00000077984,-1.57318,-0.657085,-0.527059,-0.837316
ENSG00000078018,2.25897,2.85527,3.43199,4.44576
ENSG00000078043,2.38624,2.79019,1.91242,3.32525
ENSG00000078070,-1.80365,-0.755819,-0.932078,-1.19352
ENSG00000078124,2.49153,0.931835,0.850764,1.26049
ENSG00000078142,0.468723,1.50417,0.581364,1.47469
ENSG00000078177,-1.05426,-1.15244,0.734122,-0.295797
ENSG00000078246,-2.61223,0.333807,-0.152107,0.128481
ENSG00000078399,-1.19304,-0.173897,0.766935,0.419341
ENSG00000078618,0.702797,-0.460659,-0.622266,-0.765744
ENSG00000078674,-0.854157,-0.3859,-1.05254,-1.01713
ENSG00000078814,4.28824,3.4263,3.23131,4.70764
ENSG00000078902,1.38232,2.2154,-1.38334,0.588358
ENSG00000078967,0.485815,-0.14728,-0.0414933,-0.133483
ENSG00000079150,2.87139,1.71043,1.63678,2.36684
ENSG00000079156,0.181192,0.206957,-0.327934,-0.0855435
ENSG00000079215,1.51123,0.617788,0.280065,0.634878
ENSG00000079246,-0.680476,-4.32517,-1.19656,-3.90445
ENSG00000079257,1.52838,-0.133766,-0.813973,-0.670153
ENSG00000079263,2.29957,0.826495,-2.33335,-1.06551
ENSG00000079277,1.10452,1.14728,0.205626,0.956651
ENSG00000079313,1.97204,0.970669,-0.599599,0.262386
ENSG00000079332,-2.07399,-1.50503,-1.43866,-2.0815
ENSG00000079335,0.138001,0.276366,0.274705,0.389667
ENSG00000079337,-2.21782,-1.11982,0.043093,-0.761359
ENSG00000079459,2.02245,0.118345,0.373264,0.34762
ENSG00000079462,0.939627,1.86857,1.87348,2.64603
ENSG00000079691,0.0560957,2.06738,-0.371765,1.19898
ENSG00000079739,-0.635314,0.875344,1.39663,1.60653
ENSG00000079785,0.0567383,-0.317737,0.384117,0.0469378
ENSG00000079819,0.525183,-0.3135,-0.582393,-0.633492
ENSG00000079931,1.25069,1.34092,-0.0107738,0.940556
ENSG00000079950,-2.61343,-2.20116,0.241397,-1.38576
ENSG00000080007,-0.0750842,0.534208,0.534208,0.755485
ENSG00000080200,-2.54599,-2.60453,-2.60453,-3.68337
ENSG00000080345,0.333283,1.34046,-4.58433,-2.29377
ENSG00000080493,-0.449904,1.68367,0.0322645,1.21335
ENSG00000080503,1.82996,-0.248647,0.660289,0.291074
ENSG00000080573,-1.9923,-2.76063,1.16361,-1.12927
ENSG00000080802,2.3288,-0.929604,2.50541,1.11426
ENSG00000080815,0.667811,-0.584782,-1.92143,-1.77216
ENSG00000080819,0.656286,1.36139,-0.141213,0.862795
ENSG00000080823,-1.22913,-0.637521,-0.637521,-0.901591
ENSG00000080839,-1.20482,-1.84875,-2.11541,-2.80309
ENSG00000080854,-6.81119,-7.74368,-4.93685,-8.96649
ENSG00000081014,-1.23472,2.21744,3.3388,3.92886
ENSG00000081052,-0.936164,-1.31323,0.0884036,-0.866085
ENSG00000081320,-2.93825,-0.446202,-1.67817,-1.50215
ENSG00000081386,-1.45343,0.443086,0.443086,0.626618
ENSG00000081665,0.126123,1.2566,0.303776,1.10335
ENSG00000081692,-0.455048,1.07575,1.04732,1.50124
ENSG00000081721,0.0270708,-1.26732,-0.131789,-0.989322
ENSG00000081760,1.14302,0.509795,0.275069,0.554983
ENSG00000081791,-0.933607,0.872968,0.0600355,0.659733
ENSG00000081870,0.952884,0.680263,-0.680263,0
ENSG00000081923,0.541327,-0.829487,0.829487,-7.85046e-17
ENSG00000082146,-0.854767,-0.0109885,0.0109885,0
ENSG00000082196,0.0293693,-0.0319197,-0.471446,-0.355933
ENSG00000082212,0.4678,1.77495,0.185052,1.38593
ENSG00000082213,0.0390008,0.615726,0.581005,0.846216
ENSG00000082258,2.44192,1.32059,1.62561,2.08328
ENSG00000082269,6.15855,3.82419,-3.82419,-3.14018e-16
ENSG00000082293,-0.184496,-1.96852,-0.790331,-1.9508
ENSG00000082512,-2.99984,-2.74053,-2.03304,-3.37542
ENSG00000082641,1.46923,0.999785,-0.916003,0.0592426
ENSG00000082781,-1.45409,0.379871,2.51701,2.04841
ENSG00000082805,-0.755254,-0.0673313,-0.0884118,-0.110127
ENSG00000082996,0.655391,-0.137022,-1.31764,-1.0286
ENSG00000083093,1.80953,-0.0969196,-0.0969196,-0.137065
ENSG00000083097,-2.41307,-3.50067,0.521198,-2.10681
ENSG00000083099,2.5733,1.01802,1.98871,2.12608
ENSG00000083123,-0.0910871,0.528253,0.703229,0.870789
ENSG00000083290,-3.12492,-2.7019,1.17791,-1.07762
ENSG00000083312,-0.331768,0.0984197,-0.765514,-0.471707
ENSG00000083457,-2.09819,1.07054,0.550335,1.14613
ENSG00000083544,1.26156,1.54016,-0.958632,0.411201
ENSG00000083720,-1.30186,-1.21665,-1.21665,-1.7206
ENSG00000083799,-3.01478,2.64228,4.26089,4.88128
ENSG00000083828,0.584254,0.116809,0.600743,0.507386
ENSG00000083838,3.34085,1.04526,1.04526,1.47823
ENSG00000083844,-0.802255,1.25906,2.08784,2.36662
ENSG00000083845,-3.4007,-1.35601,-1.3411,-1.90715
ENSG00000083937,1.27121,0.686444,1.00396,1.1953
ENSG00000084073,-0.848074,-2.3108,0.291223,-1.42806
ENSG00000084090,-3.35644,3.11307,1.0646,2.95405
ENSG00000084092,-0.957303,-0.927772,-1.4942,-1.7126
ENSG00000084093,-1.57522,1.41292,1.41292,1.99817
ENSG00000084110,0.788951,0.911697,-0.258725,0.461721
ENSG00000084463,-1.17471,1.41583,0.195236,1.1392
ENSG00000084652,1.82922,0.616566,0.616566,0.871956
ENSG00000084676,0.796767,0.604615,0.668491,0.900222
ENSG00000084733,-0.313258,2.08402,1.13338,2.27505
ENSG00000084754,1.48173,-3.05287,-3.10953,-4.35747
ENSG00000084774,-3.74289,-2.82612,-3.27678,-4.3154
ENSG00000085063,-0.115828,-1.25746,-1.25746,-1.77831
ENSG00000085117,2.02552,0.301917,1.18526,1.05159
ENSG00000085231,0.345227,-1.05697,-0.587074,-1.16252
ENSG00000085265,2.14333,3.03087,1.62626,3.29309
ENSG00000085377,-0.00281231,0.00214167,0.535043,0.379847
ENSG00000085382,-1.69082,-0.775407,-0.0804316,-0.605169
ENSG00000085415,0.336163,-0.688346,-3.02054,-2.62258
ENSG00000085433,-0.271624,-1.15736,-1.59388,-1.94542
ENSG00000085449,0.162595,1.02302,0.968899,1.4085
ENSG00000085465,0.645312,0.533971,-0.241633,0.206714
ENSG00000085491,-1.59385,-1.25395,2.90696,1.16885
ENSG00000085511,-1.56315,1.40633,1.40633,1.98885
ENSG00000085552,-0.313638,0.762726,-0.762726,7.85046e-17
ENSG00000085563,-2.03873,-2.03794,-2.03794,-2.88209
ENSG00000085719,-0.0412367,-0.157193,-0.594712,-0.531678
ENSG00000085733,2.10787,1.66656,1.66656,2.35687
ENSG00000085760,-0.332158,-0.968842,-0.628316,-1.12936
ENSG00000085831,0.697711,1.14411,1.07054,1.566
ENSG00000085832,1.09405,0.622109,1.33345,1.38279
ENSG00000085871,-0.608245,-1.83725,-0.68842,-1.78592
ENSG00000085872,-1.50017,-0.511385,-0.398194,-0.643169
ENSG00000085978,1.09079,1.0935,-1.05449,0.0275799
ENSG00000085982,1.16567,2.04016,-1.98439,0.0394392
ENSG00000085998,-0.63375,0.189864,0.632565,0.581546
ENSG00000086015,0.634769,0.477465,1.27686,1.24049
ENSG00000086061,-1.40339,1.42341,-2.37602,-0.6736
ENSG00000086062,-1.93622,-0.679227,1.14945,0.3325
ENSG00000086200,-2.08301,-1.19784,-1.0539,-1.59222
ENSG00000086288,-0.752172,-2.0551,-0.643341,-1.90809
ENSG00000086289,1.22171,0.126132,-0.538718,-0.291743
ENSG00000086544,0.223938,-0.232908,2.34914,1.4964
ENSG00000086598,-0.939438,-1.42942,-1.64886,-2.17667
ENSG00000086619,0.887386,0.0833667,-0.0727801,0.00748586
ENSG00000086730,2.1537,0.167476,0.1241,0.206175
ENSG00000086827,-2.69767,-1.10839,1.10839,0
ENSG00000087008,-0.414379,1.26687,0.961443,1.57566
ENSG00000087053,1.51308,1.35618,-1.14628,0.148426
ENSG00000087074,0.402812,0.270863,-0.206718,0.0453576
ENSG00000087076,-1.15472,-0.0693312,0.019998,-0.0348838
ENSG00000087077,-3.78466,-0.639372,3.52571,2.04095
ENSG00000087085,3.80495,3.56649,3.56649,5.04377
ENSG00000087086,-1.98338,1.38465,-1.38465,3.14018e-16
ENSG00000087157,-0.388029,-1.04507,-0.977981,-1.43052
ENSG00000087206,-1.14108,0.117446,0.343783,0.326138
ENSG00000087253,0.318225,-0.527247,-1.18677,-1.21199
ENSG00000087258,-1.13696,0.627822,0.314266,0.666157
ENSG00000087263,3.02923,4.03363,2.86226,4.87613
ENSG00000087266,-1.77337,-2.36785,-0.197011,-1.81363
ENSG00000087274,-2.43627,-1.77657,-2.15594,-2.78071
ENSG00000087301,3.7736,1.42119,1.4092,2.00139
ENSG00000087302,-0.176231,-0.619067,1.0053,0.273111
ENSG00000087338,2.41898,-0.0462847,0.0462847,0
ENSG00000087502,1.70855,1.47398,-0.827201,0.457344
ENSG00000087884,0.0524963,-0.0647774,-0.0647774,-0.091609
ENSG00000087903,-1.91651,0.622793,-0.092681,0.374846
ENSG00000087995,-2.18586,2.23731,2.23731,3.16404
ENSG00000088002,4.74135,1.55062,1.54433,2.18846
ENSG00000088035,0.654475,0.913131,0.843655,1.24224
ENSG00000088053,-1.16349,1.00805,-0.688116,0.226224
ENSG00000088179,-0.020006,0.484427,1.01841,1.06266
ENSG00000088247,-1.89025,-0.0647678,-0.0674698,-0.0935061
ENSG00000088280,1.63322,1.03135,1.92128,2.08782
ENSG00000088298,-4.81169,-3.91733,-3.93033,-5.54913
ENSG00000088305,-1.11248,0.435349,2.04128,1.75124
ENSG00000088387,0.227947,-1.79413,-0.872021,-1.88526
ENSG00000088448,2.91235,-0.405678,-5.61742,-4.25897
ENSG00000088451,-1.95223,-0.741523,-0.741523,-1.04867
ENSG00000088682,-1.76521,-2.4653,-1.43734,-2.75958
ENSG00000088726,0.981122,3.12603,-0.308171,1.99253
ENSG00000088812,0.174887,-0.310387,1.12885,0.578743
ENSG00000088826,-1.53593,0.34961,-0.34961,1.17757e-16
ENSG00000088832,3.11416,-2.13347,-1.48977,-2.56202
ENSG00000088833,2.76589,1.3145,2.5275,2.71671
ENSG00000088854,-2.78144,-2.10926,3.9326,1.2893
ENSG00000088876,-2.34186,-0.783655,-0.884448,-1.17953
ENSG00000088882,1.67402,-0.360097,-1.04622,-0.994419
ENSG00000088888,0.923916,-2.53958,-1.64564,-2.9594
ENSG00000088899,-1.92722,-1.6359,0.951264,-0.484108
ENSG00000088930,3.9313,-1.09368,0.760958,-0.23527
ENSG00000088970,3.89841,0.827496,0.841697,1.1803
ENSG00000088986,-2.94066,-0.324934,-0.725621,-0.742854
ENSG00000088992,-1.67972,-1.70441,-0.261317,-1.38998
ENSG00000089006,-0.0153314,-0.544,-0.151261,-0.491624
ENSG00000089012,-2.47716,-4.75733,0.711235,-2.86102
ENSG00000089041,-0.103693,-2.62572,-0.865466,-2.46864
ENSG00000089048,-0.498638,-0.655262,-1.97501,-1.85988
ENSG00000089050,-1.58497,-0.922899,1.3174,0.278957
ENSG00000089053,-0.778357,-1.06107,0.770714,-0.205315
ENSG00000089063,-0.748895,0.820708,-0.0390526,0.552714
ENSG00000089091,0.162322,-1.22871,-1.50039,-1.92976
ENSG00000089123,-1.84446,-2.74434,-0.977188,-2.63151
ENSG00000089154,-1.02592,0.269154,-0.689393,-0.297154
ENSG00000089157,0.846992,-0.464709,-0.793016,-0.889346
ENSG00000089163,0.778134,-2.175,-2.4054,-3.23883
ENSG00000089177,2.79775,2.93899,0.320833,2.30504
ENSG00000089195,1.40903,-0.173542,1.19005,0.718782
ENSG00000089220,-1.29075,-0.848839,-0.557949,-0.994749
ENSG00000089248,-0.54434,-0.722771,-0.722771,-1.02215
ENSG00000089327,-1.00544,-0.33141,-0.516918,-0.599858
ENSG00000089335,1.04289,1.41934,1.14689,1.8146
ENSG00000089351,1.39084,0.74324,0.0908722,0.589807
ENSG00000089505,2.07386,2.12888,2.12888,3.01069
ENSG00000089597,-0.269575,-0.216732,-0.216732,-0.306506
ENSG00000089639,4.25553,-5.60532,-4.00096,-6.79267
ENSG00000089693,-1.29366,0.886039,-3.47418,-1.83009
ENSG00000089737,-0.729447,0.986588,1.75253,1.93685
ENSG00000089847,-0.949314,-0.542016,-1.13329,-1.18462
ENSG00000089902,-3.19475,-1.08454,-3.31861,-3.11349
ENSG00000089916,4.41178,-1.36004,-0.582499,-1.37358
ENSG00000090013,-0.969773,-0.0346962,-0.0346962,-0.0490678
ENSG00000090020,3.33881,5.79936,-3.57734,1.57121
ENSG00000090054,0.697128,-2.66945,-3.0648,-4.05472
ENSG00000090104,-2.27321,-0.96672,0.637807,-0.232576
ENSG00000090238,-7.45916,-4.89618,-4.89102,-6.9206
ENSG00000090266,1.59741,-0.266646,-0.266646,-0.377095
ENSG00000090372,0.946124,0.20232,0.20232,0.286124
ENSG00000090376,0.0190129,-1.20646,-0.666439,-1.32434
ENSG00000090382,-0.454409,0.310101,0.342466,0.461435
ENSG00000090432,1.63695,-0.392411,1.66641,0.900852
ENSG00000090487,0.630671,0.748248,0.931349,1.18765
ENSG00000090530,-0.0439188,0.705968,0.317819,0.723927
ENSG00000090565,1.38422,-0.144997,-0.259824,-0.286252
ENSG00000090581,0.496551,0.48,-1.85341,-0.971151
ENSG00000090612,1.20924,1.41502,-0.360127,0.745919
ENSG00000090615,0.289053,-2.0887,1.1769,-0.644742
ENSG00000090621,2.69538,1.90259,0.749016,1.87497
ENSG00000090674,0.598766,0.985498,0.573717,1.10253
ENSG00000090686,-2.68524,-2.04724,-3.05291,-3.60635
ENSG00000090861,-0.602054,2.1334,-2.24724,-0.0804976
ENSG00000090924,-3.77129,-2.21212,1.43893,-0.546728
ENSG00000090989,1.44028,2.79992,2.79992,3.95968
ENSG00000091039,-0.954637,2.03154,-0.173322,1.31396
ENSG00000091106,-1.00198,-0.439778,-0.439778,-0.62194
ENSG00000091127,2.49286,2.89088,0.552334,2.43472
ENSG00000091140,0.889457,0.781964,0.660247,1.0198
ENSG00000091164,1.77419,-0.770062,0.453963,-0.223515
ENSG00000091262,1.08054,0.891057,0.891057,1.26015
ENSG00000091317,0.818767,0.0229862,-1.28719,-0.893927
ENSG00000091409,4.61859,0.584582,-0.423401,0.113972
ENSG00000091483,0.452508,-1.82942,0.665403,-0.823084
ENSG00000091490,0.170227,-0.743961,0.152562,-0.418182
ENSG00000091542,-4.45981,0.0196802,-1.10259,-0.765732
ENSG00000091592,4.65241,1.85132,1.84963,2.61697
ENSG00000091640,2.15709,0.576062,0.854441,1.01152
ENSG00000091651,-0.965984,-1.51206,-1.52353,-2.14649
ENSG00000091732,0.901085,1.88653,1.88653,2.66795
ENSG00000091947,-0.147668,0.875992,0.276065,0.814627
ENSG00000091972,-0.0438714,0.293854,-0.92678,-0.447547
ENSG00000092010,0.458095,0.920702,-0.843215,0.054792
ENSG00000092020,4.19055,3.9121,3.02635,4.90622
ENSG00000092036,1.25153,0.343422,2.19879,1.79762
ENSG00000092067,-0.793591,-0.747251,0.931349,0.130177
ENSG00000092094,1.71913,1.31371,-0.0997109,0.858425
ENSG00000092096,-2.98038,-1.46494,-1.19775,-1.8828
ENSG00000092098,2.15396,0.193018,0.102227,0.208769
ENSG00000092108,3.00549,2.82384,2.82384,3.99352
ENSG00000092200,1.18435,0.820246,-0.993842,-0.122751
ENSG00000092203,0.384549,0.658376,0.571815,0.869876
ENSG00000092295,-0.57203,-1.50046,-1.71192,-2.2715
ENSG00000092439,3.20655,0.296418,1.1785,1.04293
ENSG00000092470,4.30522,-0.644429,-0.723029,-0.966939
ENSG00000092531,1.68352,2.99972,-0.0298465,2.10002
ENSG00000092621,0.314389,1.81381,-1.12148,0.489549
ENSG00000092758,1.27411,1.33323,-0.0323145,0.919888
ENSG00000092820,-2.01873,0.28813,-1.03958,-0.531353
ENSG00000092847,-5.9735,-4.50763,-4.50763,-6.37475
ENSG00000092871,0.351668,-0.261665,-0.261665,-0.37005
ENSG00000092929,-0.916609,-0.914988,-0.15511,-0.756673
ENSG00000092931,0.828656,-1.6783,-1.41046,-2.18408
ENSG00000092978,2.69683,3.23334,3.15887,4.51998
ENSG00000093000,-0.306481,-1.14482,-2.55176,-2.61388
ENSG00000093009,3.16523,-2.121,1.90133,-0.155329
ENSG00000093010,0.539048,-0.88195,0.11809,-0.54013
ENSG00000093072,-0.773693,-0.611647,0.924214,0.221019
ENSG00000093134,0.427339,-0.378877,-0.516918,-0.633422
ENSG00000093144,0.384624,-0.207083,-0.207083,-0.29286
ENSG00000093167,-3.18898,-2.27642,2.15117,-0.0885618
ENSG00000093217,-2.02171,1.20986,0.436807,1.16437
ENSG00000094804,2.25071,0.202308,0.253621,0.322391
ENSG00000094975,-0.124341,1.39593,2.04305,2.43173
ENSG00000095002,-1.10111,-0.659205,-0.659205,-0.932256
ENSG00000095015,0.211156,-1.21994,-0.759058,-1.39937
ENSG00000095066,1.10106,2.26172,2.25861,3.19635
ENSG00000095139,-3.51675,-1.7564,-2.03899,-2.68374
ENSG00000095209,3.29846,2.14506,-0.182655,1.38763
ENSG00000095303,1.30921,0.157323,-1.00022,-0.596018
ENSG00000095321,-4.3421,-36.8264,-3.44673,-28.4774
ENSG00000095383,2.46347,-0.349352,2.05265,1.20442
ENSG00000095397,-3.02092,1.06176,-0.440113,0.43957
ENSG00000095485,-2.16542,-1.64822,-1.67105,-2.34707
ENSG00000095539,0.466081,-0.6149,3.13621,1.78283
ENSG00000095564,-2.10912,-2.74463,-3.13564,-4.15797
ENSG00000095574,-0.967043,-1.22631,-0.643448,-1.32212
ENSG00000095739,-0.0756951,0.291259,1.62469,1.35478
ENSG00000095794,-3.79356,-3.43391,-3.43391,-4.85628
ENSG00000095970,-0.327407,0.387797,0.447998,0.590996
ENSG00000096063,-0.597112,-1.12539,-0.664044,-1.26532
ENSG00000096384,-1.63963,-2.80991,-2.38898,-3.67617
ENSG00000096433,-1.3429,0.853774,2.76194,2.55669
ENSG00000096717,-0.166985,1.3726,-0.07695,0.916165
ENSG00000096746,1.66573,1.33991,1.33991,1.89492
ENSG00000096872,-1.49525,1.73846,2.2343,2.80916
ENSG00000097007,-1.39846,-0.307114,-1.12306,-1.01129
ENSG00000097021,-2.82754,-1.12739,0.917488,-0.148423
ENSG00000097046,1.92974,1.24154,-1.3651,-0.0873696
ENSG00000099203,-0.990227,0.496844,0.496844,0.702644
ENSG00000099219,0.766533,0.771754,-0.301919,0.332224
ENSG00000099250,0.437477,2.13311,-0.447196,1.19212
ENSG00000099282,-0.592887,0.00775233,-0.317353,-0.218921
ENSG00000099284,-1.57762,-0.677616,0.155306,-0.36933
ENSG00000099290,-0.326728,-0.5588,1.95355,0.986238
ENSG00000099308,0.153885,-1.07576,-0.310151,-0.97999
ENSG00000099326,-3.29505,-2.94264,-2.91102,-4.13916
ENSG00000099330,1.34342,0.586598,1.37964,1.39034
ENSG00000099331,1.02763,-2.14991,0.902386,-0.882131
ENSG00000099337,-2.18891,-0.905352,2.61358,1.2079
ENSG00000099338,-0.802414,1.05637,1.22859,1.61571
ENSG00000099341,0.856012,0.916695,0.6391,1.10011
ENSG00000099364,3.99234,-0.87994,-0.799536,-1.18757
ENSG00000099365,2.46625,1.05664,-0.288514,0.543146
ENSG00000099381,-0.969423,-0.797203,-0.797203,-1.12742
ENSG00000099385,-0.323687,-0.315506,0.954073,0.451536
ENSG00000099624,0.640812,0.440386,0.440386,0.622799
ENSG00000099769,2.41438,2.05389,2.44234,3.17931
ENSG00000099785,0.270075,1.26437,0.208542,1.04151
ENSG00000099797,2.41478,0.955066,-1.21142,-0.181269
ENSG00000099800,-0.263159,0.395286,0.572733,0.684493
ENSG00000099804,1.23253,-1.36973,-3.46338,-3.41753
ENSG00000099810,-1.76439,0.601398,-0.358462,0.171781
ENSG00000099814,-1.49965,-0.131947,-0.0133535,-0.102743
ENSG00000099817,0.493284,-2.96806,-3.62753,-4.66378
ENSG00000099821,2.23042,0.539278,-1.99967,-1.03265
ENSG00000099834,-0.0520142,-2.74382,0.761847,-1.40147
ENSG00000099840,-1.16824,-0.737736,-3.68051,-3.12417
ENSG00000099864,-0.358304,-1.00443,-1.00443,-1.42047
ENSG00000099866,0.0273601,0.975541,-0.0174683,0.67746
ENSG00000099889,-2.32539,1.99795,-6.55636,-3.22328
ENSG00000099901,0.612061,2.82351,2.82351,3.99305
ENSG00000099904,-0.46254,1.36618,-0.00523364,0.962332
ENSG00000099937,1.10782,0.0814677,0.900629,0.694447
ENSG00000099940,0.502815,1.18157,-1.02613,0.109912
ENSG00000099949,2.41181,1.21918,1.81254,2.14375
ENSG00000099957,-0.523748,-2.02626,-0.956115,-2.10885
ENSG00000099968,-1.6099,-1.55368,0.62194,-0.658843
ENSG00000099974,-0.584459,0.0568324,-1.87201,-1.28352
ENSG00000099977,0.207704,0.96877,1.88936,2.021
ENSG00000099992,-1.6215,1.71157,1.71157,2.42053
ENSG00000099994,0.864714,0.0459993,0.428657,0.335633
ENSG00000099995,0.0906518,1.772,3.19763,3.51406
ENSG00000099998,1.47984,-0.0204102,0.196409,0.12445
ENSG00000099999,-2.31654,2.89115,2.50379,3.81479
ENSG00000100014,2.72684,0.494809,0.755714,0.884254
ENSG00000100023,4.34508,3.86637,5.71158,6.77264
ENSG00000100024,0.401332,-0.179441,0.437099,0.182191
ENSG00000100029,-2.73393,-1.08962,0.808483,-0.198796
ENSG00000100030,-5.2782,2.62513,-1.07728,1.09449
ENSG00000100031,-1.77181,-1.26465,-2.70639,-2.80794
ENSG00000100036,-2.95468,-1.08962,-0.240597,-0.940607
ENSG00000100038,2.21258,-0.781485,0.286484,-0.350018
ENSG00000100056,-2.51707,-1.48951,-1.98349,-2.45578
ENSG00000100060,-1.74593,-1.08995,1.21572,0.0889344
ENSG00000100068,1.95888,2.22635,-0.443537,1.26064
ENSG00000100075,-0.844935,0.0385177,-0.746115,-0.500347
ENSG00000100077,-0.287138,-1.6699,4.41433,1.94061
ENSG00000100079,-0.691892,-0.0376007,-0.534208,-0.40433
ENSG00000100083,-0.875923,-0.19834,1.69188,1.05609
ENSG00000100092,0.858257,-0.456261,-0.33639,-0.560489
ENSG00000100097,0.124933,0.417886,0.417886,0.59098
ENSG00000100099,0.400601,0.488117,1.84337,1.64861
ENSG00000100100,-2.51132,-2.66531,0.380529,-1.61558
ENSG00000100104,-1.13351,0.29359,-0.990472,-0.49277
ENSG00000100106,0.194046,-0.897483,-0.117112,-0.717427
ENSG00000100109,0.606957,0.0790134,-0.527233,-0.316939
ENSG00000100122,1.42212,-0.559586,-0.559586,-0.791375
ENSG00000100147,5.7671,2.96674,1.21545,2.95725
ENSG00000100151,-0.100099,-2.08033,0.0478334,-1.43719
ENSG00000100154,2.51166,0.097808,1.27427,0.970204
ENSG00000100211,0.548929,0.454827,1.15901,1.14116
ENSG00000100216,0.39688,0.364248,0.41961,0.554271
ENSG00000100218,-0.481965,-0.829376,-0.435184,-0.894179
ENSG00000100219,3.58771,4.18245,-3.56359,0.437602
ENSG00000100221,0.353341,0.33112,0.620437,0.672852
ENSG00000100225,-0.497759,2.56893,-3.93616,-0.966775
ENSG00000100227,1.6724,-0.141213,-0.141213,-0.199705
ENSG00000100228,-0.65929,-0.275118,0.370366,0.0673503
ENSG00000100239,0.707393,-1.60708,1.62537,0.0129339
ENSG00000100241,1.88403,-0.962068,-0.0267817,-0.699222
ENSG00000100243,0.517328,1.19873,0.584855,1.26119
ENSG00000100246,4.26824,-0.0619252,-0.498508,-0.396286
ENSG00000100258,2.73768,-0.552881,-1.54306,-1.48206
ENSG00000100263,-1.04057,-0.269822,-2.97856,-2.29696
ENSG00000100271,-0.0192327,-2.29369,1.11692,-0.832098
ENSG00000100276,-2.24479,-0.481713,-0.253903,-0.520159
ENSG00000100281,0.482822,0.722343,0.722343,1.02155
ENSG00000100285,2.96963,2.51337,2.46057,3.51711
ENSG00000100288,-1.17819,-0.81966,-0.656279,-1.04365
ENSG00000100290,-4.21129,-0.350577,-1.30892,-1.17344
ENSG00000100292,0.643546,1.35883,-0.556331,0.56745
ENSG00000100296,4.1903,2.86553,3.22948,4.30982
ENSG00000100297,0.086979,0.202861,-0.286686,-0.0592732
ENSG00000100298,0.908231,1.11026,0.484988,1.12801
ENSG00000100299,3.05899,1.92174,2.41818,3.06879
ENSG00000100300,-3.27653,2.33713,0.939669,2.31704
ENSG00000100304,-2.10532,-1.14363,-1.54159,-1.89874
ENSG00000100316,-2.97283,-0.763268,0.107007,-0.464046
ENSG00000100319,3.35877,2.32009,1.15672,2.45848
ENSG00000100321,2.18285,2.07237,2.74686,3.4077
ENSG00000100324,-0.910108,1.67817,2.31472,2.8234
ENSG00000100325,-3.7696,-2.43024,1.86533,-0.399452
ENSG00000100330,2.95013,-2.01104,-1.18215,-2.25792
ENSG00000100336,1.05685,-0.0381978,-0.0568324,-0.0671965
ENSG00000100342,0.272845,1.07572,1.09697,1.53633
ENSG00000100347,1.9865,1.49283,1.49283,2.11118
ENSG00000100348,1.02258,-0.644099,-1.2906,-1.36804
ENSG00000100350,-1.63833,-1.7144,-1.26203,-2.10466
ENSG00000100353,-0.41051,-0.0366278,1.08554,0.74169
ENSG00000100360,1.1709,0.159678,0.277457,0.309101
ENSG00000100364,2.88428,0.31751,1.07028,0.981316
ENSG00000100365,1.4133,0.715887,0.521992,0.875312
ENSG00000100376,-0.859292,-1.20327,-0.898991,-1.48652
ENSG00000100380,4.87512,4.87467,4.71254,6.77918
ENSG00000100387,2.17604,-0.675027,-0.675027,-0.954632
ENSG00000100393,4.07929,3.14231,3.27199,4.5356
ENSG00000100401,-4.42032,-2.62048,0.951855,-1.17989
ENSG00000100403,-1.49088,-2.19517,0.430661,-1.2477
ENSG00000100412,1.33496,1.47731,1.86829,2.36569
ENSG00000100416,-1.00974,-0.858297,-0.858297,-1.21382
ENSG00000100417,-1.60695,2.49974,2.04952,3.21681
ENSG00000100418,2.83184,4.53951,1.89785,4.5519
ENSG00000100422,0.617014,-0.260264,-0.24728,-0.358888
ENSG00000100429,-1.17025,-1.62936,-1.48738,-2.20387
ENSG00000100439,0.838079,0.0846134,0.0721787,0.110869
ENSG00000100441,-0.027476,-1.82406,-1.83443,-2.58694
ENSG00000100445,-0.698605,-1.4821,-0.358378,-1.30141
ENSG00000100453,0.075361,0.329569,0.292111,0.439595
ENSG00000100461,-2.23432,1.10006,-1.31144,-0.14947
ENSG00000100462,-2.31177,-1.8079,1.10065,-0.500096
ENSG00000100485,0.357225,0.42436,0.890815,0.929969
ENSG00000100504,0.600368,0.248216,-0.970868,-0.510992
ENSG00000100505,0.236726,-2.35037,2.80745,0.323205
ENSG00000100519,0.648863,-0.854049,-0.601693,-1.02937
ENSG00000100523,1.61048,0.367802,1.76313,1.5068
ENSG00000100526,-2.37253,-2.11484,2.11484,-3.14018e-16
ENSG00000100554,-2.20705,-1.4842,-1.43139,-2.06163
ENSG00000100558,-0.209777,0.331229,-0.331229,0
ENSG00000100564,0.711322,-0.285324,1.00529,0.50909
ENSG00000100577,0.0100971,-0.837858,-0.742857,-1.11773
ENSG00000100578,1.12336,1.44831,-1.89672,-0.317076
ENSG00000100580,3.03732,2.11683,0.22379,1.65507
ENSG00000100592,-3.67311,1.52663,3.03074,3.22254
ENSG00000100596,1.28665,-1.04697,1.49033,0.313504
ENSG00000100599,0.785894,1.10851,2.11508,2.27942
ENSG00000100603,2.71014,1.07348,0.204362,0.903571
ENSG00000100605,-1.68335,0.659824,-0.00675881,0.461786
ENSG00000100628,1.36219,0.099945,-0.0229908,0.0544149
ENSG00000100629,-1.1185,-0.77935,-1.01133,-1.2662
ENSG00000100632,1.59469,-0.637705,1.28482,0.45758
ENSG00000100647,-0.720886,1.9787,2.34436,3.05687
ENSG00000100650,-2.54266,1.11168,0.973087,1.47415
ENSG00000100652,-2.42578,1.72747,-1.04661,0.481439
ENSG00000100697,-1.26396,-0.910881,-2.48399,-2.40054
ENSG00000100714,-0.90076,-0.320392,-0.123063,-0.31357
ENSG00000100726,1.1218,0.8442,0.647367,1.0547
ENSG00000100731,-3.42478,-3.09926,1.19453,-1.34685
ENSG00000100744,-0.73102,-0.317737,-0.188126,-0.357699
ENSG00000100749,-2.61636,-2.78817,-3.98574,-4.78988
ENSG00000100764,0.00856919,0.0454455,0.577665,0.440606
ENSG00000100767,-1.48385,-1.22043,-0.445248,-1.17781
ENSG00000100802,1.97316,1.04738,-2.75733,-1.20912
ENSG00000100804,1.19172,-2.17681,-0.327752,-1.77099
ENSG00000100811,0.772703,-0.163513,-0.163513,-0.231243
ENSG00000100815,1.04954,0.766937,0.869772,1.15733
ENSG00000100823,2.21013,1.00834,1.31371,1.64193
ENSG00000100852,-0.27363,0.903763,-0.252598,0.460443
ENSG00000100865,-1.69357,-2.31581,-0.578168,-2.04636
ENSG00000100888,0.635657,-1.52049,1.30282,-0.153916
ENSG00000100889,1.90541,0.497539,-1.21273,-0.505717
ENSG00000100902,0.599889,3.78369,-3.84233,-0.0414624
ENSG00000100916,3.55694,-1.40076,1.40076,1.57009e-16
ENSG00000100934,-1.10158,1.25054,1.24806,1.76678
ENSG00000100941,0.717033,-1.64018,-0.715056,-1.6654
ENSG00000100949,0.807132,0.135922,0.210462,0.24493
ENSG00000100979,3.22552,3.11488,-1.11796,1.41204
ENSG00000100982,2.19273,-0.00170704,3.00006,2.12016
ENSG00000100983,-4.7673,2.70466,2.70466,3.82497
ENSG00000100991,-0.0866643,-2.93926,-1.54488,-3.17077
ENSG00000100994,1.48898,1.85869,-3.0445,-0.838495
ENSG00000101004,2.2302,0.334387,-0.863321,-0.374013
ENSG00000101017,-5.62459,-5.94325,-4.61613,-7.46661
ENSG00000101019,-2.94779,-1.22744,1.27403,0.032947
ENSG00000101049,1.03512,0.858347,0.318271,0.831995
ENSG00000101052,-0.0260592,-1.26602,-0.199385,-1.0362
ENSG00000101057,-1.11072,-0.399495,-0.482382,-0.623581
ENSG00000101079,0.0649725,0.456386,1.55806,1.42443
ENSG00000101082,-0.965615,1.4491,1.4491,2.04933
ENSG00000101084,-1.50597,0.441354,0.441354,0.624169
ENSG00000101104,-4.79848,-5.08405,3.19951,-1.33257
ENSG00000101109,2.70427,-3.05359,-3.65865,-4.74627
ENSG00000101138,-1.25906,-2.75891,0.828527,-1.36498
ENSG00000101158,0.912766,0.538798,0.603133,0.807467
ENSG00000101160,-1.28412,0.205031,-1.22378,-0.720367
ENSG00000101161,0.104009,-1.48153,-2.33991,-2.70217
ENSG00000101162,-0.229813,-0.802088,-0.992008,-1.26862
ENSG00000101166,0.225859,-0.457486,-0.4315,-0.628608
ENSG00000101181,-1.67004,2.53664,1.9052,3.14086
ENSG00000101187,-0.248288,-0.233089,1.11759,0.625437
ENSG00000101189,-0.998004,0.826314,0.4576,0.907865
ENSG00000101190,0.856184,1.01776,1.05614,1.46646
ENSG00000101191,-0.912157,2.49697,0.900248,2.4022
ENSG00000101193,-1.05271,-1.23807,-0.375549,-1.141
ENSG00000101194,0.151793,0.604814,0.182009,0.556367
ENSG00000101197,0.666656,-0.239236,1.4359,0.846171
ENSG00000101199,-1.67056,-1.17407,-1.57134,-1.9413
ENSG00000101213,-1.12345,1.19257,-3.03362,-1.30182
ENSG00000101216,1.56564,4.04139,1.96585,4.24776
ENSG00000101220,-2.18541,-1.58616,-1.41045,-2.11892
ENSG00000101224,0.263585,-0.559925,-0.51637,-0.761056
ENSG00000101236,-2.06552,-0.436486,0.966892,0.375054
ENSG00000101246,1.65518,0.537365,-0.537365,0
ENSG00000101247,1.54158,0.929082,0.922055,1.30895
ENSG00000101255,1.06073,0.442517,0.71998,0.822009
ENSG00000101265,-1.01025,-2.01868,0.00579652,-1.42332
ENSG00000101282,1.3656,0.962718,1.20837,1.53519
ENSG00000101290,3.58887,2.99983,-3.24439,-0.172933
ENSG00000101307,-4.21769,-3.73219,-0.64959,-3.09838
ENSG00000101310,1.42594,0.348528,1.10487,1.02771
ENSG00000101335,-0.480549,0.490235,0.490235,0.693297
ENSG00000101343,0.284617,1.17068,1.17068,1.6556
ENSG00000101346,1.81228,1.22954,1.22954,1.73883
ENSG00000101347,0.150683,-0.391579,-1.00002,-0.98401
ENSG00000101350,-0.273398,-1.44662,-0.240974,-1.19331
ENSG00000101353,-2.1425,-1.08522,-1.90299,-2.11299
ENSG00000101361,-1.43322,0.497123,-0.207776,0.204599
ENSG00000101363,0.0894576,0.459558,0.0869334,0.386428
ENSG00000101365,-1.38419,-0.708349,-3.44684,-2.93816
ENSG00000101367,0.511215,0.744809,0.184264,0.656954
ENSG00000101407,-2.36867,-2.31745,-1.59544,-2.76683
ENSG00000101417,-0.257159,-0.47835,-0.0187532,-0.351505
ENSG00000101425,3.58344,-0.345364,-0.905484,-0.884483
ENSG00000101442,8.38177,6.42494,-6.34988,0.0530767
ENSG00000101452,5.28361,3.90194,3.90194,5.51818
ENSG00000101457,-2.72198,-1.74784,-1.74126,-2.46717
ENSG00000101460,4.25443,2.05957,4.48091,4.62482
ENSG00000101464,2.96747,3.55202,1.80562,3.78842
ENSG00000101470,2.70179,1.66981,1.20279,2.03123
ENSG00000101473,-0.886144,-1.44488,-3.11548,-3.22467
ENSG00000101474,-0.955688,0.0959479,-0.204751,-0.0769353
ENSG00000101493,1.03139,0.169723,1.00039,0.827394
ENSG00000101557,1.2646,-0.631571,0.380276,-0.177692
ENSG00000101574,-1.84311,-1.29368,0.731029,-0.397857
ENSG00000101577,0.972542,-1.33526,-3.12485,-3.15377
ENSG00000101605,-0.167683,0.319372,1.00268,0.934832
ENSG00000101608,0.460604,1.32848,1.21108,1.79574
ENSG00000101624,-1.61299,-1.3348,-0.0168212,-0.955739
ENSG00000101639,0.590759,0.9314,0.783504,1.21262
ENSG00000101654,0.909895,-0.691668,-1.79544,-1.75865
ENSG00000101751,-1.24823,-1.38208,-0.0738067,-1.02947
ENSG00000101773,0.866861,-2.00052,-2.16357,-2.94446
ENSG00000101782,-1.079,1.57396,-1.57946,-0.00389164
ENSG00000102189,-1.98905,0.307262,-1.18548,-0.620992
ENSG00000102445,-0.362268,0.474829,1.0562,1.0826
ENSG00000102524,0.173846,0.544619,1.88032,1.71469
ENSG00000102531,0.765113,-0.879448,0.130977,-0.529249
ENSG00000102543,0.475129,1.47384,1.44657,2.06504
ENSG00000102547,-1.37022,0.197822,0.0175804,0.152313
ENSG00000102554,-3.3815,0.202065,-0.194526,0.0053314
ENSG00000102572,1.3139,1.13707,1.68752,1.99729
ENSG00000102575,-3.03004,-1.69055,-2.84633,-3.20806
ENSG00000102580,-2.74267,-3.32628,-3.58641,-4.88801
ENSG00000102595,1.12801,4.23388,0.402411,3.27835
ENSG00000102606,0.36749,0.829373,0.745599,1.11367
ENSG00000102699,0.407205,0.230493,-2.52679,-1.62373
ENSG00000102738,0.957201,1.33022,1.33022,1.88122
ENSG00000102753,0.574308,0.75601,2.06466,1.99451
ENSG00000102763,-0.247389,-1.27064,-1.75045,-2.13623
ENSG00000102780,-1.69937,-1.05108,-1.31104,-1.67027
ENSG00000102781,-0.211036,-0.363506,-1.22447,-1.12287
ENSG00000102796,-1.21599,-0.623909,1.16783,0.384613
ENSG00000102805,-0.415148,-0.263353,0.462596,0.140886
ENSG00000102837,-2.0448,-1.09278,-0.718659,-1.28088
ENSG00000102854,1.23613,0.165292,0.205834,0.262426
ENSG00000102858,-3.00487,-2.10506,-2.88688,-3.52984
ENSG00000102870,4.26654,-1.09236,-1.09236,-1.54484
ENSG00000102882,7.73826,6.03784,4.39379,7.37628
ENSG00000102886,7.82362,5.85271,3.4226,6.55863
ENSG00000102890,3.32852,0.814967,2.19189,2.12617
ENSG00000102898,3.73124,3.61994,-3.61799,0.00138225
ENSG00000102900,-0.552612,-0.480095,0.674196,0.13725
ENSG00000102901,3.32716,3.61799,1.08506,3.32556
ENSG00000102904,4.78746,0.997623,3.58399,3.23969
ENSG00000102908,2.04203,1.36614,1.70114,2.1689
ENSG00000102910,-0.184879,0.245562,0.648061,0.631887
ENSG00000102934,-1.89928,0.265766,-0.829418,-0.398562
ENSG00000102967,2.11369,0.453765,0.984571,1.01706
ENSG00000102974,3.46576,3.24875,3.24875,4.59442
ENSG00000102977,-4.40309,-3.61243,-1.70742,-3.7617
ENSG00000102978,-1.5027,0.612333,-0.951218,-0.239628
ENSG00000102981,-4.33102,-0.796239,-3.61243,-3.1174
ENSG00000102996,-2.57662,0.349199,0.514956,0.611049
ENSG00000103005,0.799833,0.602714,-0.727965,-0.0885658
ENSG00000103018,-1.05638,1.25598,0.283209,1.08837
ENSG00000103047,1.60687,0.276651,0.276651,0.391243
ENSG00000103051,1.8822,1.40176,-1.34024,0.0435003
ENSG00000103064,-3.53978,-3.41319,-0.429792,-2.7174
ENSG00000103066,-2.84682,-2.94885,3.60985,0.467394
ENSG00000103067,-4.12907,-3.62862,4.08231,0.320808
ENSG00000103089,-0.0995207,0.325811,-0.25558,0.0496608
ENSG00000103091,-1.9212,-0.245175,0.0521749,-0.136472
ENSG00000103111,0.160575,-0.0890412,0.456406,0.259766
ENSG00000103126,-0.133495,1.37874,-0.772767,0.428485
ENSG00000103148,-0.356317,-0.597767,-0.478179,-0.760809
ENSG00000103150,1.07027,-1.3617,-0.31113,-1.18287
ENSG00000103152,0.330596,0.480262,0.423152,0.63881
ENSG00000103154,0.215036,0.135456,-1.56873,-1.01348
ENSG00000103160,-0.829304,-0.487488,0.432342,-0.0389939
ENSG00000103168,-1.35913,0.227324,0.0199449,0.174846
ENSG00000103174,-1.41377,-0.195236,1.44332,0.882532
ENSG00000103184,-0.393522,-0.724115,-0.0814666,-0.569632
ENSG00000103187,-0.700855,-1.67991,0.2002,-1.04631
ENSG00000103196,-0.510059,-0.291899,-0.761994,-0.745215
ENSG00000103199,0.810879,-1.88407,-0.0862876,-1.39325
ENSG00000103202,0.329519,-0.268487,-2.87406,-2.22212
ENSG00000103222,0.353221,0.291342,0.205421,0.351264
ENSG00000103245,2.30689,2.59822,2.23664,3.41876
ENSG00000103248,-0.810729,-0.256791,0.122083,-0.095253
ENSG00000103249,-0.585197,0.405413,0.0585719,0.328087
ENSG00000103253,2.47705,1.46192,-0.15589,0.923506
ENSG00000103254,2.57186,2.58456,-2.49012,0.0667744
ENSG00000103257,-0.721701,-1.02336,-0.848538,-1.32363
ENSG00000103260,2.29016,2.48283,-0.016081,1.74425
ENSG00000103264,-2.09427,-1.10133,1.78504,0.483458
ENSG00000103266,2.13295,1.16898,1.12482,1.62196
ENSG00000103275,-1.70861,-1.80883,1.79208,-0.0118443
ENSG00000103313,0.0358376,-0.43646,0.135896,-0.212531
ENSG00000103316,-2.54461,-2.14786,0.303627,-1.30407
ENSG00000103319,-1.81996,0.802566,-2.30099,-1.05955
ENSG00000103326,1.30303,2.34982,-1.21859,0.799903
ENSG00000103335,-1.13005,1.66873,1.30655,2.10384
ENSG00000103342,1.41246,-0.888829,-1.41758,-1.63088
ENSG00000103351,3.14756,-0.0514054,0.724508,0.475955
ENSG00000103353,-1.73377,-0.692425,0.692425,0
ENSG00000103381,0.397884,-0.705243,0.939713,0.165795
ENSG00000103415,4.2076,3.80285,4.59344,5.93707
ENSG00000103423,4.43653,2.10635,2.63923,3.35563
ENSG00000103479,-1.27568,-0.574999,-0.574999,-0.813171
ENSG00000103485,-4.34069,0.959373,-0.955205,0.00294699
ENSG00000103489,-1.84242,1.20684,-1.89894,-0.48939
ENSG00000103496,-0.74397,1.32338,0.0449528,0.967558
ENSG00000103502,-6.7979,-1.01275,0.231184,-0.552647
ENSG00000103507,1.39999,0.877985,1.5064,1.68602
ENSG00000103510,-0.831774,-0.469749,-1.20149,-1.18175
ENSG00000103528,1.10336,-0.239354,0.373112,0.0945808
ENSG00000103534,-2.28387,-2.24708,2.65721,0.290009
ENSG00000103540,-2.54429,-0.545974,4.94838,3.11297
ENSG00000103544,3.20837,2.85042,2.90075,4.06669
ENSG00000103549,1.80747,1.40424,0.293788,1.20069
ENSG00000103550,1.75285,2.18837,1.21957,2.40978
ENSG00000103569,-0.528383,1.77937,0.411252,1.54901
ENSG00000103591,2.66685,-0.109725,0.0878369,-0.0154771
ENSG00000103642,-2.45348,-4.03061,-1.70947,-4.05885
ENSG00000103657,-1.76871,-0.0880033,-2.36255,-1.7328
ENSG00000103671,3.29654,2.09575,4.81648,4.88768
ENSG00000103707,-1.16691,-0.399767,-0.715777,-0.788809
ENSG00000103723,-4.05001,-2.02839,-6.17805,-5.80283
ENSG00000103811,1.46347,-0.802376,0.198532,-0.426982
ENSG00000103852,1.25265,0.712394,-0.330872,0.269777
ENSG00000103876,0.0873272,2.18297,0.400012,1.82645
ENSG00000103932,-0.268465,-1.27565,-0.960366,-1.5811
ENSG00000103942,2.67404,0.0461193,-0.164989,-0.0840537
ENSG00000103966,-0.139884,-2.42248,0.0557584,-1.67353
ENSG00000103978,-0.907492,0.0212047,-0.681772,-0.467091
ENSG00000104047,2.68335,1.94381,3.69308,3.98588
ENSG00000104129,-2.57039,-2.56159,-2.80242,-3.79293
ENSG00000104142,-0.116832,1.04555,1.04555,1.47863
ENSG00000104147,-0.798551,0.0805968,0.110061,0.134815
ENSG00000104205,1.29236,-0.247053,-1.63842,-1.33323
ENSG00000104218,-1.02818,0.561576,0.240526,0.567172
ENSG00000104219,3.94843,3.40764,-0.524924,2.03839
ENSG00000104228,-4.71938,-13.1016,2.81146,-7.27619
ENSG00000104290,0.0323484,-2.03824,-1.91745,-2.79709
ENSG00000104312,-1.35366,0.449211,-0.707498,-0.182636
ENSG00000104320,-1.75129,-1.78302,1.76911,-0.00983834
ENSG00000104324,-0.556974,-1.30435,0.624773,-0.480534
ENSG00000104325,0.323235,0.338047,-1.58656,-0.882834
ENSG00000104327,1.79388,0.366212,1.4792,1.30491
ENSG00000104331,-3.04353,-1.74997,-1.92985,-2.60202
ENSG00000104332,1.12893,0.873016,-0.955267,-0.0581604
ENSG00000104341,0.691367,-1.95247,1.31467,-0.450987
ENSG00000104343,3.1758,-0.307984,-0.522105,-0.586961
ENSG00000104361,0.539003,0.302933,0.837766,0.806597
ENSG00000104368,1.25118,-0.389975,-0.161049,-0.389633
ENSG00000104381,-1.89696,-0.441621,-0.436707,-0.621072
ENSG00000104388,5.21025,3.04945,3.52221,4.64687
ENSG00000104408,-1.36974,0.154034,-2.64091,-1.75848
ENSG00000104412,3.41418,0.482089,3.4773,2.79971
ENSG00000104419,1.22102,-1.1419,-1.15173,-1.62185
ENSG00000104427,0.516859,0.392061,-0.08495,0.21716
ENSG00000104450,0.417115,0.86635,2.5544,2.41884
ENSG00000104497,1.07398,2.15116,1.7837,2.78237
ENSG00000104517,-1.10516,-1.9107,1.75697,-0.108706
ENSG00000104518,-2.85181,-0.569938,-1.45578,-1.4324
ENSG00000104529,0.631374,-0.902775,-2.46401,-2.38068
ENSG00000104549,-0.850384,-1.43727,-1.3436,-1.96637
ENSG00000104611,-0.473531,1.48123,0.848421,1.64731
ENSG00000104613,-1.14652,-0.158924,-0.873425,-0.729981
ENSG00000104626,3.73696,-0.776498,0.924554,0.104691
ENSG00000104635,3.23857,0.784322,-0.207465,0.407899
ENSG00000104660,0.339515,2.10866,0.119521,1.57556
ENSG00000104671,0.789389,0.547955,-0.547955,0
ENSG00000104679,0.492634,-0.206711,1.09236,0.626252
ENSG00000104689,-2.59911,1.40288,-0.352726,0.742571
ENSG00000104695,-0.227353,-0.383648,0.754563,0.262276
ENSG00000104728,2.49967,-0.871408,0.778085,-0.0659891
ENSG00000104731,-0.272629,-1.91005,-2.5744,-3.17099
ENSG00000104738,0.992902,0,0,0
ENSG00000104763,-1.20186,-1.75529,0.520767,-0.872939
ENSG00000104774,-0.324402,1.31194,1.32382,1.86377
ENSG00000104783,0.551469,-0.322098,-0.714707,-0.733132
ENSG00000104805,0.13981,-0.847863,0.637173,-0.148981
ENSG00000104812,-0.939191,-1.06049,1.04214,-0.0129766
ENSG00000104814,2.36139,-0.187287,-1.76503,-1.3805
ENSG00000104825,1.01019,-1.13254,-1.81631,-2.08515
ENSG00000104833,-2.1186,-0.555546,-0.555546,-0.785661
ENSG00000104835,3.00791,1.66291,1.66291,2.35172
ENSG00000104852,3.50556,1.35808,1.80479,2.23649
ENSG00000104853,-0.0518309,-0.99595,-1.30169,-1.62468
ENSG00000104863,-1.47505,-1.49176,-0.814042,-1.63045
ENSG00000104866,-0.135577,-0.230458,-0.269777,-0.35372
ENSG00000104870,5.55814,3.31412,2.56624,4.15805
ENSG00000104880,0.444898,-1.65969,0.781206,-0.621183
ENSG00000104881,-0.985102,-0.460351,-0.460351,-0.651034
ENSG00000104883,0.531955,0.794582,-0.797664,-0.00217952
ENSG00000104885,2.95746,5.91931,2.40526,5.88636
ENSG00000104886,5.15284,-1.92599,2.70962,0.554109
ENSG00000104899,2.62087,0.0406606,1.04622,0.768544
ENSG00000104915,-1.64468,0.557033,-0.318349,0.168775
ENSG00000104918,-1.51484,0.821187,0.645432,1.03706
ENSG00000104921,1.27078,0.94267,0.608481,1.09683
ENSG00000104936,-1.59186,-1.20881,-1.23297,-1.7266
ENSG00000104953,0.449857,-0.827954,-0.552504,-0.976131
ENSG00000104957,-0.345521,-0.581973,-1.70251,-1.61537
ENSG00000104960,-3.2158,1.4973,2.95607,3.14901
ENSG00000104964,-0.339463,0.865096,0.867316,1.225
ENSG00000104969,3.5052,3.24764,-2.06703,0.834813
ENSG00000104972,0.646638,-0.820415,-0.4315,-0.885237
ENSG00000104973,-2.37312,-0.102319,-0.191174,-0.207531
ENSG00000104974,-1.94034,1.14353,1.14353,1.61719
ENSG00000104980,-0.236669,-1.59864,-1.1617,-1.95186
ENSG00000104983,-0.144992,-0.141705,-0.749606,-0.630252
ENSG00000104998,-1.37338,-2.01103,0.143748,-1.32037
ENSG00000105048,2.06561,1.98956,-1.05942,0.657706
ENSG00000105053,1.15429,-1.49878,-0.670255,-1.53374
ENSG00000105063,-1.82471,0.854049,-0.368926,0.343034
ENSG00000105072,-0.417784,-0.894824,-0.870532,-1.24829
ENSG00000105122,0.192715,0.600332,0.600332,0.848998
ENSG00000105135,0.719797,0.771208,-0.771208,0
ENSG00000105136,-0.420287,0.822486,1.25058,1.46588
ENSG00000105146,-0.160637,0.323749,0.109423,0.306299
ENSG00000105176,-1.69839,0.26055,0.254541,0.364225
ENSG00000105185,-1.68767,-1.91112,-1.88849,-2.68673
ENSG00000105186,3.6033,3.69251,0.937077,3.27361
ENSG00000105193,3.01686,0.242025,-1.96302,-1.21693
ENSG00000105197,3.78784,3.37042,0.0400577,2.41157
ENSG00000105202,1.15269,1.15256,1.15256,1.62997
ENSG00000105204,2.16014,2.41885,4.44854,4.85598
ENSG00000105220,0.677326,1.41688,0.16505,1.11859
ENSG00000105223,-0.0668562,0.77064,1.02035,1.26642
ENSG00000105227,-1.16453,-0.234387,0.219558,-0.0104857
ENSG00000105245,1.26761,-0.071492,1.09898,0.726541
ENSG00000105248,-1.16054,-1.88267,1.88267,0
ENSG00000105254,-0.111343,-0.109462,0.0786792,-0.0217667
ENSG00000105255,2.15695,1.98499,1.93165,2.76948
ENSG00000105258,-0.134464,-0.343141,-0.709038,-0.744003
ENSG00000105270,2.29813,0.432271,-0.350638,0.0577235
ENSG00000105287,1.55151,1.13513,1.29734,1.72002
ENSG00000105298,1.44766,-1.1528,-0.843886,-1.41187
ENSG00000105321,-1.83213,-2.4673,2.74908,0.199255
ENSG00000105323,-1.57299,-1.93307,-1.68005,-2.55487
ENSG00000105327,1.65907,2.96188,0.139902,2.19329
ENSG00000105329,0.415573,0.0957878,0.176194,0.19232
ENSG00000105339,-1.81334,-1.07669,0.275532,-0.566502
ENSG00000105341,-0.794443,-0.28064,1.14861,0.61375
ENSG00000105352,0.348147,0.0304027,-0.611647,-0.411002
ENSG00000105355,2.69736,-0.775616,-0.163489,-0.664048
ENSG00000105364,0.142946,-0.113961,1.42449,0.926687
ENSG00000105373,0.431691,-0.259836,0.178795,-0.0573047
ENSG00000105374,1.95042,0.899917,0.899917,1.27268
ENSG00000105376,0.360639,2.07002,2.49165,3.22559
ENSG00000105393,-1.03,0.0842648,0.40945,0.349109
ENSG00000105397,0.418872,0.840555,0.685628,1.07917
ENSG00000105402,1.36988,0.462689,0.462689,0.654341
ENSG00000105404,0.542339,0.733527,0.60458,0.946185
ENSG00000105409,0.923872,0.965015,-0.965015,0
ENSG00000105419,-1.05393,0.145934,0.408637,0.392141
ENSG00000105427,-0.794463,-1.96148,-1.17803,-2.21997
ENSG00000105429,-0.131375,-2.32676,1.83034,-0.351021
ENSG00000105443,-0.656166,-0.449873,-0.345349,-0.562306
ENSG00000105447,-2.21359,-1.4609,-1.56486,-2.13953
ENSG00000105472,0.936849,-0.501268,0.797269,0.209304
ENSG00000105479,-0.79148,0.552616,-4.53749,-2.81773
ENSG00000105483,-0.420442,0.170682,0.558315,0.515478
ENSG00000105486,-0.00322428,0.313419,-0.732342,-0.296223
ENSG00000105492,-0.987128,-1.43696,-1.43696,-2.03216
ENSG00000105497,-1.44793,-0.384117,0.200209,-0.130043
ENSG00000105499,1.26751,2.3361,1.61578,2.7944
ENSG00000105501,-0.516656,-1.75828,-2.25114,-2.83509
ENSG00000105509,0.652741,0.787185,0.16409,0.672653
ENSG00000105514,3.71834,2.31727,0.981415,2.33252
ENSG00000105518,4.25868,2.50097,-1.43636,0.752792
ENSG00000105519,-0.81186,-0.695596,-3.04582,-2.64558
ENSG00000105520,3.8196,1.51234,-0.381118,0.799896
ENSG00000105552,-1.00866,0.593288,-0.0693312,0.370493
ENSG00000105556,0.779446,0.820723,-1.05962,-0.168925
ENSG00000105559,-1.86666,0.139226,0.304775,0.313956
ENSG00000105568,-0.60154,1.41553,0.479882,1.34026
ENSG00000105583,0.71282,2.70287,2.39199,3.60261
ENSG00000105607,1.21756,1.0113,1.59355,1.84191
ENSG00000105640,-2.11885,-0.490682,-0.407853,-0.63536
ENSG00000105649,-0.806106,0.765514,-0.765514,7.85046e-17
ENSG00000105656,-1.54724,-0.560762,-0.0786242,-0.452114
ENSG00000105669,1.88164,-2.19735,-1.07434,-2.31344
ENSG00000105671,-0.203626,0.0833,2.26504,1.66053
ENSG00000105672,1.87153,1.17788,0.703345,1.33023
ENSG00000105695,0.148515,1.04526,0.808828,1.31104
ENSG00000105699,0.232978,0.0241746,0.272981,0.210121
ENSG00000105700,-0.0762267,-0.0761841,-0.677643,-0.533036
ENSG00000105707,0.406626,-0.181005,-0.294608,-0.336309
ENSG00000105708,-5.07081,-0.850844,-2.67529,-2.49335
ENSG00000105711,1.68265,-0.186405,-0.316877,-0.355874
ENSG00000105722,0.80648,0.289161,0.289161,0.408936
ENSG00000105723,-0.492005,0.254316,0.254316,0.359657
ENSG00000105738,0.338476,0.156487,-1.11379,-0.676914
ENSG00000105750,-1.35281,0.707202,0.132644,0.593861
ENSG00000105767,0.812396,0.168177,-0.479484,-0.220127
ENSG00000105778,2.93637,3.28406,2.52823,4.10991
ENSG00000105793,-1.92354,-0.583991,-0.808142,-0.984386
ENSG00000105808,0.820183,0.718184,0.385042,0.780098
ENSG00000105854,2.2835,0.591671,1.92547,1.77989
ENSG00000105856,-1.15287,-1.34745,-1.14693,-1.76379
ENSG00000105866,3.04234,1.0093,3.55719,3.22899
ENSG00000105926,4.42881,-0.459862,-5.37579,-4.12643
ENSG00000105928,5.55685,3.76877,1.99958,4.07884
ENSG00000105939,1.03366,-0.847979,0.916974,0.048787
ENSG00000105948,1.06384,-0.416767,0.192795,-0.158372
ENSG00000105953,4.41058,8.33081,4.4261,9.0205
ENSG00000105963,0.0585599,0.859053,-0.0886502,0.544757
ENSG00000105967,2.49469,2.13519,2.13519,3.01962
ENSG00000105968,1.00549,0.28573,1.93845,1.57273
ENSG00000105982,-1.86883,-0.610856,-1.45144,-1.45826
ENSG00000105983,-0.936893,-0.75988,-1.19655,-1.3834
ENSG00000105993,-1.40331,-0.57217,-0.654548,-0.86742
ENSG00000105997,-1.4712,-0.309927,0.0799121,-0.162645
ENSG00000106003,5.11638,0.199691,-2.86091,-1.88177
ENSG00000106004,-1.08197,-0.302828,0.274619,-0.0199467
ENSG00000106009,5.60616,1.10583,1.20528,1.63421
ENSG00000106034,3.05835,2.50527,0.476078,2.10813
ENSG00000106049,0.0320622,-0.647782,1.49734,0.600726
ENSG00000106066,0.976336,-0.479831,-0.673415,-0.815468
ENSG00000106069,0.426969,-1.33492,1.85204,0.36566
ENSG00000106077,-0.666033,-1.49516,-1.51601,-2.12922
ENSG00000106086,1.90784,0.569619,0.99945,1.1095
ENSG00000106089,-0.86048,-1.51601,0.0212787,-1.05694
ENSG00000106100,0.603365,0.467523,0.467523,0.661177
ENSG00000106123,-1.49992,-2.103,-0.817542,-2.06513
ENSG00000106144,-0.270295,0.453433,0.77409,0.86799
ENSG00000106153,0.487197,1.1739,0.374735,1.09505
ENSG00000106236,0.608785,1.88625,0.0608576,1.37682
ENSG00000106244,1.41186,1.81631,2.17423,2.82174
ENSG00000106245,0.997796,1.47627,1.53178,2.12701
ENSG00000106246,-0.781249,1.55467,1.55467,2.19863
ENSG00000106258,-1.65705,-0.107243,0.560601,0.320573
ENSG00000106261,-1.12754,1.55213,1.12998,1.89654
ENSG00000106263,5.35518,2.4372,4.19768,4.69157
ENSG00000106290,-2.22415,-0.954527,-0.954527,-1.34991
ENSG00000106299,0.555359,3.36695,2.21801,3.94917
ENSG00000106305,0.73674,-0.717469,-0.241803,-0.678308
ENSG00000106327,3.47443,4.5922,4.07683,6.12993
ENSG00000106330,1.88106,1.57911,1.57911,2.23319
ENSG00000106333,-1.75168,-1.71427,-0.629693,-1.65743
ENSG00000106344,-2.03484,-1.00011,-0.825079,-1.2906
ENSG00000106348,-1.71601,0.620507,0.68463,0.922871
ENSG00000106351,-0.365563,-0.68715,-0.68715,-0.971777
ENSG00000106355,3.6376,1.73079,1.56337,2.32932
ENSG00000106367,-1.74316,-0.697101,-0.697101,-0.985849
ENSG00000106392,1.58407,2.02907,1.40793,2.43033
ENSG00000106399,-0.706143,0.381086,-1.56934,-0.840221
ENSG00000106400,1.52309,-0.625122,-1.07224,-1.20022
ENSG00000106404,1.83788,0.475851,-0.123563,0.249105
ENSG00000106415,0.720654,-1.07456,0.0290769,-0.739267
ENSG00000106443,-1.34224,-2.35381,-2.09904,-3.14864
ENSG00000106459,-0.107049,0.393503,0.442189,0.590924
ENSG00000106460,-1.72949,1.53819,2.22953,2.66418
ENSG00000106484,-0.260826,-0.901556,-0.989488,-1.33717
ENSG00000106524,1.29082,2.23809,-1.06703,0.828062
ENSG00000106526,-0.34755,0.753405,0.520714,0.900938
ENSG00000106554,-1.12043,-1.22475,-1.37922,-1.84128
ENSG00000106560,0.803908,0.840165,0.665076,1.06437
ENSG00000106565,-0.143935,1.72357,1.33411,2.16211
ENSG00000106588,1.7023,0.655507,-2.49745,-1.30245
ENSG00000106591,1.14497,-2.49745,-0.4174,-2.06111
ENSG00000106603,0.364338,-0.0178554,0.099577,0.0577859
ENSG00000106605,0.446701,0.961452,1.03454,1.41138
ENSG00000106608,0.853606,0.0414933,0.123108,0.116391
ENSG00000106609,-0.365476,-0.534546,-0.992242,-1.0796
ENSG00000106624,-0.630514,0.553299,0.170327,0.511681
ENSG00000106628,0.270311,-0.112755,-0.266759,-0.268357
ENSG00000106636,3.48106,1.79307,-1.79307,-3.14018e-16
ENSG00000106638,0.988822,1.98125,1.88166,2.73148
ENSG00000106665,2.7014,-1.35807,-2.22468,-2.53338
ENSG00000106683,1.90528,2.4545,3.12635,3.94626
ENSG00000106686,0.0647467,0.75308,1.18086,1.36751
ENSG00000106692,2.45775,1.16131,0.792618,1.38164
ENSG00000106723,2.30244,2.05299,-1.03392,0.720593
ENSG00000106733,-0.671776,-2.07261,-1.55089,-2.5622
ENSG00000106771,-3.66282,-2.38646,-0.0515898,-1.72396
ENSG00000106772,2.09775,2.08838,0.188557,1.61004
ENSG00000106780,2.0776,2.16065,0.765514,2.06911
ENSG00000106785,1.02651,0.91395,-0.26637,0.457908
ENSG00000106789,0.440542,0.396494,-0.439806,-0.0306263
ENSG00000106799,-0.916064,-0.0721902,0.0721902,0
ENSG00000106853,1.63141,0.658672,0.0756766,0.519263
ENSG00000106868,3.27311,1.31485,-0.936584,0.267475
ENSG00000106976,-2.84404,-3.13454,-2.2827,-3.83056
ENSG00000106993,-1.33544,0.455694,0.503641,0.678352
ENSG00000107020,1.79446,0.67262,1.17869,1.30908
ENSG00000107036,-2.30489,-1.16384,2.11944,0.675716
ENSG00000107077,1.99796,-1.53051,-2.03925,-2.5242
ENSG00000107099,0.0092447,-2.2113,-2.11026,-3.0558
ENSG00000107104,1.83377,0.381546,1.22567,1.13647
ENSG00000107130,-0.00749811,-0.245399,-0.947488,-0.843498
ENSG00000107140,-3.85282,-0.260881,-0.0464126,-0.217289
ENSG00000107164,-0.425192,-1.47067,-1.26354,-1.93338
ENSG00000107175,0.589918,-0.43646,-0.115352,-0.39019
ENSG00000107185,-1.32493,-0.469394,-0.149849,-0.437871
ENSG00000107201,-1.83437,-0.878898,2.19479,0.93048
ENSG00000107242,1.89787,-1.80147,-1.36137,-2.23647
ENSG00000107263,-0.127841,-0.457365,-0.137105,-0.420354
ENSG00000107338,-1.24832,-1.95455,0.193346,-1.24536
ENSG00000107341,-0.823372,-0.0365055,-0.0365055,-0.0516265
ENSG00000107371,-0.263711,-0.20473,0.428806,0.158446
ENSG00000107372,0.481914,-0.116337,-0.116337,-0.164526
ENSG00000107404,-0.745676,-0.422926,0.315517,-0.0759495
ENSG00000107521,4.21326,1.92035,-0.653589,0.895735
ENSG00000107537,-0.873409,0.376672,0.869326,0.881053
ENSG00000107551,-0.317583,0.6512,-0.697848,-0.0329846
ENSG00000107554,-0.770762,0.337585,0.150413,0.345067
ENSG00000107560,-2.85751,-1.9521,-1.82773,-2.67274
ENSG00000107566,0.954974,-2.6586,-1.2559,-2.76797
ENSG00000107581,0.516282,0.341421,0.341421,0.482843
ENSG00000107593,1.17744,2.03746,0.766866,1.98296
ENSG00000107611,3.99874,3.05421,-0.477405,1.82207
ENSG00000107614,-0.0388516,0.489936,-3.17511,-1.89871
ENSG00000107625,-0.712082,1.76605,1.57574,2.363
ENSG00000107651,-0.536804,-0.540152,0.223936,-0.223599
ENSG00000107669,0.742208,-1.57597,-3.12082,-3.32114
ENSG00000107672,1.27184,-2.09605,0.145841,-1.379
ENSG00000107679,2.03356,0.613588,2.25486,2.0283
ENSG00000107736,-1.21654,-2.22242,1.16329,-0.748916
ENSG00000107738,-1.98559,-1.65942,-0.230395,-1.3363
ENSG00000107742,0.14102,-0.629003,0.764467,0.0957876
ENSG00000107745,0.329741,0.421122,0.211449,0.447295
ENSG00000107771,-2.13973,-1.60943,-0.0871917,-1.1997
ENSG00000107789,-0.398699,-0.950079,-0.950079,-1.34361
ENSG00000107796,-2.78926,-1.23209,-0.932078,-1.5303
ENSG00000107798,-0.352835,-0.243464,-0.166769,-0.290079
ENSG00000107816,-0.200932,-0.675607,-3.66294,-3.06782
ENSG00000107819,-0.915346,-1.59522,-0.530318,-1.50298
ENSG00000107821,0.930871,1.32522,1.8803,2.26664
ENSG00000107829,1.81457,4.08877,-0.141213,2.79134
ENSG00000107833,-0.135385,-1.47756,-1.28347,-1.95234
ENSG00000107854,1.24339,2.45717,1.89999,3.08098
ENSG00000107862,-1.47988,-3.57279,-3.57279,-5.05268
ENSG00000107864,0.163665,-0.8825,0.8825,-7.85046e-17
ENSG00000107882,0.455939,-0.527057,-0.717671,-0.880156
ENSG00000107890,-0.929688,0.139363,0.297931,0.309214
ENSG00000107897,0.760632,0.0276583,-0.399782,-0.263131
ENSG00000107902,2.19495,0.86705,2.41085,2.31782
ENSG00000107929,-1.6787,-0.688846,0.0333383,-0.463514
ENSG00000107937,-0.134059,0.921995,-0.260743,0.467576
ENSG00000107951,1.38836,1.03316,-1.25003,-0.153355
ENSG00000107957,5.34342,-1.27678,1.15818,-0.0838608
ENSG00000107959,-0.0711441,0.595828,0.959296,1.09964
ENSG00000107960,-1.25606,0.697436,1.40354,1.48562
ENSG00000108021,-0.223001,2.00012,0.177366,1.53971
ENSG00000108039,1.0661,0.187207,-0.00596893,0.128155
ENSG00000108061,2.69383,0.699608,0.819736,1.07434
ENSG00000108064,1.12158,-0.097136,1.09088,0.702684
ENSG00000108091,2.97717,2.91889,-2.39274,0.372042
ENSG00000108107,0.106842,-0.73036,-0.0517729,-0.553051
ENSG00000108187,0.269568,1.26884,1.26884,1.79441
ENSG00000108219,2.04706,-0.59596,0.944155,0.246211
ENSG00000108256,0.913194,1.12709,-1.90508,-0.550126
ENSG00000108309,-1.5561,-0.166792,0.227054,0.0426118
ENSG00000108344,4.02409,-1.08976,-1.08243,-1.53597
ENSG00000108349,0.0122,0.492858,2.28959,1.96749
ENSG00000108352,-2.67504,-0.770923,-0.753003,-1.07758
ENSG00000108370,3.23373,-0.704292,-0.6178,-0.93486
ENSG00000108379,-5.05186,-4.70188,-4.45593,-6.47555
ENSG00000108384,2.91158,3.04679,3.00901,4.28209
ENSG00000108395,-0.518497,-0.248641,-0.229885,-0.338369
ENSG00000108405,-0.916633,-2.09341,-1.54946,-2.5759
ENSG00000108424,0.828131,0.252801,-0.252801,0
ENSG00000108433,-0.448858,0.183761,0.612661,0.563156
ENSG00000108439,-0.579094,-0.310765,-0.51571,-0.584406
ENSG00000108443,1.47368,1.47678,1.14658,1.855
ENSG00000108465,0.560165,0.932564,-1.81833,-0.62633
ENSG00000108468,0.665642,0.760238,0.539379,0.918968
ENSG00000108469,0.317269,-0.387278,-0.777721,-0.823779
ENSG00000108479,-0.454092,-2.30734,2.40275,0.0674641
ENSG00000108509,-2.75453,0.0776187,0.397567,0.336007
ENSG00000108515,0.280372,-0.250084,0.999823,0.530145
ENSG00000108523,-2.32745,1.04464,0.362241,0.994815
ENSG00000108528,2.54483,0.649464,1.30017,1.3786
ENSG00000108551,-4.47987,-1.12665,-0.674377,-1.27352
ENSG00000108556,-1.94248,1.50657,1.7086,2.27347
ENSG00000108561,0.560882,-2.81056,-3.16693,-4.22672
ENSG00000108576,-8.8385,-0.244551,-3.21317,-2.44498
ENSG00000108578,6.65317,3.21317,-0.173458,2.1494
ENSG00000108587,-6.09435,-4.0006,-3.60412,-5.37735
ENSG00000108591,4.70814,-1.10099,-1.75288,-2.01799
ENSG00000108592,2.54522,1.72782,1.81819,2.5074
ENSG00000108599,3.43855,3.59503,2.73021,4.47262
ENSG00000108604,2.17014,3.4407,3.54364,4.93867
ENSG00000108622,1.59551,-0.817075,-0.817075,-1.15552
ENSG00000108639,-0.879053,-1.21741,-1.82018,-2.1479
ENSG00000108651,-1.01265,-1.83065,-1.44032,-2.31293
ENSG00000108654,1.33147,2.53238,2.53238,3.58133
ENSG00000108669,-2.55109,0.202703,0.0775066,0.198138
ENSG00000108671,-3.75498,-4.02302,-4.02302,-5.68941
ENSG00000108771,0.494877,0.84372,0.696384,1.08902
ENSG00000108774,-0.783318,-1.30096,0.212086,-0.769951
ENSG00000108786,-1.98409,-3.49098,-4.19813,-5.43702
ENSG00000108788,0.346838,0.10171,-0.34517,-0.172153
ENSG00000108797,-1.89603,-1.15377,2.37964,0.86682
ENSG00000108798,-2.0709,-0.310931,0.310931,3.92523e-17
ENSG00000108799,2.5772,1.19801,1.19801,1.69424
ENSG00000108813,1.07704,1.14693,1.08052,1.57504
ENSG00000108819,1.71967,0.113693,-0.627722,-0.363473
ENSG00000108826,1.51864,1.06634,0.849217,1.3545
ENSG00000108828,-2.29928,-2.3047,-2.28249,-3.24363
ENSG00000108830,-2.33638,-2.3047,-2.3047,-3.25933
ENSG00000108840,-1.30215,-0.0340051,-4.24119,-3.02302
ENSG00000108854,1.11063,1.14511,0.0393895,0.837565
ENSG00000108883,0.236164,1.2504,-0.209408,0.736094
ENSG00000108924,-1.21976,-0.297905,0.656448,0.253529
ENSG00000108946,0.284138,1.1364,-1.17915,-0.0302307
ENSG00000108950,0.430321,0.927431,1.25037,1.53994
ENSG00000108960,-1.63739,2.51024,0.20473,1.91977
ENSG00000108963,-0.472734,-1.07258,-2.19843,-2.31296
ENSG00000109016,-1.32353,-1.35233,-0.332834,-1.19159
ENSG00000109047,2.17841,2.70328,3.50054,4.38676
ENSG00000109063,0.0347165,-0.182785,0.222445,0.0280439
ENSG00000109065,-1.05096,1.77137,0.421802,1.55081
ENSG00000109066,-1.87765,-0.421802,-1.79284,-1.56599
ENSG00000109079,2.74626,-0.954611,1.23411,0.197633
ENSG00000109084,-1.54832,-2.44849,-2.24679,-3.32007
ENSG00000109089,-2.65258,-0.197797,2.75851,1.8107
ENSG00000109113,0.356238,-0.911516,-0.593922,-1.06451
ENSG00000109118,-4.25533,-0.795614,-0.795614,-1.12517
ENSG00000109133,-1.81738,-0.826722,-0.826722,-1.16916
ENSG00000109171,1.77958,-2.4945,-2.6667,-3.64952
ENSG00000109180,6.46863,2.02208,2.1977,2.98384
ENSG00000109184,1.87223,-0.825663,-0.825663,-1.16766
ENSG00000109320,1.59122,0.781508,-0.637647,0.101725
ENSG00000109323,4.76624,-3.20904,-3.20009,-4.53194
ENSG00000109332,-2.66184,-3.90948,-4.1023,-5.66519
ENSG00000109381,3.62638,-5.26458,-3.15349,-5.95247
ENSG00000109390,1.74624,0.666842,2.88908,2.51442
ENSG00000109436,0.383396,0.808465,0.82821,1.1573
ENSG00000109445,2.54271,2.55487,2.76246,3.75992
ENSG00000109501,-0.366369,0.988606,0.897856,1.33393
ENSG00000109519,3.2407,3.05467,-3.12907,-0.052607
ENSG00000109572,-4.27536,2.37908,-0.99725,0.977103
ENSG00000109618,-0.811322,0.653584,0.653584,0.924307
ENSG00000109667,1.5412,2.05842,2.01762,2.8822
ENSG00000109670,1.57197,-0.370563,-0.370563,-0.524055
ENSG00000109674,-2.09115,-1.4309,1.27807,-0.108065
ENSG00000109680,3.5224,-1.68693,3.48375,1.27054
ENSG00000109685,0.101438,2.14231,2.14231,3.02969
ENSG00000109686,-2.22563,0.607827,0.544912,0.81511
ENSG00000109689,4.60688,3.81625,-2.41161,0.993233
ENSG00000109756,-1.50558,-2.39137,1.74678,-0.455797
ENSG00000109762,-2.61087,-0.274382,0.160964,-0.0801988
ENSG00000109771,-2.8705,0.549209,0.311695,0.608751
ENSG00000109775,-3.08507,-0.704733,-0.102199,-0.570587
ENSG00000109790,-2.85744,-2.00456,0.040396,-1.38887
ENSG00000109794,0.340065,-0.15898,-0.15898,-0.224831
ENSG00000109805,-0.569147,1.69897,0.505949,1.55911
ENSG00000109814,0.713968,0.838747,0.287181,0.796151
ENSG00000109854,1.03649,0.313217,-0.00568666,0.217457
ENSG00000109861,-1.09171,0.929931,0.269448,0.848089
ENSG00000109881,-3.26463,-0.341188,-0.34649,-0.486262
ENSG00000109911,2.37803,2.59408,2.59408,3.66859
ENSG00000109917,-0.448824,0.585046,0.530354,0.788707
ENSG00000109927,0.530224,1.08362,-0.472041,0.432454
ENSG00000109929,-0.785709,-0.494344,-0.471776,-0.68315
ENSG00000109944,-0.121468,2.84986,-2.78487,0.0459553
ENSG00000109956,4.53632,4.85213,-2.78319,1.46296
ENSG00000110011,-0.708534,-1.62171,-0.592576,-1.56574
ENSG00000110013,-5.35349,-1.37501,-1.37501,-1.94456
ENSG00000110042,-1.17157,-1.40911,0.95375,-0.321986
ENSG00000110046,-2.19012,4.81562,2.01405,4.8293
ENSG00000110047,2.15008,4.54499,2.90342,5.26682
ENSG00000110057,-1.34394,0.360097,0.379831,0.523208
ENSG00000110060,-1.5033,-2.80202,-2.68903,-3.88276
ENSG00000110074,0.967033,1.22118,0.490582,1.2104
ENSG00000110075,-0.617003,-1.41001,1.33027,-0.0563836
ENSG00000110079,0.0272515,-0.426652,-0.818635,-0.880551
ENSG00000110080,-0.228682,-2.21446,1.17626,-0.734118
ENSG00000110092,0.750115,-0.0269742,0.135718,0.0768935
ENSG00000110104,-2.08453,-0.797891,-1.41046,-1.56154
ENSG00000110107,-2.16971,-2.25055,-2.25055,-3.18276
ENSG00000110108,-2.53639,-2.20419,-0.244792,-1.73169
ENSG00000110169,-1.21235,-1.21467,-1.47651,-1.90295
ENSG00000110171,-1.52569,-1.49334,0.0526474,-1.01872
ENSG00000110172,1.14844,-1.87102,1.87102,-4.71028e-16
ENSG00000110200,1.21314,0.541769,0.694211,0.87397
ENSG00000110203,0.259654,-0.386004,2.29787,1.35189
ENSG00000110218,1.03335,1.52914,-0.0333449,1.05769
ENSG00000110237,3.15318,0.768657,2.85299,2.56089
ENSG00000110274,-0.304288,-0.836884,-1.23677,-1.4663
ENSG00000110318,-1.51639,-1.19884,0.149696,-0.741854
ENSG00000110321,0.117606,-0.134751,-0.295839,-0.304473
ENSG00000110330,-0.588254,-0.779903,0.779903,-7.85046e-17
ENSG00000110344,-3.17667,-1.88112,-1.94398,-2.70475
ENSG00000110367,3.20328,1.8395,-0.809375,0.728406
ENSG00000110395,2.03625,-0.38326,1.25487,0.616321
ENSG00000110400,0.735865,1.259,1.259,1.78049
ENSG00000110422,0.0954751,-0.406522,0.0194638,-0.273691
ENSG00000110435,-0.164559,0.544221,0.533163,0.761825
ENSG00000110446,1.71285,0.952421,-0.213281,0.522651
ENSG00000110448,-1.32858,-0.210558,1.78684,1.1146
ENSG00000110455,1.59545,-0.55518,-0.468578,-0.723906
ENSG00000110497,-4.49694,-1.601,1.601,1.57009e-16
ENSG00000110514,4.21139,1.57107,1.62966,2.26326
ENSG00000110536,0.15974,3.25317,1.04602,3.03999
ENSG00000110583,4.4419,3.96377,3.47281,5.25845
ENSG00000110619,0.66827,-0.411969,0.981891,0.402996
ENSG00000110628,-1.34721,-0.803521,-0.765628,-1.10956
ENSG00000110651,0.673582,-0.126926,-0.78942,-0.647954
ENSG00000110660,0.478081,-0.967924,-1.07099,-1.44173
ENSG00000110665,1.11504,0.359826,-0.196939,0.115178
ENSG00000110693,2.19072,0.370051,1.56405,1.36761
ENSG00000110700,-3.9474,1.33116,1.1942,1.7857
ENSG00000110717,-1.04533,-0.569529,-0.316537,-0.626543
ENSG00000110719,-0.742223,-0.474641,0.406741,-0.0480122
ENSG00000110756,-1.58676,-1.46541,-3.78105,-3.7098
ENSG00000110768,-3.31652,-2.10513,-2.12882,-2.99386
ENSG00000110799,-0.2242,-0.0385506,-0.144633,-0.12953
ENSG00000110801,2.83648,0.542233,1.42405,1.39037
ENSG00000110811,-0.534615,-1.57275,-1.70843,-2.32015
ENSG00000110851,-0.454522,0.490564,-0.422248,0.0483072
ENSG00000110852,0.141106,1.35479,0.402457,1.24256
ENSG00000110871,1.19078,-1.07703,0.295475,-0.55264
ENSG00000110880,0.23408,0.452529,0.488233,0.665219
ENSG00000110881,3.48936,2.97698,2.99986,4.22626
ENSG00000110888,-0.67331,-0.932222,0.0095448,-0.652432
ENSG00000110906,-4.4654,0.309131,-0.356405,-0.0334276
ENSG00000110917,-1.24904,-1.17452,-2.24345,-2.41687
ENSG00000110921,3.11995,2.92006,2.14455,3.58122
ENSG00000110925,-1.20395,0.246919,0.217583,0.328453
ENSG00000110931,-3.88022,0.833789,2.86983,2.61885
ENSG00000110934,0.476917,-0.203878,1.15701,0.673964
ENSG00000110955,2.51375,0.575837,0.575837,0.814356
ENSG00000111052,-0.864685,1.26601,-1.51068,-0.173004
ENSG00000111057,-3.74339,-2.43297,-2.89238,-3.76559
ENSG00000111077,0.638158,1.38761,1.82569,2.27215
ENSG00000111087,1.54294,-0.05375,0.05375,4.90654e-18
ENSG00000111110,-0.666455,-1.09484,-1.04613,-1.51389
ENSG00000111144,-1.0005,0.232549,0.132637,0.258226
ENSG00000111181,2.05976,-1.05152,0.821921,-0.162347
ENSG00000111196,2.15704,0.514366,0.726815,0.877648
ENSG00000111199,3.10645,0.657501,-0.959664,-0.213662
ENSG00000111203,0.122847,-1.79162,-1.79162,-2.53373
ENSG00000111206,-4.06231,0.705146,-0.909585,-0.14456
ENSG00000111215,-0.33023,-0.835674,-0.651322,-1.05146
ENSG00000111224,-0.95439,-1.16774,-1.44392,-1.84672
ENSG00000111229,6.76595,7.06738,0.0145942,5.00771
ENSG00000111237,-1.99046,-2.8567,-7.15688,-7.08067
ENSG00000111247,1.80613,-1.52232,-1.52232,-2.15288
ENSG00000111254,-1.63157,-0.869086,-3.14507,-2.83844
ENSG00000111275,0.485723,0.494724,-0.29163,0.143609
ENSG00000111276,1.4927,0.0444578,0.0444578,0.0628728
ENSG00000111321,-0.914918,-0.589011,0.183303,-0.286879
ENSG00000111325,6.33853,6.72744,6.77307,9.5463
ENSG00000111328,3.76243,-3.08622,-2.78854,-4.15409
ENSG00000111331,1.59742,1.09659,-0.347264,0.529856
ENSG00000111341,0.0209512,-1.17312,0.250886,-0.652122
ENSG00000111344,1.03585,0.331364,-0.270134,0.0432959
ENSG00000111348,-0.495861,-0.238887,0.598271,0.254123
ENSG00000111358,3.29123,-1.92297,1.6059,-0.224201
ENSG00000111364,2.03457,1.52566,2.80309,3.06089
ENSG00000111405,-1.67776,-0.0405284,-1.44703,-1.05186
ENSG00000111412,-2.56914,-1.85533,0.939001,-0.647942
ENSG00000111424,-1.03928,-0.971704,-1.02969,-1.4152
ENSG00000111450,1.94007,1.70103,1.45602,2.23237
ENSG00000111452,0.859783,0.498849,-2.11471,-1.14259
ENSG00000111490,-0.416273,-1.80777,-1.20225,-2.12841
ENSG00000111540,0.454493,0.851608,-0.851608,7.85046e-17
ENSG00000111554,-2.13983,-0.676375,-1.07664,-1.23957
ENSG00000111581,-0.207246,-0.0130912,-0.278767,-0.206375
ENSG00000111596,3.79889,0.795315,2.21329,2.1274
ENSG00000111615,-1.75969,-1.47504,-1.51465,-2.11403
ENSG00000111639,-0.540357,-0.00440568,-0.441979,-0.315642
ENSG00000111644,0.187127,1.37482,1.04115,1.70835
ENSG00000111647,0.484358,-0.489804,1.48031,0.700397
ENSG00000111652,1.7224,1.03026,0.282071,0.927961
ENSG00000111653,1.33865,1.37223,1.37223,1.94063
ENSG00000111664,-0.85671,-1.32519,-1.85835,-2.2511
ENSG00000111665,1.23388,1.65969,-1.41242,0.174842
ENSG00000111666,2.72488,2.33898,2.93204,3.72718
ENSG00000111670,0.62111,-1.65386,-0.911139,-1.81373
ENSG00000111671,2.27796,1.71844,1.44751,2.23867
ENSG00000111674,0.195518,1.2005,-1.2005,0
ENSG00000111679,-1.0475,0.790047,-0.790047,7.85046e-17
ENSG00000111684,0.0370351,0.384186,-0.384186,0
ENSG00000111696,2.87299,1.97635,1.21338,2.25548
ENSG00000111707,-2.26137,-0.0860182,-0.0821914,-0.118942
ENSG00000111711,0.154055,-0.476916,0.10576,-0.262447
ENSG00000111725,3.08739,0.288726,3.41212,2.6169
ENSG00000111728,-2.91454,-2.47572,1.36596,-0.78472
ENSG00000111731,0.821584,0.816405,0.797772,1.1414
ENSG00000111752,0.770982,0.0999492,0.412798,0.362567
ENSG00000111775,0.143401,-0.0519207,0.949981,0.635025
ENSG00000111790,1.41255,0.0330734,0.895563,0.656645
ENSG00000111801,-1.47029,-1.12686,1.95432,0.585106
ENSG00000111802,4.53052,-1.4705,-1.52237,-2.11627
ENSG00000111832,-0.38315,-1.09385,-0.167742,-0.89208
ENSG00000111834,-0.254659,0.342745,0.342745,0.484714
ENSG00000111837,1.84011,-0.820737,-0.901371,-1.21771
ENSG00000111845,-1.44686,-1.07776,-1.04989,-1.50448
ENSG00000111846,-0.249185,-0.172543,-0.125069,-0.210443
ENSG00000111850,-2.16658,-1.70535,-1.92781,-2.56903
ENSG00000111875,-4.37639,-3.61533,3.73128,0.0819888
ENSG00000111877,-4.09452,-6.58412,-2.38919,-6.34509
ENSG00000111885,-2.75838,-2.17828,1.8534,-0.229718
ENSG00000111886,-0.41328,-1.32413,-0.991681,-1.63753
ENSG00000111897,0.0484032,-0.293089,-1.68623,-1.39959
ENSG00000111906,0.153666,0.285949,-0.905927,-0.43839
ENSG00000111912,-1.55854,0.130513,1.20028,0.94101
ENSG00000112029,-3.99106,-2.07057,-2.07057,-2.92823
ENSG00000112033,1.81491,0.995388,-0.731182,0.186822
ENSG00000112053,-0.521325,-0.0315247,1.28289,0.884851
ENSG00000112062,0.956986,-0.574681,-1.79381,-1.67478
ENSG00000112078,-2.15681,1.08374,1.09611,1.54138
ENSG00000112079,-2.08407,0.553995,-1.02084,-0.33011
ENSG00000112096,-2.13333,1.31803,1.62089,2.07813
ENSG00000112110,-2.26024,-1.45573,-2.67751,-2.92264
ENSG00000112118,-2.20793,2.34268,0.931239,2.31501
ENSG00000112130,0.0819942,0.339766,1.75132,1.47862
ENSG00000112139,-1.9059,-1.00088,-1.98874,-2.11398
ENSG00000112149,-1.48209,-0.355685,0.719691,0.257391
ENSG00000112159,0.0278854,1.19435,0.413421,1.13686
ENSG00000112167,0.271512,-0.0696699,-0.657538,-0.514214
ENSG00000112200,-1.59778,0.241365,0.827108,0.755524
ENSG00000112237,2.09994,1.10414,0.5386,1.16159
ENSG00000112249,-4.37626,-1.20743,-1.27121,-1.75266
ENSG00000112282,-1.24687,-0.948837,-1.95368,-2.05239
ENSG00000112290,-0.744388,-0.388515,-0.115925,-0.356693
ENSG00000112293,-2.14369,-0.854386,0.196194,-0.465412
ENSG00000112294,-2.72993,-2.44376,0.239475,-1.55866
ENSG00000112297,-0.025212,-0.306583,-0.672617,-0.692399
ENSG00000112299,0.470208,0.591855,1.4224,1.42429
ENSG00000112303,0.101526,-1.75775,-0.756633,-1.77793
ENSG00000112304,-1.55373,-0.98133,1.52237,0.38257
ENSG00000112306,-1.12664,-0.0167847,-1.01314,-0.728266
ENSG00000112308,0.661324,0.321112,0.963057,0.908045
ENSG00000112309,-4.76818,-1.64507,1.51179,-0.0942468
ENSG00000112320,1.59197,1.98909,-1.98909,-3.14018e-16
ENSG00000112335,-4.91702,-0.0612797,0.0612797,0
ENSG00000112339,1.47701,1.75565,1.21725,2.10215
ENSG00000112343,0.218086,5.8391,2.24425,5.71579
ENSG00000112357,-0.461816,-1.29762,-0.759147,-1.45435
ENSG00000112365,-1.11229,2.70331,0.211421,2.06103
ENSG00000112367,-0.944034,1.02546,-2.91689,-1.33745
ENSG00000112394,0.535732,2.7816,2.7816,3.93378
ENSG00000112419,1.92395,0.569581,-0.247626,0.227657
ENSG00000112486,0.00147451,0.72092,-0.474391,0.174322
ENSG00000112514,-2.65189,-2.97103,-0.426701,-2.40256
ENSG00000112531,-1.40827,-1.93777,2.4712,0.377192
ENSG00000112578,-1.56856,-3.79967,0.597993,-2.26393
ENSG00000112584,-3.54728,-2.22126,-3.05639,-3.73186
ENSG00000112592,-2.44977,-0.219019,-0.271605,-0.346924
ENSG00000112599,1.41998,1.56928,1.32051,2.04339
ENSG00000112619,0.935685,-2.70824,-2.05862,-3.37068
ENSG00000112624,0.607983,1.68473,2.26149,2.7904
ENSG00000112640,2.40539,0.842712,2.15325,2.11847
ENSG00000112655,3.62358,0.377929,-1.23316,-0.60474
ENSG00000112659,3.73888,5.70232,-0.327463,3.8006
ENSG00000112667,3.21649,-0.417045,-0.417045,-0.58979
ENSG00000112685,2.74428,1.67776,2.3316,2.83505
ENSG00000112695,0.294892,-0.0144866,-0.107912,-0.0865491
ENSG00000112697,-0.232125,-1.29787,-1.29787,-1.83546
ENSG00000112699,0.083762,0.67575,-0.984853,-0.218569
ENSG00000112701,-0.561059,-1.09596,-0.791057,-1.33433
ENSG00000112739,-2.3638,1.30451,3.91024,3.68739
ENSG00000112759,0.149322,0.720164,-0.341316,0.267885
ENSG00000112763,0.00836185,0.874996,1.52323,1.6958
ENSG00000112787,-1.08923,-1.16198,-0.2297,-0.984065
ENSG00000112799,-0.136168,1.39649,-1.17652,0.155539
ENSG00000112812,-12.0795,-7.37253,-8.55846,-11.2649
ENSG00000112851,-0.187924,1.23115,-0.327575,0.638922
ENSG00000112855,5.29459,-1.27613,1.27613,-1.57009e-16
ENSG00000112874,-0.624308,-0.302223,-0.603235,-0.640256
ENSG00000112877,0.570605,0.101579,1.27287,0.971879
ENSG00000112893,-2.37267,-1.82265,-3.45444,-3.73146
ENSG00000112941,-3.11265,1.41077,1.93353,2.36477
ENSG00000112972,-3.96017,1.09555,1.51996,1.84945
ENSG00000112977,-0.777623,-0.108975,-0.539838,-0.45878
ENSG00000112992,4.77164,1.4893,1.51107,2.12158
ENSG00000113013,2.99909,-2.34321,0.573153,-1.25162
ENSG00000113048,0.22079,-2.76509,2.76509,3.14018e-16
ENSG00000113083,-0.135477,-0.365113,-0.202429,-0.401313
ENSG00000113119,5.33516,3.59416,3.23992,4.83242
ENSG00000113141,5.57758,2.48256,4.49341,4.93275
ENSG00000113163,-0.953541,0.110377,-0.647295,-0.379658
ENSG00000113231,-0.30816,0.348315,1.81861,1.53225
ENSG00000113240,-0.218652,1.71256,0.482892,1.55242
ENSG00000113249,-1.69963,0.232445,0.401796,0.448476
ENSG00000113269,0.356253,1.79427,0.283736,1.46937
ENSG00000113272,1.37449,1.26213,-0.26342,0.706192
ENSG00000113273,2.2503,0.373234,0.460201,0.589327
ENSG00000113312,-0.405944,-0.351171,-0.351171,-0.496631
ENSG00000113318,0.293978,0.593237,0.643905,0.874791
ENSG00000113328,-1.45054,-1.00021,-0.308149,-0.925149
ENSG00000113360,-1.33266,1.79339,0.63001,1.7136
ENSG00000113384,0.63889,0.20826,0.113566,0.227565
ENSG00000113407,-2.06806,0.438652,0.588425,0.726253
ENSG00000113441,-2.31379,-0.028909,-0.028909,-0.0408834
ENSG00000113448,0.45279,0.067134,-0.067134,0
ENSG00000113504,0.136668,-1.67459,-1.67306,-2.36714
ENSG00000113552,1.12757,1.08998,0.228306,0.932171
ENSG00000113558,0.0810848,-0.335512,-0.315522,-0.46035
ENSG00000113580,-0.431294,-0.743833,-0.743833,-1.05194
ENSG00000113583,-0.568692,-0.862896,0.330325,-0.376584
ENSG00000113593,1.97116,1.03488,2.32421,2.37523
ENSG00000113597,2.02844,-0.138388,-0.188397,-0.231072
ENSG00000113621,0.507523,0.663749,1.26531,1.36405
ENSG00000113638,-1.76872,-2.00196,-3.53147,-3.91273
ENSG00000113645,2.09349,0.858129,-0.298084,0.396012
ENSG00000113649,3.42372,1.58843,2.54356,2.92176
ENSG00000113657,-1.97614,0.985856,-0.565533,0.297213
ENSG00000113658,-1.12593,-0.251528,0.454936,0.143831
ENSG00000113712,0.112068,0.686343,0.29549,0.694261
ENSG00000113716,-1.69413,-1.22476,0.00517477,-0.862378
ENSG00000113719,-3.15916,-1.66014,-1.02409,-1.89804
ENSG00000113721,0.756988,-0.0186935,0.124062,0.0745069
ENSG00000113734,3.6052,2.0643,2.4401,3.1851
ENSG00000113749,1.29078,-0.517312,0.517312,0
ENSG00000113810,-0.461419,0.741087,1.04138,1.26039
ENSG00000113811,1.60605,1.38055,-1.36184,0.013236
ENSG00000113812,1.39956,1.96541,1.95446,2.77176
ENSG00000113845,0.659036,-1.35988,-1.40313,-1.95375
ENSG00000113851,-2.03914,-0.403382,1.59187,0.840388
ENSG00000113971,0.177342,0.801814,0.708112,1.06768
ENSG00000114023,0.983666,-0.540349,-0.63909,-0.833989
ENSG00000114026,0.0468091,-0.41274,0.0677695,-0.243931
ENSG00000114030,1.5489,-3.01316,0.350626,-1.88269
ENSG00000114054,-6.16166,-6.14771,-10.53,-11.7929
ENSG00000114098,2.00642,0.272677,0.456121,0.515338
ENSG00000114107,-1.25164,0.803397,-0.179122,0.441429
ENSG00000114166,-2.05033,-0.0334888,0.622364,0.416398
ENSG00000114209,-0.269765,0.714742,-4.15073,-2.42961
ENSG00000114268,3.95842,1.15615,1.15615,1.63504
ENSG00000114270,3.28794,1.4398,1.4398,2.03619
ENSG00000114302,-0.683167,-3.9087,0.789872,-2.20534
ENSG00000114316,3.20592,1.48411,1.48411,2.09885
ENSG00000114331,-1.08508,0.940892,0.867128,1.27846
ENSG00000114354,-0.814366,-0.929509,-0.378313,-0.924769
ENSG00000114391,-0.287334,-0.12972,-0.12972,-0.183452
ENSG00000114405,-1.32389,-1.20183,-1.46447,-1.88536
ENSG00000114423,0.0214128,-2.45544,0.29549,-1.52731
ENSG00000114450,0.139299,-0.757943,0.842722,0.0599479
ENSG00000114455,-1.05387,-1.53249,-1.2644,-1.9777
ENSG00000114473,-0.307598,0.417258,-1.2351,-0.578301
ENSG00000114480,-1.60553,-0.243768,0.999925,0.534684
ENSG00000114491,-2.58401,-2.16842,-2.42063,-3.24495
ENSG00000114503,0.783523,0.340154,-0.673284,-0.235558
ENSG00000114520,1.5624,0.112316,0.102319,0.15177
ENSG00000114544,0.920612,1.93806,2.09595,2.85248
ENSG00000114554,0.104362,1.23599,1.34044,1.82181
ENSG00000114626,-1.62676,-0.898405,-0.898405,-1.27054
ENSG00000114631,-1.57371,-0.668296,-0.873951,-1.09053
ENSG00000114650,-0.857535,-0.931618,2.32048,0.982073
ENSG00000114670,-1.29226,-1.6953,-1.98577,-2.60291
ENSG00000114686,-1.09957,0.214295,0.214295,0.303059
ENSG00000114735,0.690187,-0.250967,-0.756378,-0.7123
ENSG00000114737,2.39172,-0.196605,0.272992,0.0540142
ENSG00000114738,-0.17239,-0.134483,-0.338838,-0.334689
ENSG00000114739,-2.24376,-2.18666,3.57715,0.983228
ENSG00000114744,-1.15166,-1.17001,-1.58908,-1.95097
ENSG00000114745,0.750322,0.156862,0.572543,0.515767
ENSG00000114767,7.25486,-1.24997,-1.24997,-1.76773
ENSG00000114770,-0.143233,-1.34717,-0.0320679,-0.975269
ENSG00000114779,8.68333,0.233758,-0.215661,0.0127969
ENSG00000114790,0.069506,0.523244,0.513834,0.733325
ENSG00000114796,-0.351122,-0.591507,-0.591507,-0.836517
ENSG00000114850,-0.0386065,-0.527691,0.523269,-0.00312702
ENSG00000114853,0.924609,0.693119,1.11505,1.27857
ENSG00000114854,-5.98979,-2.72886,-2.87728,-3.96414
ENSG00000114857,0.316019,0.461666,0.675542,0.804128
ENSG00000114902,-8.52451,-6.9651,-6.9651,-9.85014
ENSG00000114948,-1.20559,-0.727214,-0.437601,-0.823648
ENSG00000114956,1.76144,0.878843,1.51702,1.69413
ENSG00000114978,-1.60314,-1.27402,-1.91025,-2.25162
ENSG00000114988,-3.79913,-4.18038,-0.790406,-3.51487
ENSG00000114993,0.597161,-0.0419028,1.72001,1.1866
ENSG00000114999,2.55904,0.804372,0.154086,0.677732
ENSG00000115020,0.289282,1.01925,1.19961,1.56898
ENSG00000115073,-1.83933,-5.62289,-5.01001,-7.51859
ENSG00000115084,0.672607,-0.17353,0.0909673,-0.0583805
ENSG00000115085,-0.3283,0.985939,-0.607975,0.267261
ENSG00000115107,2.24645,3.26119,1.18134,3.14134
ENSG00000115109,-0.22979,-1.10798,-1.09406,-1.55707
ENSG00000115112,3.60164,2.83345,2.46719,3.74812
ENSG00000115128,2.79675,0.419071,-0.419071,3.92523e-17
ENSG00000115129,-2.93785,-0.751224,-0.156017,-0.641516
ENSG00000115137,1.20788,0.546604,1.74314,1.61909
ENSG00000115165,1.94642,-0.702547,0.434726,-0.189378
ENSG00000115216,-4.47055,-2.93644,-3.09043,-4.26164
ENSG00000115234,-5.31889,-3.25802,-3.25802,-4.60753
ENSG00000115239,4.79883,1.98836,0.0913176,1.47055
ENSG00000115257,-0.789942,-0.264318,-0.402593,-0.471578
ENSG00000115267,-0.404655,-0.851825,-0.860247,-1.21062
ENSG00000115271,-2.6578,-0.702095,-0.702095,-0.992912
ENSG00000115275,1.36886,0.632095,1.04853,1.18838
ENSG00000115282,1.2277,1.62335,1.53135,2.2307
ENSG00000115290,-1.62168,-2.26725,0.817075,-1.02543
ENSG00000115306,0.857024,1.48358,0.0630345,1.09362
ENSG00000115310,-3.51972,-2.36049,-2.55321,-3.47451
ENSG00000115325,-1.6354,-0.651422,-0.519454,-0.827934
ENSG00000115339,1.95916,-0.97505,-2.31844,-2.32885
ENSG00000115350,0.368838,-0.144226,0.329295,0.130864
ENSG00000115355,1.63043,1.40555,-1.15729,0.175545
ENSG00000115365,-1.81918,-1.14673,-1.13861,-1.61598
ENSG00000115392,5.27574,1.44026,-2.46972,-0.727939
ENSG00000115419,1.30078,1.70097,1.40691,2.1976
ENSG00000115421,-1.22567,-1.65223,-1.87557,-2.49453
ENSG00000115446,-1.84768,-0.346149,2.34313,1.41208
ENSG00000115464,-0.685477,-4.08693,-4.08693,-5.77979
ENSG00000115484,1.5481,0.131934,0.00819713,0.0990877
ENSG00000115486,0.0229468,0.331332,-0.202057,0.0914112
ENSG00000115507,-1.48493,-1.67303,-1.96898,-2.57529
ENSG00000115523,0.182985,-0.483784,0.263507,-0.155759
ENSG00000115524,9.11048,7.29323,7.29323,10.3142
ENSG00000115525,-0.673586,-0.361638,0.861844,0.353699
ENSG00000115526,-0.833788,-0.599401,-1.89106,-1.76102
ENSG00000115539,-0.117731,-1.83075,-0.347776,-1.54045
ENSG00000115541,7.50979,7.05411,-0.56833,4.58614
ENSG00000115556,-1.03028,1.34851,-1.34851,0
ENSG00000115561,-1.50607,-0.119176,1.18631,0.754576
ENSG00000115568,1.13607,0.585559,0.785177,0.969257
ENSG00000115590,-1.024,-1.30712,-0.778295,-1.47461
ENSG00000115604,2.14657,1.84527,0.172271,1.42662
ENSG00000115607,1.62475,0.299429,-1.00662,-0.500059
ENSG00000115641,-0.569598,0.323406,1.0703,0.985496
ENSG00000115649,-2.44441,0.0396437,-3.00456,-2.09652
ENSG00000115652,-1.06582,-0.642313,0.524164,-0.083544
ENSG00000115657,-1.72403,0.0277833,-0.0277833,-4.90654e-18
ENSG00000115677,-1.60531,-2.41522,0.66569,-1.23711
ENSG00000115687,0.92874,0.866505,1.05557,1.35911
ENSG00000115694,-2.00392,-1.09911,0.670744,-0.3029
ENSG00000115750,1.34195,0.459851,1.17169,1.15367
ENSG00000115756,0.0752401,2.15502,-0.758899,0.987205
ENSG00000115758,0.337142,0.861587,-0.831445,0.0213139
ENSG00000115760,-1.29063,0.415388,0.788364,0.851181
ENSG00000115761,-0.344282,-0.44124,-2.38582,-1.99904
ENSG00000115806,1.64442,0.252457,1.36307,1.14235
ENSG00000115808,1.71006,1.50384,0.472443,1.39744
ENSG00000115825,1.98162,1.2581,4.12118,3.80372
ENSG00000115827,-2.79533,-1.73993,-0.105982,-1.30525
ENSG00000115828,0.443508,4.18384,4.14948,5.89255
ENSG00000115839,-1.25497,-1.46939,1.46939,1.57009e-16
ENSG00000115840,3.51722,-3.66676,-0.112824,-2.67257
ENSG00000115841,-2.30968,-2.02401,-1.45509,-2.4601
ENSG00000115866,0.912853,-0.193259,0.156641,-0.0258924
ENSG00000115875,-1.78019,-2.78726,1.25816,-1.08124
ENSG00000115896,36.5057,5.67438,-4.78373,0.629784
ENSG00000115902,0.833238,0.678149,0.917595,1.12836
ENSG00000115904,1.80103,0.989062,1.58522,1.82029
ENSG00000115919,-1.22603,0.212833,0.549145,0.5388
ENSG00000115935,1.56848,3.0865,2.43367,3.90335
ENSG00000115944,-0.114766,-0.300948,-0.786472,-0.768922
ENSG00000115946,2.99167,1.34477,2.09001,2.42875
ENSG00000115947,-1.28965,-0.129496,-0.258126,-0.27409
ENSG00000115956,0.816064,0.83728,0.810481,1.16514
ENSG00000115966,0.397158,0.230873,1.01225,0.879018
ENSG00000115970,0.560409,1.40179,1.37832,1.96583
ENSG00000115998,-0.551535,0.698231,0.698231,0.987448
ENSG00000116001,-0.514339,-0.715772,-0.715772,-1.01225
ENSG00000116032,-1.63615,-1.05328,-2.59731,-2.58136
ENSG00000116062,-2.78071,1.62813,-2.82926,-0.849327
ENSG00000116095,-1.39615,-0.393279,0.257755,-0.0958299
ENSG00000116127,4.35505,4.55834,1.12452,4.01839
ENSG00000116133,-1.54447,-1.50997,-1.52022,-2.14267
ENSG00000116151,-1.76613,1.2851,0.59602,1.33015
ENSG00000116157,-1.88758,-1.51668,-1.26379,-1.96609
ENSG00000116161,-1.40748,-0.709865,-0.709865,-1.0039
ENSG00000116171,-0.790184,-1.77714,-1.87634,-2.5834
ENSG00000116191,-2.44814,0.76126,-1.06051,-0.211601
ENSG00000116198,1.5183,0.356543,1.6519,1.42019
ENSG00000116199,2.67549,1.12232,1.45353,1.8214
ENSG00000116205,-0.598619,1.5845,0.785861,1.6761
ENSG00000116209,-0.00613154,-0.128409,0.436991,0.2182
ENSG00000116212,-0.196246,-0.680263,-0.680263,-0.962038
ENSG00000116213,-1.27575,-2.75849,-1.58652,-3.07239
ENSG00000116221,-1.63773,0.865312,0.339858,0.852184
ENSG00000116251,-0.872799,0.648526,1.14242,1.26639
ENSG00000116260,2.28509,1.30144,0.666827,1.39177
ENSG00000116266,-2.89089,-3.74712,3.74712,3.14018e-16
ENSG00000116288,0.283154,0.599987,0.318171,0.649236
ENSG00000116299,0.0381892,2.3961,0.561716,2.09149
ENSG00000116406,2.40558,2.76162,2.20954,3.51515
ENSG00000116473,0.408457,2.89469,2.26358,3.64744
ENSG00000116478,0.0371072,-0.185793,-2.99956e-06,-0.131378
ENSG00000116489,0.949439,-0.700984,2.8886,1.54688
ENSG00000116497,2.15662,2.94818,1.82092,3.37226
ENSG00000116584,0.356196,-3.32558,-3.32558,-4.70308
ENSG00000116586,2.31309,-0.72017,-0.72017,-1.01847
ENSG00000116604,-0.733138,-0.725075,0.560109,-0.116649
ENSG00000116649,0.897856,0.900892,0.472999,0.971487
ENSG00000116661,-0.19157,-1.71834,1.53226,-0.131583
ENSG00000116663,1.32481,0.818659,-0.289374,0.374261
ENSG00000116668,-0.773675,-1.06332,-0.576195,-1.15931
ENSG00000116679,1.82384,0.19338,0.273611,0.330212
ENSG00000116685,-0.14068,-0.151189,0.573213,0.298416
ENSG00000116688,-0.302177,-0.44293,1.64826,0.852297
ENSG00000116691,0.159292,0.159526,0.339734,0.353031
ENSG00000116698,0.821168,3.29963,2.61055,4.17912
ENSG00000116704,-1.01662,-0.659282,-1.77819,-1.72355
ENSG00000116711,4.84382,1.37951,0.442781,1.28855
ENSG00000116729,0.0490495,0.405418,-2.05124,-1.16378
ENSG00000116741,3.7225,2.41367,3.52833,4.20163
ENSG00000116752,-0.475352,-1.2912,0.503998,-0.556633
ENSG00000116771,1.22328,2.02896,0.897047,2.069
ENSG00000116774,1.87812,1.62176,-1.63896,-0.0121641
ENSG00000116786,1.46814,1.96834,-0.293052,1.18461
ENSG00000116791,-1.54098,-0.891691,-1.27119,-1.52939
ENSG00000116793,-1.4551,0.0232593,-1.85736,-1.29691
ENSG00000116819,-1.5985,4.09166,4.09166,5.78649
ENSG00000116830,-2.68232,-1.89719,-0.208848,-1.48919
ENSG00000116852,-3.49386,-0.854565,-1.34978,-1.55871
ENSG00000116857,0.311774,-1.60644,-1.54617,-2.22923
ENSG00000116874,0.506857,1.47014,1.09674,1.81506
ENSG00000116903,-1.93606,-0.908956,0.759074,-0.105982
ENSG00000116906,0.667449,-0.309568,-1.36558,-1.18451
ENSG00000116918,-1.50769,-0.622302,-0.622302,-0.880068
ENSG00000116922,-0.427932,-1.5009,-2.67446,-2.95243
ENSG00000116957,-1.18255,-2.22783,1.68913,-0.380915
ENSG00000116962,-1.581,1.07913,-0.4532,0.442597
ENSG00000116977,0.580149,0.0259522,0.348522,0.264793
ENSG00000116983,3.84565,2.21949,1.29012,2.48167
ENSG00000116984,1.57866,0.0488342,-0.095994,-0.033347
ENSG00000116990,-1.1787,-2.47359,-2.79154,-3.72301
ENSG00000116991,0.821216,2.33041,-2.75812,-0.302432
ENSG00000117009,-0.984444,-0.319343,-0.667163,-0.697566
ENSG00000117010,2.67392,0.516344,0.516344,0.730221
ENSG00000117020,-5.96499,2.91642,2.91642,4.12444
ENSG00000117054,-1.12372,-1.81787,0.221816,-1.12858
ENSG00000117090,-0.617473,1.59012,-1.44202,0.104723
ENSG00000117091,-1.04266,-0.0350472,-0.234849,-0.190845
ENSG00000117133,1.33293,1.71483,-0.165081,1.09584
ENSG00000117139,0.348615,1.49357,1.87737,2.38361
ENSG00000117143,-3.93897,0.945958,0.992546,1.37073
ENSG00000117151,-0.390528,0.95771,1.04408,1.41548
ENSG00000117155,1.37166,-0.0106378,3.67356,2.59008
ENSG00000117174,-0.0199743,0.0713848,-0.469594,-0.281576
ENSG00000117222,4.27294,3.73826,4.50536,5.82912
ENSG00000117226,0.167278,-0.0752952,-0.148918,-0.158543
ENSG00000117266,1.74855,-1.2117,-2.21516,-2.42315
ENSG00000117280,0.933876,0.75988,0.622631,0.977583
ENSG00000117298,3.22326,-1.71898,-1.21102,-2.07182
ENSG00000117305,-0.946289,-0.401851,0.264064,-0.09743
ENSG00000117322,2.02195,-0.903958,0.428633,-0.336106
ENSG00000117335,4.83292,2.66667,3.65185,4.46787
ENSG00000117362,-4.55177,3.16639,-4.42863,-0.892538
ENSG00000117385,0.0525618,-0.775657,1.60921,0.589408
ENSG00000117394,-1.38155,-1.4884,0.486171,-0.70868
ENSG00000117399,5.06849,3.25099,3.25099,4.59759
ENSG00000117408,1.85634,2.51159,-0.736609,1.2551
ENSG00000117410,4.69966,2.3737,-0.392281,1.40107
ENSG00000117411,1.46588,-2.06644,-1.53372,-2.5457
ENSG00000117419,-1.32339,1.01588,-2.34388,-0.939041
ENSG00000117425,-1.24102,-1.18856,1.18856,0
ENSG00000117448,-0.855755,-1.39389,0.823395,-0.403404
ENSG00000117450,0.0798432,-0.384094,0.954527,0.403357
ENSG00000117461,0.679777,0.769159,0.268025,0.7334
ENSG00000117479,1.09709,1.16809,1.89578,2.16649
ENSG00000117480,0.38001,0.656379,-0.963719,-0.217322
ENSG00000117500,-2.18145,-0.99091,-1.72485,-1.92033
ENSG00000117505,2.03434,1.01765,0.999837,1.42658
ENSG00000117519,3.67694,-0.711471,0.396698,-0.222579
ENSG00000117523,1.84057,-1.78152,0.181698,-1.13125
ENSG00000117528,-0.505788,-0.264542,-1.0293,-0.914885
ENSG00000117533,-2.51032,-1.54675,-1.32974,-2.03398
ENSG00000117586,-2.46864,0.191737,0.918257,0.784884
ENSG00000117592,-4.17063,-3.16775,-3.29697,-4.57124
ENSG00000117593,5.28897,4.42748,4.42748,6.2614
ENSG00000117595,-0.556865,-0.673105,0.0454636,-0.443809
ENSG00000117597,-0.234683,0.285218,-0.0641154,0.156343
ENSG00000117601,-4.87259,-4.38149,-4.20073,-6.06855
ENSG00000117602,-0.654418,0.167347,1.52555,1.19706
ENSG00000117614,1.54554,-0.857037,-0.857037,-1.21203
ENSG00000117620,-1.06324,-0.20687,-0.20687,-0.292559
ENSG00000117643,-0.627178,-0.25255,0.25255,0
ENSG00000117650,-2.94505,1.1672,0.135035,0.920816
ENSG00000117682,-1.24563,-0.228846,-0.0263761,-0.180469
ENSG00000117697,-0.993169,-0.857476,-0.857476,-1.21265
ENSG00000117713,2.76773,-0.490385,2.23759,1.23546
ENSG00000117724,0.376706,1.29797,1.35345,1.87484
ENSG00000117748,-2.65728,0.580457,0.502453,0.765733
ENSG00000117834,1.43664,-0.131269,1.24785,0.78954
ENSG00000117859,-0.253814,2.54344,0.62568,2.24091
ENSG00000117868,0.729922,1.21351,1.99558,2.26917
ENSG00000117877,-0.309195,-0.460351,0.587951,0.0902268
ENSG00000117899,-0.708394,0.089752,1.04584,0.802985
ENSG00000117906,2.19935,-2.23715,-0.923894,-2.23519
ENSG00000118007,4.23252,2.95937,2.24381,3.6792
ENSG00000118096,-1.19455,-0.958471,-0.232089,-0.841853
ENSG00000118137,2.82292,-0.930527,-0.207707,-0.804853
ENSG00000118181,-1.04288,0.258754,-2.38346,-1.50239
ENSG00000118200,0.507511,0.517115,2.73556,2.29999
ENSG00000118217,0.485178,0.43705,0.589818,0.726105
ENSG00000118246,-1.30253,1.03263,-0.220442,0.574306
ENSG00000118276,-2.19056,-3.02267,-1.81755,-3.42255
ENSG00000118298,-5.00867,-4.23466,-4.23466,-5.98871
ENSG00000118307,-0.0566502,-0.482911,-1.15953,-1.16138
ENSG00000118363,0.0845583,-2.90937,2.85726,-0.0368463
ENSG00000118369,-1.50523,2.23485,2.78024,3.5462
ENSG00000118402,-0.140507,0.238386,0.0908727,0.232821
ENSG00000118412,-0.593951,-1.03099,-1.03099,-1.45804
ENSG00000118418,-1.22039,-0.893839,-0.953301,-1.30612
ENSG00000118420,4.54905,1.58292,-1.58292,-1.57009e-16
ENSG00000118454,-0.289634,0.200987,1.54496,1.23457
ENSG00000118473,0.408904,0.251809,0.375188,0.443354
ENSG00000118482,3.43173,0.0850934,0.380861,0.32948
ENSG00000118495,-2.44859,-2.9483,0.238662,-1.91601
ENSG00000118496,-0.53843,-3.87117,0.0804316,-2.68046
ENSG00000118514,1.49351,1.26878,1.62727,2.04781
ENSG00000118518,1.17594,0.926437,1.56962,1.76498
ENSG00000118520,-1.11428,-1.25619,-2.10544,-2.37703
ENSG00000118640,-0.466451,-0.975426,-0.532987,-1.06661
ENSG00000118690,1.58891,1.37517,1.63308,2.12716
ENSG00000118705,-0.486055,0.609387,0.504755,0.787817
ENSG00000118707,-0.0707841,-1.35379,-1.35379,-1.91455
ENSG00000118762,0.171752,-0.375697,0.562667,0.132208
ENSG00000118785,-0.421015,-0.789794,0.320829,-0.331608
ENSG00000118804,3.29136,1.70092,6.20826,5.59263
ENSG00000118816,0.343985,0.965347,-0.184341,0.552254
ENSG00000118855,-0.625216,-0.840956,-0.110333,-0.672663
ENSG00000118873,0.249089,-0.830216,-0.830216,-1.1741
ENSG00000118898,3.10178,0.43467,1.72952,1.53031
ENSG00000118900,5.31463,-0.507071,1.95947,1.027
ENSG00000118922,-1.85403,-3.13317,-0.123686,-2.30294
ENSG00000118939,-0.0475536,-0.935238,1.57338,0.451232
ENSG00000118960,-1.09816,-0.0111106,0.758753,0.528663
ENSG00000118961,-0.246555,-1.09582,-0.306644,-0.991693
ENSG00000118965,1.14594,0.999903,0.839787,1.30086
ENSG00000118971,-2.06575,0.913912,2.0698,2.1098
ENSG00000119041,7.72366,1.81556,-0.718838,0.775498
ENSG00000119048,0.447411,-2.29008,-2.27441,-3.22759
ENSG00000119121,-0.0183021,1.69349,-0.948244,0.52697
ENSG00000119139,-1.55784,-0.182951,-1.05599,-0.876066
ENSG00000119147,-0.498907,-1.45951,-0.693592,-1.52247
ENSG00000119185,-1.42505,0.741142,-1.30669,-0.399906
ENSG00000119203,0.395238,1.09977,1.70577,1.98382
ENSG00000119227,-1.95803,1.14588,0.204635,0.954957
ENSG00000119231,-0.483104,1.8847,-0.29924,1.12109
ENSG00000119242,3.48826,3.72934,5.0321,6.19527
ENSG00000119285,0.576417,0.233579,0.233579,0.33033
ENSG00000119314,-4.17501,-1.44995,-3.40604,-3.4337
ENSG00000119318,-3.53828,-1.7661,-1.87307,-2.57328
ENSG00000119321,1.45001,1.70397,-1.47665,0.160737
ENSG00000119326,-1.4999,-2.3886,2.52483,0.0963293
ENSG00000119328,3.98039,2.91317,2.02636,3.49277
ENSG00000119383,-4.4359,-3.28822,-3.43574,-4.75456
ENSG00000119392,-1.67578,-0.124994,-0.0252762,-0.106257
ENSG00000119397,1.89408,0.824777,-0.20687,0.436926
ENSG00000119401,-0.411257,0.269198,0.543432,0.574616
ENSG00000119402,1.78738,1.44277,1.28336,1.92767
ENSG00000119403,2.00927,-0.404888,0.00754879,-0.280961
ENSG00000119408,-0.0981937,-0.121818,0.859993,0.521968
ENSG00000119414,-0.318539,0.925436,0.0841769,0.713904
ENSG00000119431,-0.134319,0.257964,0.118331,0.266081
ENSG00000119446,2.58054,0.111228,0.111228,0.1573
ENSG00000119457,2.32869,-0.340399,0.490022,0.1058
ENSG00000119471,3.80268,2.06518,2.22467,3.03338
ENSG00000119487,-0.418072,0.067436,0.067436,0.0953689
ENSG00000119509,-1.29134,-1.12728,0.0745839,-0.744371
ENSG00000119523,3.80163,1.12601,0.718728,1.30443
ENSG00000119537,-1.78778,-2.2478,-2.51915,-3.37074
ENSG00000119599,0.606146,-0.357287,-0.470097,-0.585049
ENSG00000119632,0.866605,0.026047,0.175759,0.142698
ENSG00000119636,-0.145543,-0.726679,-1.28056,-1.41933
ENSG00000119638,4.18422,-0.0465023,-0.284447,-0.234016
ENSG00000119640,2.89638,-0.162905,-0.425886,-0.416338
ENSG00000119655,3.75224,1.84312,-0.887118,0.675999
ENSG00000119673,0.610077,0.487638,-0.256891,0.163163
ENSG00000119684,3.55271,-0.511589,0.511589,0
ENSG00000119685,1.60135,1.72014,1.75497,2.45728
ENSG00000119686,-1.6806,-1.66352,-0.380372,-1.44525
ENSG00000119688,-4.09442,-0.885089,-2.90837,-2.68238
ENSG00000119689,1.17903,1.892,-3.31191,-1.00403
ENSG00000119699,0.790965,-0.18061,-0.0330383,-0.151072
ENSG00000119711,-0.069471,-1.39375,0.850837,-0.383898
ENSG00000119718,3.10481,-0.17455,-0.17455,-0.24685
ENSG00000119723,-1.09261,-0.77015,-2.2633,-2.14498
ENSG00000119725,0.489168,0.521714,-1.13055,-0.430512
ENSG00000119729,2.70211,-2.69356,3.86883,0.831037
ENSG00000119771,0.870657,-1.82895,0.965938,-0.610239
ENSG00000119772,1.93489,0.185252,0.185252,0.261986
ENSG00000119778,1.16799,3.52851,3.318,4.84121
ENSG00000119782,1.08784,-0.0905919,-0.0982941,-0.133563
ENSG00000119787,-1.72804,1.52416,0.571393,1.48178
ENSG00000119844,-1.21507,0.489741,0.489741,0.692598
ENSG00000119900,-0.770875,-1.77513,-1.17727,-2.08766
ENSG00000119906,-3.92498,0.17049,0.294158,0.328556
ENSG00000119915,0.305064,2.58483,-0.164657,1.71132
ENSG00000119917,-0.845163,0.740514,-0.740514,7.85046e-17
ENSG00000119943,-2.68514,-1.5029,1.65474,0.107365
ENSG00000119953,0.745019,-0.0581541,-0.0581541,-0.0822423
ENSG00000119965,-0.530843,-1.00114,-1.455,-1.73675
ENSG00000119969,-0.845742,-3.12829,-1.27565,-3.11406
ENSG00000119977,1.68825,0.799142,0.524341,0.935844
ENSG00000120008,-0.0848142,-0.358395,-0.00824062,-0.25925
ENSG00000120029,-2.59129,-1.89618,0.149515,-1.23508
ENSG00000120053,-1.63292,0.428685,-0.428685,0
ENSG00000120057,-0.0661262,-0.605343,0.915686,0.219446
ENSG00000120071,-5.16165,0.754929,-0.600835,0.108961
ENSG00000120093,0.596194,1.34849,1.60838,2.09082
ENSG00000120129,-2.44125,-0.151125,-0.93375,-0.767122
ENSG00000120156,-1.51674,-0.27684,0.552543,0.194951
ENSG00000120158,0.0718475,-0.831745,-0.0509269,-0.624144
ENSG00000120159,2.63493,1.50828,3.32176,3.41535
ENSG00000120217,0.58279,-1.55347,0.633374,-0.650603
ENSG00000120262,0.143963,-1.39683,-1.85176,-2.2971
ENSG00000120279,1.03953,0.879954,1.09,1.39296
ENSG00000120333,1.35143,-3.25908,-3.25908,-4.60903
ENSG00000120370,-1.16837,-0.977622,-1.19047,-1.53307
ENSG00000120437,-2.82184,1.63994,-1.63994,1.57009e-16
ENSG00000120438,-2.33487,0.627561,-0.90531,-0.196398
ENSG00000120451,7.19841,5.36153,6.06724,8.08137
ENSG00000120458,-4.04074,2.40004,0.481141,2.0373
ENSG00000120533,-0.852489,-1.9341,-0.999737,-2.07454
ENSG00000120539,0.360464,0.655262,0.655262,0.92668
ENSG00000120594,-1.74161,-1.78561,1.93107,0.102857
ENSG00000120645,1.46742,1.02201,1.02201,1.44534
ENSG00000120662,2.79983,3.13331,3.66156,4.80469
ENSG00000120675,-0.127676,-0.165189,-0.0396119,-0.144816
ENSG00000120685,0.0853117,-0.624959,0.76536,0.099278
ENSG00000120688,-1.61962,1.32184,1.32184,1.86937
ENSG00000120690,-1.19653,1.32184,-1.08909,0.164579
ENSG00000120693,0.830249,0.450817,-1.43816,-0.69816
ENSG00000120694,-0.103636,-0.367253,-0.340146,-0.500206
ENSG00000120696,1.14814,0.625149,-0.182113,0.313274
ENSG00000120697,-0.765998,-0.274384,-1.04644,-0.933964
ENSG00000120699,-1.44404,-1.04644,-0.187735,-0.872694
ENSG00000120708,-0.700526,1.35641,-0.276918,0.763316
ENSG00000120709,5.67481,4.1677,2.07841,4.41667
ENSG00000120738,-1.39683,2.41589,2.41589,3.41658
ENSG00000120756,0.678584,0.378699,0.0150549,0.278426
ENSG00000120784,-1.1941,-1.08008,-1.32349,-1.69958
ENSG00000120798,0.641125,-1.03879,-1.34074,-1.68258
ENSG00000120805,-2.22927,-0.0804879,-2.07801,-1.52629
ENSG00000120820,0.150852,-0.372085,1.39475,0.723134
ENSG00000120832,-0.427541,0.779631,0.0388245,0.578735
ENSG00000120837,3.8404,-0.754887,-0.754887,-1.06757
ENSG00000120860,-1.094,-1.15993,-0.731896,-1.33772
ENSG00000120875,-1.58713,-1.95855,-0.362249,-1.64106
ENSG00000120896,-1.67737,-1.34778,-1.34778,-1.90605
ENSG00000120899,4.40242,2.81436,1.33605,2.93478
ENSG00000120910,3.75607,1.61661,-0.0838367,1.08384
ENSG00000120913,0.184006,-0.00147482,0.484423,0.341496
ENSG00000120915,-1.62411,0.134036,-0.0826072,0.0363657
ENSG00000120948,0.25607,-2.1502,-2.52237,-3.30401
ENSG00000120992,-2.56738,-0.720617,1.62745,0.641227
ENSG00000121039,-0.863241,1.00001,0.708695,1.20824
ENSG00000121057,0.668963,-1.72417,0.409713,-0.929461
ENSG00000121067,2.27566,-0.396121,-0.60005,-0.704399
ENSG00000121073,3.36441,2.06241,1.90002,2.80186
ENSG00000121101,-1.10389,-2.42386,-2.42386,-3.42786
ENSG00000121211,0.748437,-0.601857,0.601857,-7.85046e-17
ENSG00000121236,-0.28413,0.00514018,0.673895,0.480151
ENSG00000121274,0.421253,2.43703,-0.961052,1.04368
ENSG00000121289,-0.605133,-0.205162,0.401555,0.138871
ENSG00000121310,-0.898725,-2.20877,-1.65802,-2.73423
ENSG00000121316,-4.21455,0.433597,0.460624,0.63231
ENSG00000121350,0.915555,0.415879,-0.429443,-0.00959133
ENSG00000121390,-0.707845,0.26189,-0.86729,-0.428082
ENSG00000121406,0.160463,-0.0689862,0.473275,0.285876
ENSG00000121410,-0.530965,-0.0424645,-0.307255,-0.247289
ENSG00000121413,1.13697,0.0849439,0.603494,0.486799
ENSG00000121417,1.32411,1.23507,2.19513,2.42552
ENSG00000121481,-0.0519154,-1.21327,-1.21327,-1.71582
ENSG00000121486,0.703807,1.06332,1.06332,1.50376
ENSG00000121542,-0.34509,0.3265,0.0958742,0.298663
ENSG00000121552,-1.08883,-0.192751,-0.295485,-0.345235
ENSG00000121577,-0.426218,0.0495082,-0.971732,-0.652111
ENSG00000121578,2.72868,2.26606,1.1643,2.42563
ENSG00000121594,-1.29428,0.977759,1.14323,1.49977
ENSG00000121621,-4.30888,-3.82081,0.708708,-2.20059
ENSG00000121690,0.241483,0.961332,0.961332,1.35953
ENSG00000121691,1.32965,0.89731,1.12081,1.42703
ENSG00000121716,-1.80887,-1.04526,-1.06781,-1.49417
ENSG00000121742,-0.721384,-1.08778,-0.437682,-1.07867
ENSG00000121749,6.15492,5.40303,5.97812,8.04769
ENSG00000121753,1.76196,0.21652,0.21652,0.306205
ENSG00000121769,-1.33922,-3.49903,-2.549,-4.2766
ENSG00000121807,2.09338,2.3339,-0.478918,1.31167
ENSG00000121892,-1.78038,-1.08077,-0.205766,-0.909715
ENSG00000121895,0.246784,0.742208,-1.23002,-0.344935
ENSG00000121897,-1.32795,-2.92342,-2.71631,-3.98789
ENSG00000121931,0.548949,-0.357566,-0.357566,-0.505675
ENSG00000121933,0.560305,-0.0298233,-2.47729,-1.7728
ENSG00000121940,1.4547,0.718701,0.718701,1.0164
ENSG00000121957,2.45317,0.435404,-1.70627,-0.898636
ENSG00000121988,-1.28471,-0.945791,-1.16111,-1.4898
ENSG00000121989,-0.595629,-0.468492,0.489142,0.014602
ENSG00000122025,2.74815,-0.273474,-0.273474,-0.386751
ENSG00000122026,-1.06108,0.355856,0.320673,0.478378
ENSG00000122033,1.02725,3.436,1.64271,3.59119
ENSG00000122034,2.90172,2.70818,-2.42352,0.201283
ENSG00000122068,3.88548,0.653002,1.82037,1.74894
ENSG00000122085,0.0092853,1.08927,0.193179,0.906829
ENSG00000122140,0.081302,2.56759,-0.693189,1.3254
ENSG00000122176,0.646464,1.99339,1.57301,2.52183
ENSG00000122188,-0.373466,-2.53428,-0.906115,-2.43273
ENSG00000122203,2.17041,1.39186,-1.84445,-0.320026
ENSG00000122218,4.53745,3.41291,-2.7816,0.446403
ENSG00000122223,-0.492745,-0.749583,0.22491,-0.371
ENSG00000122299,-0.377147,-1.40236,1.14059,-0.185101
ENSG00000122335,1.90636,1.64225,2.59974,2.99954
ENSG00000122359,1.76297,1.32387,0.569334,1.3387
ENSG00000122376,-0.749633,0.993259,-0.247126,0.527595
ENSG00000122378,0.797322,0.171293,-0.647307,-0.336592
ENSG00000122390,-0.668527,0.00113274,0.144711,0.103127
ENSG00000122417,0.235867,-0.705517,-0.611762,-0.931457
ENSG00000122420,1.29968,-0.0651597,1.43715,0.970146
ENSG00000122432,-0.052475,1.34386,1.75634,2.19217
ENSG00000122435,-1.7281,-1.75488,-0.413016,-1.53294
ENSG00000122477,-0.179025,-1.04861,-0.864285,-1.35262
ENSG00000122481,2.89847,0.226202,4.83023,3.57544
ENSG00000122482,1.57944,-0.908398,-0.908398,-1.28467
ENSG00000122483,-2.55594,-0.759254,-1.46456,-1.57248
ENSG00000122484,-0.800204,-2.65573,-2.65573,-3.75577
ENSG00000122490,5.35207,3.33112,0.0787254,2.41113
ENSG00000122507,-0.988315,-0.0327791,0.900807,0.613788
ENSG00000122512,2.31691,2.46794,0.145153,1.84773
ENSG00000122515,-2.71822,1.27202,1.83632,2.19793
ENSG00000122543,0.512148,-2.07871,-2.0505,-2.9198
ENSG00000122547,1.56969,0.440226,0.494164,0.660714
ENSG00000122550,-0.903863,-1.76385,-1.54143,-2.33718
ENSG00000122557,-0.91849,-1.25926,-0.368375,-1.15091
ENSG00000122566,0.977635,0.437211,0.437211,0.61831
ENSG00000122591,1.46072,0.833733,-0.195516,0.451287
ENSG00000122642,0.589154,0.669686,3.21002,2.74336
ENSG00000122643,1.89721,2.09663,2.54277,3.28055
ENSG00000122644,-0.795768,-1.24625,-1.21593,-1.74103
ENSG00000122674,0.725301,-0.276749,-0.932702,-0.855211
ENSG00000122678,-0.608051,0.727887,0.865937,1.127
ENSG00000122679,1.03159,-0.598261,0.0650146,-0.377062
ENSG00000122687,-9.3066,-6.68023,-6.4356,-9.27429
ENSG00000122692,-2.88095,-4.44516,-2.3677,-4.81742
ENSG00000122694,1.70111,1.82263,1.55305,2.38696
ENSG00000122696,-2.86047,-1.60114,2.88373,0.906925
ENSG00000122705,1.54258,-1.68163,-0.886687,-1.81608
ENSG00000122733,-4.56803,1.0902,3.99022,3.5924
ENSG00000122741,-1.85334,-1.87885,2.13039,0.17787
ENSG00000122783,4.64149,0.439339,0.48515,0.653712
ENSG00000122786,-1.11706,-0.668228,-0.733384,-0.991089
ENSG00000122884,-1.00833,-0.692892,0.692892,1.57009e-16
ENSG00000122965,-1.47119,0.124273,-1.08635,-0.680291
ENSG00000122970,-0.572434,2.01534,-5.88118,-2.73356
ENSG00000122971,2.77542,1.54351,1.05718,1.83896
ENSG00000123091,0.750912,-0.538681,-0.462874,-0.708206
ENSG00000123104,-0.673726,0.0314449,-2.45141,-1.71118
ENSG00000123143,-1.12954,1.63268,0.681757,1.63655
ENSG00000123144,-1.50792,0.201561,-0.201561,-1.96262e-17
ENSG00000123146,0.913236,-0.786866,0.213828,-0.405199
ENSG00000123159,0.690667,2.12175,1.20555,2.35276
ENSG00000123178,-0.262853,-1.75494,2.09071,0.237425
ENSG00000123179,-2.60213,-1.53491,-0.521144,-1.45385
ENSG00000123191,1.67913,0.656709,0.852056,1.06686
ENSG00000123200,-2.22185,-0.436749,-1.05993,-1.05831
ENSG00000123213,-1.64973,-2.32347,0.494688,-1.29315
ENSG00000123219,2.01304,2.13331,-2.20427,-0.0501717
ENSG00000123240,-2.06045,-2.14946,-1.45367,-2.54779
ENSG00000123268,3.79053,3.26157,-3.1892,0.0511771
ENSG00000123297,1.21086,0.424171,0.543206,0.684039
ENSG00000123329,-0.654079,-2.38933,-1.83461,-2.98677
ENSG00000123352,-0.233546,0.0204102,0.0204102,0.0288644
ENSG00000123353,-0.601855,-1.50615,-1.50615,-2.13002
ENSG00000123360,0.32845,-1.51597,-1.92842,-2.43555
ENSG00000123395,-0.80441,-1.15587,-1.11965,-1.60904
ENSG00000123415,1.80522,0.701304,1.23085,1.36624
ENSG00000123427,-1.12546,-0.445824,-0.478294,-0.65345
ENSG00000123453,-0.00725903,0.379713,1.35494,1.22658
ENSG00000123454,-0.976419,-0.798764,1.03957,0.170274
ENSG00000123485,-0.324285,-0.280209,-0.326017,-0.428667
ENSG00000123500,0.814644,0.198798,1.30529,1.06355
ENSG00000123552,-1.9646,-1.61885,1.02856,-0.417402
ENSG00000123600,-0.588516,-1.26748,0.283902,-0.695498
ENSG00000123607,1.10154,0.310949,0.310949,0.439748
ENSG00000123609,3.10576,4.06715,1.67685,4.06162
ENSG00000123610,-2.71184,-4.24036,-1.32941,-3.93842
ENSG00000123612,2.41876,-1.07575,-1.38999,-1.74354
ENSG00000123636,7.41452,4.14871,-3.73253,0.294284
ENSG00000123643,-0.351932,-0.268042,1.39508,0.796935
ENSG00000123684,0.556457,0.241827,-1.96585,-1.21907
ENSG00000123685,0.846429,0.56237,-0.430922,0.0929477
ENSG00000123737,0.950515,2.00657,-1.12527,0.623168
ENSG00000123739,2.47667,2.00006,5.70351,5.44725
ENSG00000123815,0.39689,-0.497888,1.88669,0.982029
ENSG00000123843,-3.90976,-2.22024,-2.22024,-3.13989
ENSG00000123892,1.36226,1.44396,1.69156,2.21715
ENSG00000123901,-1.97525,-0.422514,-0.967222,-0.982692
ENSG00000123933,-1.22079,1.1005,-1.08416,0.011554
ENSG00000123975,-0.129736,0.417346,1.64684,1.4596
ENSG00000123989,0.686441,-0.482621,-0.35282,-0.590746
ENSG00000123992,-0.659557,0.585705,1.51928,1.48845
ENSG00000124019,0.175601,-1.00545,-0.157174,-0.822097
ENSG00000124074,-1.6904,-0.341638,-0.552774,-0.632445
ENSG00000124098,-0.263149,-0.4354,-0.791407,-0.867483
ENSG00000124102,1.18629,0.080321,0.346179,0.301581
ENSG00000124107,2.7544,1.42246,0.196275,1.14462
ENSG00000124116,-2.6551,-1.76118,-1.68009,-2.43335
ENSG00000124151,-0.123317,0.371255,1.4482,1.28655
ENSG00000124155,0.899093,0.500325,-1.22463,-0.512159
ENSG00000124164,0.15168,0.618758,-0.0740109,0.385194
ENSG00000124171,0.514558,-0.127766,-3.43534,-2.5195
ENSG00000124177,-0.900931,-0.905572,-1.53676,-1.72699
ENSG00000124181,0.796648,-0.347062,1.48584,0.805235
ENSG00000124193,-1.88097,0.389994,0.389994,0.551535
ENSG00000124198,-0.94268,-0.0455157,-2.28761,-1.64977
ENSG00000124201,-1.90565,-2.24152,-0.258861,-1.76804
ENSG00000124205,0.545262,0.161383,-0.41343,-0.178224
ENSG00000124207,-3.46636,-2.52906,-2.049,-3.23718
ENSG00000124215,0.602539,-0.398806,-0.181734,-0.410503
ENSG00000124216,0.636692,1.61327,-0.665522,0.670158
ENSG00000124222,3.23741,0.889103,-0.550856,0.239177
ENSG00000124228,-2.94587,1.54797,3.61754,3.65257
ENSG00000124243,1.78894,0.410272,0.382036,0.560247
ENSG00000124251,-0.0348209,0.952488,0.952005,1.34668
ENSG00000124256,1.47927,-1.29551,-1.62887,-2.06785
ENSG00000124257,0.52129,1.28089,-0.425079,0.605148
ENSG00000124275,-0.48286,-0.973492,-0.191174,-0.823543
ENSG00000124279,1.4251,-0.374571,0.430793,0.0397553
ENSG00000124299,-2.01757,0.825129,-0.729058,0.0679319
ENSG00000124302,-1.50621,-0.693556,1.64916,0.675713
ENSG00000124356,-3.82391,-1.41566,2.08874,0.475939
ENSG00000124357,-1.13725,-0.0147555,0.64591,0.446294
ENSG00000124370,-3.31679,0.716803,-1.63751,-0.65104
ENSG00000124380,1.74958,1.44622,0.238223,1.19108
ENSG00000124383,-3.43131,-0.86549,-1.31843,-1.54427
ENSG00000124406,0.227259,1.09253,-0.514847,0.408485
ENSG00000124466,0.16016,-0.0836186,0.553943,0.33257
ENSG00000124491,-0.565572,0.742051,0.442028,0.83727
ENSG00000124508,-8.11996,-6.71039,2.65335,-2.86877
ENSG00000124523,3.02702,-0.638679,1.80937,0.827803
ENSG00000124532,2.42379,1.20971,-3.25659,-1.44736
ENSG00000124562,0.12455,-2.63067,-2.12554,-3.36314
ENSG00000124570,1.48417,0.568095,1.14329,1.21013
ENSG00000124571,-3.04652,3.38038,1.64699,3.55488
ENSG00000124574,-0.117287,-4.51415,-1.02309,-3.91542
ENSG00000124587,-0.262957,-0.913288,-1.54713,-1.73978
ENSG00000124588,-0.643447,-0.495188,0.851912,0.252242
ENSG00000124593,1.41146,-2.39567,-2.38526,-3.38063
ENSG00000124608,-0.141142,-1.28113,0.0968794,-0.837389
ENSG00000124613,-7.73184,-4.76529,-5.65817,-7.3705
ENSG00000124614,-2.48621,0.949991,-0.299142,0.46022
ENSG00000124615,0.120917,-0.00522141,0.53106,0.371824
ENSG00000124635,-3.78758,2.26026,2.06636,3.05939
ENSG00000124641,1.37639,1.30199,1.30199,1.84129
ENSG00000124659,3.12483,0.393966,-0.393966,-3.92523e-17
ENSG00000124702,1.41148,-0.0456849,1.90128,1.3121
ENSG00000124713,1.03114,0.942106,0.942106,1.33234
ENSG00000124731,-1.19294,-0.300841,0.70174,0.283479
ENSG00000124733,1.88285,0.150674,0.150674,0.213085
ENSG00000124767,-0.220568,0.00321042,-0.234116,-0.163275
ENSG00000124780,-1.86814,-0.907017,0.106258,-0.566222
ENSG00000124783,-0.459696,-0.0340858,2.0077,1.39556
ENSG00000124787,-1.8497,-0.754841,-2.28743,-2.15121
ENSG00000124802,-1.6513,-0.0510332,-0.928829,-0.692867
ENSG00000124875,0.777653,0.211754,1.15281,0.964891
ENSG00000124882,-1.08799,-1.12405,0.5377,-0.414612
ENSG00000124920,3.79923,2.88371,2.95402,4.1279
ENSG00000125089,0.489163,0.333323,0.333323,0.47139
ENSG00000125107,2.89518,3.55715,4.36965,5.6051
ENSG00000125122,-2.68731,-0.894611,2.08869,0.844339
ENSG00000125124,2.81093,0.72122,3.67542,3.10889
ENSG00000125148,1.72855,-0.846457,0.0774313,-0.543783
ENSG00000125149,-3.18859,-0.560643,-0.519974,-0.764112
ENSG00000125166,1.10175,3.08124,2.13555,3.68883
ENSG00000125245,0.577364,-0.262067,-0.315538,-0.408429
ENSG00000125246,-1.96291,-1.08415,-0.964508,-1.44862
ENSG00000125247,-2.59405,-1.53623,-2.33589,-2.738
ENSG00000125257,0.832846,0.914614,0.380431,0.915735
ENSG00000125319,-1.13856,-0.656229,1.20457,0.387736
ENSG00000125378,1.05789,-0.321389,-0.0464917,-0.260131
ENSG00000125384,-1.78174,-1.10794,-2.36512,-2.45582
ENSG00000125430,2.43295,-0.674865,-1.52276,-1.55396
ENSG00000125434,-1.11792,0.0172967,-0.397611,-0.268923
ENSG00000125445,3.23801,3.23707,3.23707,4.57791
ENSG00000125449,3.21333,1.26426,2.89108,2.93827
ENSG00000125450,-2.83183,-1.91314,-1.92407,-2.71331
ENSG00000125454,-0.22115,3.14699,1.6129,3.36575
ENSG00000125457,2.78224,2.38584,2.19157,3.23672
ENSG00000125458,-3.32347,-3.58348,-3.58348,-5.06781
ENSG00000125485,-0.256282,0.0594238,0.118883,0.126082
ENSG00000125503,-0.161093,0.65072,0.621402,0.899526
ENSG00000125505,1.6936,-0.522956,0.522956,0
ENSG00000125510,0.749479,1.52777,-1.32585,0.142775
ENSG00000125520,0.788734,-1.09054,0.84029,-0.176955
ENSG00000125531,0.0959294,1.65285,4.46385,4.32516
ENSG00000125534,1.19967,1.32966,1.41907,1.94364
ENSG00000125538,2.79793,-0.31822,-0.31822,-0.450031
ENSG00000125611,0.44551,0.0957217,-2.56778,-1.74801
ENSG00000125618,0.745467,0.907454,1.20172,1.49141
ENSG00000125629,-1.93161,-2.5063,-2.25342,-3.36563
ENSG00000125630,1.17911,-1.03114,-0.946215,-1.3982
ENSG00000125633,-1.99172,0.353235,0.829821,0.836547
ENSG00000125648,-1.93966,0.557039,-0.584907,-0.019706
ENSG00000125650,1.02384,0.930722,-0.0423623,0.628165
ENSG00000125651,0.677921,0.00922174,0.384799,0.278614
ENSG00000125652,0.0841688,0.887178,0.220567,0.783294
ENSG00000125656,0.753406,0.680162,0.145246,0.583652
ENSG00000125686,3.72412,4.67513,3.48465,5.76983
ENSG00000125703,1.32721,0.588903,-0.0508322,0.380473
ENSG00000125726,-1.61095,-1.76564,-0.610025,-1.67985
ENSG00000125730,0.912908,0.814355,-0.0306077,0.554193
ENSG00000125731,-0.309734,0.967316,0.0716855,0.734685
ENSG00000125733,-2.19689,-1.89045,-2.24668,-2.9254
ENSG00000125734,0.222993,2.50702,0.927949,2.42889
ENSG00000125744,-0.932592,0.388952,-0.64453,-0.180721
ENSG00000125753,0.174254,0.286144,1.75889,1.44606
ENSG00000125772,1.31117,0.564024,0.540871,0.781279
ENSG00000125775,-4.74469,-1.96052,-1.47083,-2.42633
ENSG00000125779,-1.97517,-1.41514,-0.999983,-1.70775
ENSG00000125812,-0.759946,0.128955,-0.411737,-0.199957
ENSG00000125814,-0.135101,0.16342,-0.124931,0.0272155
ENSG00000125817,1.36353,1.90484,-0.840601,0.752528
ENSG00000125821,-0.831873,-0.917532,-0.394339,-0.927633
ENSG00000125826,1.61273,1.64259,2.10639,2.65093
ENSG00000125834,1.43071,1.18424,0.0132199,0.846734
ENSG00000125844,0.292862,0.0810143,-2.91954,-2.00714
ENSG00000125845,-0.204323,-0.245581,1.6186,0.97087
ENSG00000125869,-0.844386,-1.69403,0.0250325,-1.18016
ENSG00000125870,3.47841,-0.337912,-0.350534,-0.486805
ENSG00000125871,-0.0629807,-0.157135,-0.617022,-0.547412
ENSG00000125877,-1.13418,1.19411,-1.08183,0.0793989
ENSG00000125885,-0.609021,-0.614428,-0.902942,-1.07294
ENSG00000125898,0.276364,-0.251674,-0.0439157,-0.209013
ENSG00000125900,1.45316,4.76427,-3.79064,0.688461
ENSG00000125901,-2.9185,-0.957004,-2.6017,-2.51638
ENSG00000125910,-0.0435029,0.0234464,0.103305,0.0896267
ENSG00000125912,0.0852432,-0.373931,-0.629279,-0.709377
ENSG00000125945,-1.83618,0.316297,-2.01756,-1.20297
ENSG00000125952,-3.22602,2.47309,-0.650405,1.28883
ENSG00000125966,-3.51335,-2.65296,-0.116583,-1.95836
ENSG00000125977,5.1537,3.17214,3.34067,4.60525
ENSG00000125991,-1.08068,0.702417,1.33624,1.44155
ENSG00000126088,0.20047,-0.0505177,-0.48198,-0.376532
ENSG00000126091,-3.07497,-4.79994,-4.79994,-6.78814
ENSG00000126107,-0.693601,2.22652,2.22652,3.14877
ENSG00000126214,7.60063,2.72527,1.99901,3.34057
ENSG00000126216,-0.609792,-1.22284,-1.40481,-1.85803
ENSG00000126217,-0.134124,-0.408648,-0.112385,-0.368426
ENSG00000126218,0.520238,1.79266,1.06142,2.01814
ENSG00000126231,0.818915,1.43336,-1.50591,-0.0513005
ENSG00000126246,-1.13256,-0.262352,0.576829,0.222369
ENSG00000126247,1.09155,0.594141,1.04672,1.16026
ENSG00000126249,0.0119381,1.95773,1.29079,2.29705
ENSG00000126254,0.217323,1.35726,1.35726,1.91945
ENSG00000126261,0.57344,0.720052,1.01509,1.22693
ENSG00000126262,0.52649,1.28224,1.28224,1.81336
ENSG00000126264,-0.36229,-0.263589,-0.263589,-0.372771
ENSG00000126267,-1.30198,-1.7477,-1.75788,-2.47882
ENSG00000126432,1.98965,-0.275664,-3.28922,-2.52075
ENSG00000126467,-3.21325,-3.54857,-3.44795,-4.94729
ENSG00000126500,3.29899,0.118763,0.9308,0.742153
ENSG00000126524,-0.660764,-0.194117,-0.194117,-0.274523
ENSG00000126581,1.27123,-0.624195,-0.624195,-0.882746
ENSG00000126653,-6.34402,-1.84994,2.91889,0.755862
ENSG00000126709,0.144969,-0.341291,-0.341291,-0.482659
ENSG00000126746,-0.537458,0.532093,0.47047,0.708918
ENSG00000126749,-0.827881,0.045942,-0.0578929,-0.00845057
ENSG00000126775,-0.432936,4.35307,0.84881,3.67829
ENSG00000126777,0.760343,-2.21695,0.783854,-1.01335
ENSG00000126790,4.11175,1.6415,3.96162,3.96201
ENSG00000126803,2.29123,-0.0166329,-2.45599,-1.74841
ENSG00000126804,-0.406301,-0.883842,-2.13489,-2.13457
ENSG00000126821,0.196449,-0.07439,0.07439,0
ENSG00000126822,-2.61438,-1.73859,-0.607102,-1.65866
ENSG00000126858,-1.96123,-0.833775,-1.62937,-1.74171
ENSG00000126860,0.495673,0.658724,0.658724,0.931576
ENSG00000126870,0.169476,0.442337,-0.563675,-0.0857988
ENSG00000126878,0.706597,1.08062,2.22076,2.33443
ENSG00000126934,0.856686,0.642336,1.18184,1.28989
ENSG00000127054,-2.19075,-3.12189,-0.898572,-2.8429
ENSG00000127080,-2.10945,-1.13743,-1.29957,-1.72322
ENSG00000127081,-0.92283,1.58814,1.62298,2.2706
ENSG00000127084,0.517757,0.781028,0.992212,1.25387
ENSG00000127191,1.17858,0.637708,0.205804,0.596453
ENSG00000127220,-0.226618,0.479226,0.218906,0.493653
ENSG00000127252,1.00176,-0.830211,-0.830211,-1.1741
ENSG00000127311,2.22191,1.07002,1.08176,1.52154
ENSG00000127314,-0.70879,-0.792374,-0.792374,-1.12059
ENSG00000127328,-3.81708,0.473928,3.00336,2.45881
ENSG00000127337,0.255631,-0.0097023,0.502403,0.348392
ENSG00000127364,0.557496,0.720834,0.77935,1.06079
ENSG00000127366,-0.671967,-0.829058,-0.555701,-0.979172
ENSG00000127399,0.13804,-0.201289,0.437995,0.167377
ENSG00000127415,1.66562,0.747825,0.521789,0.897753
ENSG00000127418,-1.55522,-1.37864,0.499702,-0.621504
ENSG00000127419,-3.40519,0.661088,0.302056,0.681046
ENSG00000127452,0.656981,0.910581,1.15023,1.45721
ENSG00000127463,-0.0621834,0.494286,0.240111,0.519297
ENSG00000127481,-0.116818,0.796956,0.796956,1.12707
ENSG00000127483,2.53677,2.39137,2.15584,3.21536
ENSG00000127507,1.93465,0.633549,0.55377,0.839561
ENSG00000127511,-0.757468,-1.54067,-2.0283,-2.52364
ENSG00000127526,1.21596,1.3508,-1.3508,1.57009e-16
ENSG00000127528,-2.08597,0.0645012,-1.42903,-0.964869
ENSG00000127533,-0.996975,-0.431057,0.184986,-0.173998
ENSG00000127540,-3.04661,0.572438,-0.572438,-7.85046e-17
ENSG00000127554,-2.53848,0.00982526,0.469974,0.339269
ENSG00000127561,-2.38386,0.38386,0.79377,0.83271
ENSG00000127578,0.804277,0.557382,0.304074,0.609141
ENSG00000127580,2.0159,1.43186,1.38493,1.99177
ENSG00000127586,-1.08144,-0.991879,-0.427905,-1.00394
ENSG00000127616,0.884407,1.42134,0.533971,1.38262
ENSG00000127666,1.0647,1.00003,1.06227,1.45827
ENSG00000127774,2.93668,-0.180024,-0.180024,-0.254592
ENSG00000127804,1.64301,-0.327182,0.923477,0.421645
ENSG00000127824,1.37598,-0.734936,0.734936,0
ENSG00000127837,-0.10859,0.563448,0.563448,0.796835
ENSG00000127863,0.36879,-0.0425447,0.0344776,-0.0057043
ENSG00000127884,-0.942723,-0.734122,-0.734122,-1.03821
ENSG00000127903,-2.90224,2.20704,2.50947,3.33507
ENSG00000127914,-2.34008,-1.53131,2.23916,0.500526
ENSG00000127920,2.68801,0.479238,1.07023,1.09564
ENSG00000127922,0.757728,-1.09884,1.09884,0
ENSG00000127946,2.26022,1.5732,-1.5732,1.57009e-16
ENSG00000127947,1.58408,-0.671661,-0.464941,-0.803699
ENSG00000127948,0.753361,0.581858,0.453315,0.731978
ENSG00000127951,2.30072,0.65459,-0.118727,0.378912
ENSG00000127952,-1.37676,-1.21342,-1.02058,-1.57967
ENSG00000127980,2.33655,0.493929,0.142514,0.450033
ENSG00000127989,-2.73407,-0.24393,-0.521311,-0.541107
ENSG00000127993,0.922459,0.407077,1.01671,1.00677
ENSG00000127995,2.10864,1.95534,2.51074,3.158
ENSG00000128000,1.42068,1.06823,1.04381,1.49344
ENSG00000128011,-0.266856,-1.31913,-1.31913,-1.86553
ENSG00000128039,1.32395,1.17839,1.17839,1.66649
ENSG00000128059,-0.154599,-1.62358,-2.10362,-2.63553
ENSG00000128185,-1.19205,1.10394,0.741369,1.30483
ENSG00000128191,-0.593932,2.84367,2.95941,4.1034
ENSG00000128218,-0.48915,2.3438,-0.350289,1.40962
ENSG00000128266,0.00589697,-0.386987,1.55055,0.822764
ENSG00000128271,-0.671106,0.686786,-0.643477,0.0306239
ENSG00000128272,4.13049,1.16272,1.56946,1.93194
ENSG00000128274,2.35993,-0.230497,-1.82633,-1.4544
ENSG00000128283,-0.528429,-1.45442,-1.02057,-1.75008
ENSG00000128284,-0.866127,-0.793537,-1.39334,-1.54635
ENSG00000128294,-1.63217,0.35282,0.241645,0.42035
ENSG00000128298,-0.735638,-0.885684,0.47786,-0.288375
ENSG00000128335,-0.0608924,-0.132957,-0.297348,-0.304272
ENSG00000128394,0.923468,-0.915973,0.964484,0.0343029
ENSG00000128408,-1.01313,-0.0333496,-1.19766,-0.870454
ENSG00000128463,0.277241,0.317909,-0.44053,-0.0867062
ENSG00000128482,-4.05256,0.147816,0.0464652,0.137378
ENSG00000128487,3.31254,6.47252,3.039,6.72566
ENSG00000128524,1.4142,0.535193,0.535193,0.756877
ENSG00000128534,1.4055,1.68776,-1.20253,0.343109
ENSG00000128594,-3.36203,1.08263,-2.35828,-0.902016
ENSG00000128604,4.55154,-2.43797,-2.33362,-3.37403
ENSG00000128607,3.53845,-3.11377,1.17169,-1.37325
ENSG00000128617,1.48974,0.846272,-1.41175,-0.399852
ENSG00000128654,1.71426,2.3758,2.75727,3.62963
ENSG00000128656,2.54761,2.56159,2.33029,3.45908
ENSG00000128683,1.17539,0.431745,-3.72494,-2.32864
ENSG00000128694,-1.70898,-1.87737,-1.4764,-2.37147
ENSG00000128699,-0.481388,-2.12991,-3.43623,-3.93585
ENSG00000128708,-3.36975,-3.81768,-0.493292,-3.04832
ENSG00000128789,2.93898,-0.0536774,1.30959,0.888065
ENSG00000128791,1.58695,-4.47342,-3.50036,-5.63831
ENSG00000128805,-0.947206,1.20798,-1.44343,-0.166491
ENSG00000128815,1.45965,0.946076,0.729087,1.18452
ENSG00000128829,1.59432,-0.398151,1.44205,0.738147
ENSG00000128833,1.41173,-1.06706,3.10708,1.44251
ENSG00000128872,-0.201082,-0.213937,-1.34612,-1.10313
ENSG00000128881,2.77711,2.27631,2.27631,3.21919
ENSG00000128891,-2.59602,-1.47484,-0.838684,-1.63591
ENSG00000128915,-2.90137,-1.63688,2.2247,0.415655
ENSG00000128928,1.26313,2.50353,2.15893,3.29686
ENSG00000128944,-2.05535,-2.43043,-2.45312,-3.45319
ENSG00000128965,-1.16166,1.629,-2.19079,-0.397245
ENSG00000128973,0.267083,-0.591297,-0.591297,-0.83622
ENSG00000128989,3.75986,-0.524773,0.725016,0.141594
ENSG00000129003,1.99458,2.57171,1.4658,2.85495
ENSG00000129007,0.402256,-0.298463,1.94402,1.16358
ENSG00000129071,-0.0414285,-0.878054,-0.728063,-1.1357
ENSG00000129083,-0.389142,0.213686,0.213686,0.302198
ENSG00000129084,0.309627,0.139973,0.139973,0.197952
ENSG00000129103,-1.07721,-1.25468,-1.47694,-1.93155
ENSG00000129187,-0.0387544,0.692837,1.19683,1.33619
ENSG00000129195,0.827034,0.59835,-0.287331,0.219924
ENSG00000129204,3.53839,0.981079,0.996296,1.39822
ENSG00000129235,-1.42049,-0.951831,2.04546,0.773316
ENSG00000129244,0.504417,1.08287,1.08542,1.53321
ENSG00000129250,-0.419989,0.875537,0.740992,1.14306
ENSG00000129255,1.24505,2.57418,-1.06858,1.06462
ENSG00000129292,0.799851,-0.291454,-1.15614,-1.0236
ENSG00000129295,-0.761703,-0.998824,-0.99788,-1.41188
ENSG00000129315,2.26352,-2.04068,-2.19231,-2.99317
ENSG00000129347,0.542155,1.04465,3.25365,3.03936
ENSG00000129353,0.237634,-0.57545,-0.135329,-0.502597
ENSG00000129354,-0.2667,-1.03239,-0.333453,-0.965795
ENSG00000129437,-0.989694,-1.34866,-0.215709,-1.10618
ENSG00000129450,0.970544,-3.32665,-3.11976,-4.5583
ENSG00000129460,-1.09843,-1.16044,-0.698853,-1.31472
ENSG00000129465,2.03713,-0.547637,1.28545,0.521714
ENSG00000129467,1.02977,-0.724115,0.677418,-0.0330202
ENSG00000129472,-0.43846,-1.57531,-1.34388,-2.06418
ENSG00000129473,-2.88832,-2.07133,-2.76193,-3.41763
ENSG00000129484,0.319189,0.545917,0.677011,0.864741
ENSG00000129493,0.444202,-2.38707,-2.44772,-3.41871
ENSG00000129534,-1.97572,-1.12125,-1.80947,-2.07233
ENSG00000129535,0.435097,0.646479,0.646479,0.91426
ENSG00000129562,-0.715805,-0.651734,-0.672371,-0.936284
ENSG00000129566,-0.754042,-0.733129,-0.563339,-0.916741
ENSG00000129595,-1.09581,-0.652742,0.143233,-0.360277
ENSG00000129596,-0.89215,1.00788,0.81205,1.28688
ENSG00000129625,-1.85653,-2.20843,-0.102334,-1.63396
ENSG00000129636,0.920693,0.614352,0.856991,1.0404
ENSG00000129646,1.37871,1.08157,0.49806,1.11697
ENSG00000129657,-0.144293,-0.335491,1.09752,0.538836
ENSG00000129667,1.2733,0.252034,2.14388,1.69417
ENSG00000129673,1.8191,0.346392,1.29978,1.16402
ENSG00000129691,-0.915221,-2.472,-2.472,-3.49593
ENSG00000129749,1.47385,4.88624,-2.80107,1.47443
ENSG00000129757,-2.02008,-0.83049,0.0035844,-0.584711
ENSG00000129925,-2.05719,-3.64231,2.75371,-0.628335
ENSG00000129946,-0.926377,-0.460099,-0.964286,-1.00719
ENSG00000129993,-1.524,-1.99938,0.961035,-0.734221
ENSG00000130005,-4.21239,0.133459,0.133459,0.18874
ENSG00000130023,0.581241,0.543282,0.930794,1.04233
ENSG00000130024,0.572557,0.650741,1.65251,1.62864
ENSG00000130038,-2.25178,-0.783843,-0.589511,-0.971108
ENSG00000130147,-0.993429,0.653008,-1.15842,-0.357381
ENSG00000130158,3.39117,2.22845,-0.776135,1.02694
ENSG00000130159,0.346708,-1.12356,-1.12356,-1.58895
ENSG00000130164,-0.106842,0.548344,0.548344,0.775475
ENSG00000130165,-0.716034,-0.423106,-0.423106,-0.598363
ENSG00000130175,1.09188,1.8567,1.22863,2.18166
ENSG00000130177,-2.98652,-2.03942,-4.72909,-4.78606
ENSG00000130193,-4.37444,-2.84878,1.09427,-1.24063
ENSG00000130202,-0.220289,0.00108603,-0.915615,-0.64667
ENSG00000130222,-0.444592,0.124271,-1.59253,-1.03822
ENSG00000130227,-0.808551,-0.554245,-1.2619,-1.28421
ENSG00000130244,-0.613025,-0.505455,-0.301763,-0.570789
ENSG00000130254,2.88157,-0.946994,-0.946994,-1.33925
ENSG00000130255,0.0631574,-1.35419,-1.35419,-1.91512
ENSG00000130270,2.29538,-2.1359,-1.45349,-2.53808
ENSG00000130299,1.09211,-1.88027,-1.81928,-2.61597
ENSG00000130304,0.640722,0.525218,0.754677,0.905023
ENSG00000130305,2.14201,-0.466422,-2.00776,-1.74951
ENSG00000130309,0.859202,0.354496,-1.08837,-0.518929
ENSG00000130311,-0.501537,-1.13634,-1.13634,-1.60703
ENSG00000130313,0.343929,0.75594,-0.300511,0.322037
ENSG00000130332,0.554128,0.833116,0.513042,0.951877
ENSG00000130347,0.615805,0.104671,0.574488,0.480238
ENSG00000130348,-0.591845,-0.282244,-0.361326,-0.455073
ENSG00000130349,-0.871635,-0.628161,-1.60452,-1.57875
ENSG00000130363,1.50387,2.06416,1.8668,2.77961
ENSG00000130402,1.77868,1.50763,1.42489,2.0736
ENSG00000130413,0.419497,-0.606898,0.65805,0.0361699
ENSG00000130414,-0.15952,0.32119,0.173656,0.349909
ENSG00000130429,-1.7666,0.328477,0.875583,0.851399
ENSG00000130475,-0.374338,0.167205,0.999736,0.825152
ENSG00000130479,-0.865038,0.969013,1.10246,1.46475
ENSG00000130489,0.514262,0.882423,0.641212,1.07737
ENSG00000130508,1.08296,-0.118971,2.76247,1.86924
ENSG00000130517,1.08161,-0.825154,0.530465,-0.208376
ENSG00000130518,0.745621,1.51976,1.51304,2.14452
ENSG00000130520,0.122236,-0.25978,0.984163,0.512216
ENSG00000130529,3.88376,3.12861,1.50821,3.27873
ENSG00000130558,-0.0107316,2.45371,-0.0580419,1.69399
ENSG00000130590,0.194994,0.228586,-0.650833,-0.298574
ENSG00000130592,0.187169,0.651366,0.0179975,0.473311
ENSG00000130595,0.29456,0.0878769,-1.05443,-0.683459
ENSG00000130638,-1.03448,-0.95674,0.621321,-0.237177
ENSG00000130640,0.484685,0.932069,0.837493,1.25127
ENSG00000130649,0.176681,-1.28964,0.641936,-0.457996
ENSG00000130653,0.0301386,0.619702,0.521726,0.807111
ENSG00000130656,-1.55505,0.526052,-0.370022,0.11033
ENSG00000130669,0.625942,1.23313,1.76354,2.11897
ENSG00000130684,-1.53415,-1.54563,-1.54563,-2.18586
ENSG00000130695,-1.19878,-0.106449,-0.589784,-0.492311
ENSG00000130699,-1.74768,-1.33739,0.522514,-0.576205
ENSG00000130702,-1.49576,0.155243,-1.08999,-0.660963
ENSG00000130703,-0.783752,0.294984,-0.779401,-0.342534
ENSG00000130714,0.30928,1.30962,1.31965,1.85917
ENSG00000130717,-0.785528,2.43226,-2.09507,0.238434
ENSG00000130723,-0.173694,0.619012,0.966632,1.12122
ENSG00000130724,-3.12833,-1.96215,-1.16319,-2.20995
ENSG00000130725,-2.54934,-2.97577,0.879309,-1.48242
ENSG00000130731,1.08535,1.04199,1.01204,1.45242
ENSG00000130733,0.404136,-0.798595,-0.798595,-1.12938
ENSG00000130734,-0.763699,-1.11193,1.00002,-0.0791341
ENSG00000130758,0.738299,0.674687,0.327026,0.708318
ENSG00000130764,0.333675,0.111397,-0.731544,-0.438511
ENSG00000130766,2.7342,-0.219467,1.53458,0.929926
ENSG00000130768,-2.05744,-1.01018,1.39041,0.268861
ENSG00000130770,0.557096,1.10678,1.80754,2.06074
ENSG00000130775,-0.417013,0.841139,0.735991,1.1152
ENSG00000130783,3.91109,-0.225505,-0.225505,-0.318912
ENSG00000130787,-1.37088,0.451341,1.79663,1.58955
ENSG00000130803,0.0140674,-0.163711,0.0555882,-0.0764541
ENSG00000130810,0.738459,-1.20675,0.718614,-0.345165
ENSG00000130811,0.421685,0.248234,-0.637251,-0.275077
ENSG00000130812,-0.0481532,-0.42824,-0.357517,-0.555614
ENSG00000130818,-1.07338,-2.19903,-2.06542,-3.01542
ENSG00000130844,-1.28885,-0.8652,-1.21376,-1.47005
ENSG00000130856,0.635,1.43294,1.7942,2.28194
ENSG00000130921,6.02356,3.61319,-7.59392,-2.8148
ENSG00000130935,-0.835262,3.56761,1.66281,3.69846
ENSG00000130939,0.922036,1.30675,-0.136991,0.827143
ENSG00000130948,2.13945,0.755672,-1.86697,-0.785803
ENSG00000130956,1.29229,1.47504,0.834483,1.63308
ENSG00000130997,0.138254,-0.378025,0.935429,0.394144
ENSG00000131013,-1.11052,-1.40327,1.40327,-1.57009e-16
ENSG00000131015,-1.70322,0.693511,0.293554,0.69796
ENSG00000131016,-1.36813,-0.667026,-0.455376,-0.793659
ENSG00000131018,0.218914,0.385882,0.179919,0.400082
ENSG00000131023,1.30275,2.1895,2.1721,3.08412
ENSG00000131037,0.0217999,-0.802851,-0.322318,-0.795614
ENSG00000131043,-1.43515,-1.04526,-1.04526,-1.47822
ENSG00000131051,1.73161,-0.694291,0.297129,-0.280836
ENSG00000131061,-0.355775,-1.00041,-1.00041,-1.4148
ENSG00000131067,-3.93872,-0.827927,1.10398,0.195199
ENSG00000131095,0.481615,-1.24363,-1.24363,-1.75876
ENSG00000131100,0.240087,0.176532,1.13346,0.926304
ENSG00000131116,0.869915,0.448546,0.421494,0.615211
ENSG00000131127,1.19719,-1.22321,0.821921,-0.283752
ENSG00000131143,3.07145,4.44739,1.19134,3.98719
ENSG00000131148,1.55927,1.55984,1.18739,1.94258
ENSG00000131165,-6.95386,-0.053612,0.181597,0.0904993
ENSG00000131236,-0.240095,-0.530636,-0.49449,-0.724873
ENSG00000131238,0.524001,1.12896,-0.840361,0.204073
ENSG00000131242,0.27157,0.652157,1.64217,1.62234
ENSG00000131368,-1.05294,-0.202222,0.190571,-0.00823917
ENSG00000131370,0.625847,0.529214,-1.74488,-0.859603
ENSG00000131373,0.900977,0.713418,0.986576,1.20208
ENSG00000131375,0.475718,-1.41524,-1.41524,-2.00145
ENSG00000131378,-2.07443,1.7053,-0.293083,0.998589
ENSG00000131379,3.39139,2.19642,2.19642,3.1062
ENSG00000131381,0.687702,2.26887,1.31347,2.53309
ENSG00000131389,1.34089,0.950399,1.15219,1.48676
ENSG00000131400,0.207981,-0.771208,-0.771208,-1.09065
ENSG00000131408,1.91592,-1.49101,-1.49101,-2.1086
ENSG00000131437,-1.15174,0.364304,-0.650029,-0.202038
ENSG00000131446,-0.61626,-0.656585,-0.23548,-0.630785
ENSG00000131462,-1.59004,0.424812,-2.93864,-1.77754
ENSG00000131473,-0.27501,0.0169475,-0.118741,-0.0719787
ENSG00000131480,1.8192,-0.898165,-0.898165,-1.2702
ENSG00000131495,-5.36081,-4.75805,-4.96786,-6.87726
ENSG00000131504,3.6628,-0.499869,-0.341649,-0.595043
ENSG00000131558,-2.54885,-0.742954,-1.4707,-1.56529
ENSG00000131591,-0.449725,-0.610956,0.445555,-0.116956
ENSG00000131626,-2.83894,-2.69914,-2.98863,-4.02186
ENSG00000131634,-0.288279,-0.972421,-0.538113,-1.06811
ENSG00000131669,-4.31274,-1.86789,-0.678454,-1.80053
ENSG00000131697,-0.611432,-0.392632,-0.864366,-0.888832
ENSG00000131711,-0.293097,-0.544666,-0.544666,-0.770274
ENSG00000131730,2.17174,0.762147,-0.468165,0.207877
ENSG00000131746,-0.454861,-0.808164,0.808164,-7.85046e-17
ENSG00000131748,3.65549,-1.93498,1.04332,-0.630499
ENSG00000131771,3.74363,2.94855,-2.94855,0
ENSG00000131773,-1.27286,-0.347022,-0.347022,-0.490763
ENSG00000131778,-2.45083,-2.73973,0.424547,-1.63708
ENSG00000131781,1.46683,0.148373,0.148373,0.209831
ENSG00000131845,-2.147,-2.38354,-1.732,-2.91013
ENSG00000131849,4.04354,1.15379,1.19062,1.65775
ENSG00000131899,4.74938,0.966392,-0.612444,0.250279
ENSG00000131931,-2.64501,-0.0629139,0.0629139,-9.81308e-18
ENSG00000131941,1.51253,0.384117,1.69811,1.47236
ENSG00000131943,-0.283183,1.77609,0.328762,1.48836
ENSG00000131944,-0.360965,0.29687,-0.491801,-0.137837
ENSG00000131966,-1.63716,0.311752,0.311752,0.440884
ENSG00000131979,-0.909412,-2.8473,-4.03632,-4.86746
ENSG00000131981,-0.817011,-1.93859,1.59518,-0.242833
ENSG00000132002,1.04699,1.1758,1.14414,1.64045
ENSG00000132003,-2.9173,-2.45838,1.3839,-0.759771
ENSG00000132004,-0.0622402,1.02209,0.932557,1.38214
ENSG00000132010,1.97175,-1.66235,-1.66235,-2.35091
ENSG00000132017,-1.13482,-0.77392,0.0405284,-0.518587
ENSG00000132122,-2.99357,1.3218,-0.448349,0.617621
ENSG00000132141,1.0701,1.13157,0.0771163,0.854673
ENSG00000132155,1.70554,1.87316,-2.67776,-0.568939
ENSG00000132170,-2.76832,0.10576,1.67399,1.25847
ENSG00000132182,2.33468,-1.14265,0.126854,-0.718278
ENSG00000132196,2.79082,2.30024,3.05854,3.78923
ENSG00000132199,-1.16024,-0.680651,0.200403,-0.339587
ENSG00000132254,1.43313,0.0450563,-0.0360288,0.00638339
ENSG00000132256,-0.188373,-0.0468891,1.02309,0.69028
ENSG00000132259,0.459245,-0.428581,-0.288169,-0.506819
ENSG00000132274,-0.874006,-0.177932,0.77794,0.42427
ENSG00000132275,2.41309,0.379301,0.989335,0.967772
ENSG00000132286,2.47438,-0.0360288,1.59804,1.10451
ENSG00000132300,-2.11786,-0.0855073,1.66409,1.11622
ENSG00000132305,-2.9059,0.203685,-0.947523,-0.525973
ENSG00000132313,-0.0122573,-0.560635,-1.04734,-1.13701
ENSG00000132323,1.81028,-0.387618,1.33696,0.671285
ENSG00000132329,0.203046,0.499756,0.263487,0.539694
ENSG00000132330,-0.263771,-0.859516,-0.274886,-0.802143
ENSG00000132334,2.01901,-0.344059,-0.147823,-0.347813
ENSG00000132356,1.41902,1.69814,1.69814,2.40154
ENSG00000132357,-0.945368,-0.261212,0.273269,0.00852559
ENSG00000132359,0.592234,-1.9856,0.350385,-1.15627
ENSG00000132361,2.37346,0.0326136,0.806241,0.59316
ENSG00000132376,-3.74871,-1.10562,1.08281,-0.0161284
ENSG00000132382,0.739592,1.50861,1.50861,2.1335
ENSG00000132383,4.70157,0.653584,-0.582109,0.0505403
ENSG00000132386,1.88176,1.54359,-0.523045,0.721636
ENSG00000132394,4.01908,4.77407,4.1148,6.28538
ENSG00000132406,0.424261,-1.40314,-0.052357,-1.02919
ENSG00000132432,-0.30443,-0.659236,-0.659236,-0.932301
ENSG00000132434,1.06524,0.849584,0.655519,1.06427
ENSG00000132436,2.97595,2.18362,1.78297,2.8048
ENSG00000132463,2.46986,0.939053,0.567791,1.0655
ENSG00000132467,0.80138,-0.0610775,-0.0610775,-0.0863767
ENSG00000132470,-0.364915,0.788208,0.373593,0.821517
ENSG00000132471,-2.04881,-3.05057,-1.84544,-3.462
ENSG00000132481,0.295906,2.34553,-2.24409,0.0717245
ENSG00000132485,-2.01915,-2.68418,-2.14666,-3.41592
ENSG00000132507,1.90815,1.35414,1.83529,2.25527
ENSG00000132510,-2.80195,-0.726725,-0.0154171,-0.524774
ENSG00000132514,0.675293,-0.525001,0.378483,-0.103604
ENSG00000132522,1.8366,2.28686,3.51452,4.10219
ENSG00000132530,1.16204,-0.721814,0.402713,-0.225639
ENSG00000132535,-2.14494,-0.115388,-0.115388,-0.163183
ENSG00000132541,-0.093722,0.0738314,-0.295839,-0.156983
ENSG00000132561,-0.410989,-1.94745,1.56338,-0.271584
ENSG00000132570,0.316916,-0.885008,-0.957364,-1.30275
ENSG00000132581,-0.872328,0.440807,0.440807,0.623395
ENSG00000132600,4.60918,3.19995,2.62688,4.12019
ENSG00000132603,-3.59974,-3.9671,-3.9886,-5.62553
ENSG00000132604,-3.57103,-1.66089,-3.69978,-3.79057
ENSG00000132622,1.7603,0.223387,-2.08292,-1.31489
ENSG00000132623,0.0396373,-0.889079,-1.36982,-1.59728
ENSG00000132635,3.59774,0.00549478,-2.32005,-1.63664
ENSG00000132640,-0.643399,0.0890766,-1.30303,-0.858396
ENSG00000132661,-0.0212059,-0.466802,-0.542983,-0.714025
ENSG00000132670,-3.04609,-4.73666,1.39719,-2.36136
ENSG00000132680,-1.62277,-2.39889,-2.39889,-3.39255
ENSG00000132681,3.57922,0.259663,1.22677,1.05107
ENSG00000132694,3.30642,3.66976,-1.30169,1.67448
ENSG00000132698,-2.3025,-2.09489,-2.09489,-2.96262
ENSG00000132716,5.07639,4.01192,4.01192,5.67371
ENSG00000132740,-1.40567,-0.607181,1.56059,0.674164
ENSG00000132744,2.56036,1.95149,-2.27858,-0.231288
ENSG00000132749,-1.77695,-2.1447,-1.50545,-2.58105
ENSG00000132763,-0.625479,-0.999737,-1.25715,-1.59586
ENSG00000132780,0.790922,1.12754,1.12754,1.59459
ENSG00000132821,1.41258,1.63836,0.472174,1.49237
ENSG00000132823,1.21961,-0.347262,1.33905,0.701298
ENSG00000132824,0.231072,0.574404,0.574404,0.812329
ENSG00000132846,-0.189977,-0.375043,1.04839,0.47613
ENSG00000132879,0.484348,-0.550273,1.57827,0.726903
ENSG00000132881,0.369053,-0.721276,-0.505422,-0.867406
ENSG00000132906,-0.35189,2.7921,2.09997,3.45922
ENSG00000132912,0.104277,0.171219,0.602046,0.546781
ENSG00000132953,1.62804,1.16482,1.16102,1.64461
ENSG00000132970,0.847771,0.468785,-1.81485,-0.951812
ENSG00000133026,-0.157492,0.370246,-0.370246,0
ENSG00000133028,-0.445986,0.499962,0.499962,0.707053
ENSG00000133030,-2.20984,2.36872,-1.70868,0.466719
ENSG00000133048,-1.15807,1.84489,-0.484949,0.961627
ENSG00000133055,-1.30545,-0.529421,-0.541915,-0.757549
ENSG00000133059,3.88957,3.38641,-2.68381,0.496815
ENSG00000133063,1.1144,-1.39592,0.0627334,-0.942705
ENSG00000133065,2.3162,2.63896,2.86938,3.89498
ENSG00000133069,3.57481,1.24451,-1.95935,-0.505465
ENSG00000133101,0.558783,0.459919,0.123748,0.412715
ENSG00000133103,1.36385,2.11104,-0.297313,1.2825
ENSG00000133104,0.330171,0.200525,-0.0851222,0.0816018
ENSG00000133106,0.467344,0.0556834,0.0816,0.097074
ENSG00000133195,-0.634259,-0.488507,0.20367,-0.201411
ENSG00000133243,2.59619,1.45529,-0.802112,0.461868
ENSG00000133246,0.129215,1.25513,-0.134215,0.792604
ENSG00000133247,2.26062,-2.16926,-0.22116,-1.69029
ENSG00000133275,-2.49576,1.04135,0.491685,1.08402
ENSG00000133313,1.06475,0.15055,0.457536,0.429982
ENSG00000133318,3.09258,9.00791,3.2808,8.68943
ENSG00000133398,1.2616,-1.02806,1.58767,0.395706
ENSG00000133422,-2.15315,-2.08744,-1.84605,-2.7814
ENSG00000133454,-1.43003,-1.19067,0.918106,-0.192729
ENSG00000133460,0.604457,0.047885,0.282315,0.233487
ENSG00000133466,-0.248604,1.37634,1.07908,1.73624
ENSG00000133477,-1.80428,-0.219809,1.78345,1.10566
ENSG00000133488,-1.11095,1.40365,1.30678,1.91656
ENSG00000133574,0.50759,0.711188,-0.349178,0.25598
ENSG00000133597,0.415025,0.136769,0.114848,0.17792
ENSG00000133606,3.71422,-0.645135,-0.666369,-0.927373
ENSG00000133627,-1.56363,0.655838,0.478087,0.801806
ENSG00000133639,0.312842,-2.45946,-2.20665,-3.29944
ENSG00000133678,0.648029,0.260082,0.33631,0.421713
ENSG00000133687,2.84492,1.05707,4.28395,3.77667
ENSG00000133704,-2.12218,-0.0636817,-2.21224,-1.60932
ENSG00000133731,1.28943,-0.0968178,0.29967,0.143438
ENSG00000133739,-0.769007,-0.864114,-0.935911,-1.27281
ENSG00000133740,0.184541,-0.30458,-1.07325,-0.974275
ENSG00000133789,0.869818,-0.715248,0.715248,-7.85046e-17
ENSG00000133800,-2.22111,1.57853,-1.63451,-0.0395865
ENSG00000133816,0.698964,-0.0572413,-0.689129,-0.527763
ENSG00000133835,-1.18802,0.29716,1.36321,1.17406
ENSG00000133872,-0.6121,-0.175614,-1.37149,-1.09397
ENSG00000133874,-2.90187,-0.547501,1.25559,0.500696
ENSG00000133884,-0.311937,0.0928253,0.0928253,0.131275
ENSG00000133895,-0.555469,0.3731,0.0349246,0.288517
ENSG00000133943,-1.95561,-0.14552,1.10045,0.675238
ENSG00000133962,-0.421018,-1.13267,-1.04271,-1.53823
ENSG00000133983,0.804745,-0.0808052,-0.409813,-0.346919
ENSG00000133985,1.67316,1.07378,-0.387318,0.485401
ENSG00000133997,0.646974,-0.213277,-0.213277,-0.301619
ENSG00000134001,1.36964,1.21901,-0.662455,0.393542
ENSG00000134014,0.903972,-0.552691,-0.332851,-0.626172
ENSG00000134028,-3.37901,-2.21179,-2.29548,-3.18712
ENSG00000134049,3.1799,6.73391,2.30289,6.38998
ENSG00000134056,0.711535,0.631617,-0.691565,-0.0423896
ENSG00000134057,-0.485556,-0.459538,-0.459538,-0.649885
ENSG00000134061,-0.186904,0.647729,-0.647729,0
ENSG00000134070,0.282291,0.467994,0.909076,0.973735
ENSG00000134072,-0.646793,-0.749947,0.749947,0
ENSG00000134086,1.65224,0.0638489,0.0638489,0.090296
ENSG00000134109,-1.06085,-0.496158,-0.542027,-0.734108
ENSG00000134152,0.27266,1.47233,-0.844533,0.443922
ENSG00000134153,-0.723096,-0.42387,-2.71498,-2.2195
ENSG00000134184,1.33698,-0.707873,-1.32248,-1.43567
ENSG00000134198,-0.636897,-2.46652,-1.52917,-2.82538
ENSG00000134201,-0.110886,0.47634,0.0733616,0.388697
ENSG00000134202,1.71484,1.43653,3.92931,3.79422
ENSG00000134222,1.77747,1.81591,2.15904,2.81071
ENSG00000134247,0.709533,-0.168708,-1.72147,-1.33656
ENSG00000134248,0.286047,-0.354461,-1.59197,-1.37633
ENSG00000134253,-0.173202,0.540584,-1.41117,-0.615594
ENSG00000134255,1.16144,2.24373,2.96804,3.68527
ENSG00000134256,1.94531,1.15819,1.6537,1.98831
ENSG00000134262,0.0300899,0.325192,0.808203,0.801431
ENSG00000134265,0.232567,0.76983,2.41266,2.25036
ENSG00000134283,-1.29514,-0.733132,-3.72695,-3.15376
ENSG00000134285,-1.03192,-1.50034,-2.23896,-2.64408
ENSG00000134287,1.24928,2.33071,2.33761,3.30099
ENSG00000134291,-1.93308,-2.64541,-2.39395,-3.56337
ENSG00000134313,-0.596755,-0.555058,0.149888,-0.286498
ENSG00000134317,-0.764278,-1.17548,1.33144,0.110281
ENSG00000134318,-0.971524,-0.448552,0.0226627,-0.301149
ENSG00000134324,-2.21393,-1.41335,-1.53855,-2.08731
ENSG00000134330,0.53756,0.0835526,0.955066,0.734414
ENSG00000134333,-0.833931,0.556321,0.98852,1.09237
ENSG00000134352,0.142498,0.2939,0.2939,0.415637
ENSG00000134369,-0.125902,-0.147823,-0.694546,-0.595645
ENSG00000134371,3.35389,3.26037,3.34311,4.66936
ENSG00000134375,0.589448,1.62178,-1.11459,0.358635
ENSG00000134419,-1.38733,0.122155,-0.122155,-9.81308e-18
ENSG00000134440,-1.40564,-0.771283,-1.06708,-1.29992
ENSG00000134444,3.00748,2.38835,2.95466,3.77808
ENSG00000134452,1.16587,1.2741,1.67849,2.08779
ENSG00000134453,0.680158,1.50846,0.54143,1.44949
ENSG00000134460,-0.837177,-0.598357,-0.67813,-0.902612
ENSG00000134461,0.437504,-1.09946,-1.09946,-1.55488
ENSG00000134463,0.827861,0.448704,-1.73063,-0.906459
ENSG00000134470,0.541491,0.297217,0.698836,0.704315
ENSG00000134489,-0.14681,-0.46651,-0.934972,-0.990998
ENSG00000134490,1.62131,0.563917,-0.502692,0.0432925
ENSG00000134516,-3.03483,-0.404895,-0.257731,-0.468547
ENSG00000134545,1.17426,3.03994,1.51119,3.21813
ENSG00000134571,2.13953,3.18841,2.3975,3.94983
ENSG00000134575,-2.30862,-0.818802,-2.85845,-2.60021
ENSG00000134627,0.956689,1.64,1.22463,2.0256
ENSG00000134668,1.26723,-0.107581,2.11064,1.41638
ENSG00000134684,1.97662,2.97672,0.113098,2.18483
ENSG00000134686,-2.2509,-2.71453,-0.521856,-2.28847
ENSG00000134690,2.19158,2.41421,1.1576,2.52565
ENSG00000134698,2.55148,-2.65385,2.55261,-0.0715929
ENSG00000134709,-2.04928,-2.20742,0.330882,-1.32691
ENSG00000134716,0.198682,0.704173,-0.120742,0.412548
ENSG00000134744,-1.96331,0.0627587,-1.0922,-0.727924
ENSG00000134758,0.664665,-0.0456762,1.67712,1.15361
ENSG00000134759,-2.28487,-2.50054,-2.24226,-3.35367
ENSG00000134765,-0.749817,-0.660316,-0.660316,-0.933827
ENSG00000134769,-0.876586,-1.3509,-1.3509,-1.91047
ENSG00000134779,1.75527,1.57255,1.49399,2.16837
ENSG00000134780,-4.09191,1.98215,2.09526,2.88316
ENSG00000134802,-0.209891,1.35324,1.27165,1.85608
ENSG00000134809,2.72787,-3.76547,-5.82118,-6.77879
ENSG00000134815,0.00960962,-0.613704,-0.70579,-0.933023
ENSG00000134824,2.71771,1.7964,1.28338,2.17773
ENSG00000134825,2.55419,1.89634,2.27075,2.94658
ENSG00000134830,1.10278,-0.187077,-0.152153,-0.239872
ENSG00000134851,-0.472948,-0.244176,-1.09987,-0.950384
ENSG00000134852,1.10807,1.7187,1.39577,2.20226
ENSG00000134871,-1.07111,0.240288,-0.240288,1.96262e-17
ENSG00000134873,-1.26819,1.76802,1.11223,2.03665
ENSG00000134900,-2.72821,-2.9996,2.75819,-0.170704
ENSG00000134901,0.703353,2.08239,-1.86247,0.155506
ENSG00000134905,1.38513,1.77994,1.71007,2.46781
ENSG00000134909,-0.0155297,-0.612613,0.151919,-0.32576
ENSG00000134955,-0.168239,-0.587236,0.0973471,-0.346404
ENSG00000134982,-2.56123,-1.0346,-2.05943,-2.1878
ENSG00000134986,0.976707,-0.408899,-1.3456,-1.24062
ENSG00000134987,0.904072,-0.0983017,0.770373,0.475226
ENSG00000134996,-0.430483,0.781906,-2.35804,-1.1145
ENSG00000135018,1.12628,1.2998,1.08885,1.68903
ENSG00000135040,-0.0699931,-0.453273,-0.0877632,-0.38257
ENSG00000135045,-0.614676,1.87421,-0.832881,0.736332
ENSG00000135046,-0.83166,-2.34516,0.700794,-1.16274
ENSG00000135047,-1.12384,-1.29927,-1.07273,-1.67726
ENSG00000135052,0.523876,1.9325,1.62511,2.51561
ENSG00000135069,0.175985,0.0384538,0.595051,0.447955
ENSG00000135074,0.367811,-0.750288,-0.91245,-1.17573
ENSG00000135077,2.11805,-0.0870875,0.205511,0.083738
ENSG00000135083,0.482149,0.331007,-1.10298,-0.545865
ENSG00000135093,1.03409,-1.87381,0.899627,-0.688853
ENSG00000135094,-0.455781,-1.26771,-2.81378,-2.88605
ENSG00000135108,-1.80416,0.912547,1.18589,1.48382
ENSG00000135114,4.38996,0.291812,0.399442,0.488791
ENSG00000135116,-1.13269,0.430498,-1.31951,-0.628628
ENSG00000135124,1.94823,-1.39051,-0.435506,-1.29119
ENSG00000135127,0.827551,1.7123,1.7123,2.42156
ENSG00000135185,3.8624,0.301365,2.21876,1.782
ENSG00000135205,2.27008,0.581973,0.785038,0.966622
ENSG00000135211,2.61354,1.52577,0.52324,1.44887
ENSG00000135245,0.164394,0.613151,-0.613151,0
ENSG00000135249,1.61443,-0.459188,1.27294,0.575407
ENSG00000135250,8.10462,5.39111,3.50327,6.28928
ENSG00000135269,0.80516,-0.289446,1.05781,0.543315
ENSG00000135297,0.954378,0.668922,0.248596,0.648783
ENSG00000135314,-0.140716,-0.854782,-0.977283,-1.29547
ENSG00000135317,1.70486,0.336403,-2.08163,-1.23406
ENSG00000135318,-2.20649,-0.148894,-1.18982,-0.946616
ENSG00000135334,-2.27837,0.672487,0.20902,0.62332
ENSG00000135341,-1.27416,0.304223,1.53074,1.29752
ENSG00000135362,0.102472,2.70194,1.67377,3.0941
ENSG00000135378,0.71439,0.500086,1.0002,1.06086
ENSG00000135390,-3.08497,-3.89772,-4.67799,-6.06394
ENSG00000135404,0.532073,0.611856,0.346705,0.677805
ENSG00000135423,-2.2464,-2.42356,-2.92995,-3.7855
ENSG00000135424,-0.476793,0.601547,0.771954,0.971212
ENSG00000135426,1.86412,1.53835,1.19991,1.93624
ENSG00000135437,2.49159,1.1236,1.20034,1.64328
ENSG00000135441,-0.154239,0.240001,-0.73595,-0.350689
ENSG00000135451,-0.318318,1.83341,1.89969,2.6397
ENSG00000135457,-1.80883,1.29421,-0.0907496,0.850973
ENSG00000135469,1.52041,0.941399,0.423844,0.965372
ENSG00000135472,0.871547,0.640858,0.598107,0.876081
ENSG00000135473,-2.81554,-1.04962,-1.86483,-2.06083
ENSG00000135476,-4.08144,0.580302,2.18872,1.95799
ENSG00000135480,0.696919,-0.984754,1.8905,0.640459
ENSG00000135503,2.86496,-1.10916,-1.0927,-1.55695
ENSG00000135506,1.88514,1.94458,1.94458,2.75005
ENSG00000135535,2.47342,0.414536,-2.31625,-1.34471
ENSG00000135540,-0.29603,1.42322,0.136931,1.10319
ENSG00000135541,0.662436,-0.163166,0.467158,0.214955
ENSG00000135587,2.37762,2.64619,2.60877,3.71582
ENSG00000135596,-2.3949,-2.19246,2.56772,0.265348
ENSG00000135597,-0.476711,-0.11995,-0.681228,-0.566518
ENSG00000135604,1.22459,2.09798,-1.87243,0.15949
ENSG00000135617,-5.30109,-3.24102,-0.721628,-2.80202
ENSG00000135624,-5.62429,-3.24102,-3.24102,-4.5835
ENSG00000135631,4.79985,3.6354,3.17722,4.81725
ENSG00000135632,-1.83157,-1.11579,-1.80464,-2.06506
ENSG00000135636,4.08352,1.4533,1.03476,1.75932
ENSG00000135637,-0.0344425,-1.62335,-1.62335,-2.29576
ENSG00000135655,-0.303538,-1.04543,-1.59798,-1.86917
ENSG00000135686,-0.889538,0.917348,0.249713,0.825237
ENSG00000135709,2.54709,2.1339,3.07995,3.68675
ENSG00000135723,4.02388,1.35934,1.62453,2.10992
ENSG00000135736,-1.98531,-1.44276,-1.42821,-2.03009
ENSG00000135740,-1.85827,0.549425,0.65732,0.853298
ENSG00000135749,1.54941,1.91501,0.98823,2.0529
ENSG00000135763,-0.403095,0.442251,0.442251,0.625437
ENSG00000135775,-2.17328,-1.49743,-0.396271,-1.33905
ENSG00000135778,0.797158,0.298019,0.871992,0.827323
ENSG00000135828,-1.17911,0.273055,-0.0618302,0.149359
ENSG00000135837,-1.52715,-0.756696,-0.729087,-1.05061
ENSG00000135838,0.23203,-0.700731,-1.35965,-1.45691
ENSG00000135842,-0.745376,-1.49401,-0.871865,-1.67293
ENSG00000135845,-1.29487,-1.33299,0.71961,-0.433723
ENSG00000135862,-1.85715,-3.78543,-1.40732,-3.67183
ENSG00000135898,0.990674,-0.196975,-1.08616,-0.907317
ENSG00000135899,-0.0916414,-0.917643,-0.31727,-0.873215
ENSG00000135913,1.13859,1.39057,1.36692,1.94984
ENSG00000135916,0.692618,-0.389774,1.00173,0.432716
ENSG00000135919,0.400408,-0.191684,-0.621736,-0.575175
ENSG00000135926,0.247396,-0.802205,1.02605,0.158283
ENSG00000135929,1.08048,0.781964,-0.770392,0.00818273
ENSG00000135951,0.402223,0.142736,0.853797,0.704655
ENSG00000135953,-2.93416,-3.16071,-2.79613,-4.21212
ENSG00000135956,-2.65147,-2.86054,-2.86054,-4.04541
ENSG00000135966,-0.634654,-0.894533,0.166503,-0.514795
ENSG00000135968,1.6991,1.23467,1.34971,1.82743
ENSG00000135972,0.70836,0.161236,0.203187,0.257686
ENSG00000135974,1.64345,-0.86892,3.54829,1.8946
ENSG00000136010,-0.102865,2.08816,0.219755,1.63194
ENSG00000136011,-2.54955,-2.3604,-1.86032,-2.9845
ENSG00000136014,0.190441,-0.385065,1.34787,0.680809
ENSG00000136021,0.319891,-3.23273,0.0865035,-2.22472
ENSG00000136026,-3.1745,-0.439521,1.38706,0.670013
ENSG00000136044,-2.12496,-1.55155,1.42418,-0.090062
ENSG00000136045,-1.35918,-0.414357,-0.745011,-0.819797
ENSG00000136048,-1.35802,-0.427095,0.295652,-0.0929441
ENSG00000136051,-1.00912,1.02494,-0.217217,0.571144
ENSG00000136052,-0.0260673,-0.68613,0.170682,-0.364476
ENSG00000136068,1.27596,2.12148,1.27163,2.39929
ENSG00000136098,-1.28427,-3.00166,-1.76171,-3.36821
ENSG00000136100,0.633863,-0.0698569,2.53364,1.74216
ENSG00000136104,-0.0137997,0.832496,-0.238157,0.420261
ENSG00000136111,1.05548,1.31716,0.479434,1.27038
ENSG00000136114,2.08621,2.69903,2.29188,3.52911
ENSG00000136144,-2.11201,-8.97032,-4.47623,-9.50815
ENSG00000136146,-1.33492,0.298623,-1.39339,-0.774118
ENSG00000136147,-0.740836,-0.750137,-4.19892,-3.49951
ENSG00000136156,1.50384,1.206,1.75386,2.09293
ENSG00000136159,-1.35266,-0.402171,0.151748,-0.177076
ENSG00000136161,-0.682738,0.177125,-0.952921,-0.54857
ENSG00000136167,-0.87678,-1.07654,0.370762,-0.499059
ENSG00000136193,-2.42734,-1.57238,-0.821767,-1.69292
ENSG00000136197,1.52466,0.714443,1.44281,1.52541
ENSG00000136213,8.55261,1.57629,-0.064915,1.0687
ENSG00000136231,-0.348181,0.338641,2.48858,1.99915
ENSG00000136235,-0.0217901,-0.385882,-0.385882,-0.545719
ENSG00000136238,0.176334,0.0402366,-0.415815,-0.265574
ENSG00000136240,-0.299407,-0.020814,0.429249,0.288807
ENSG00000136243,-0.0982304,-0.170583,0.697168,0.372352
ENSG00000136247,1.12872,1.94416,0.880377,1.99725
ENSG00000136250,-1.31515,0.178678,0.802902,0.694082
ENSG00000136261,-0.752608,-0.213686,0.505102,0.206062
ENSG00000136270,-1.5654,-1.6344,-2.20885,-2.71759
ENSG00000136271,-5.04694,-4.51751,-3.59007,-5.73293
ENSG00000136279,-1.81166,-0.890894,-1.22098,-1.49332
ENSG00000136280,-1.96586,-1.40115,-1.47452,-2.0334
ENSG00000136286,1.35422,0.551535,-1.34155,-0.558627
ENSG00000136319,-0.253452,-0.360673,1.23298,0.616812
ENSG00000136371,-0.869902,-1.06541,-0.109396,-0.830716
ENSG00000136379,-0.150579,0.906335,-1.67715,-0.545049
ENSG00000136381,-5.58032,1.20504,-6.76736,-3.93316
ENSG00000136383,-5.66667,-2.41055,-4.52128,-4.90154
ENSG00000136404,2.82313,1.5861,0.34338,1.36435
ENSG00000136425,-0.296208,1.0548,-0.734484,0.226498
ENSG00000136444,-2.49276,-2.13586,-1.66684,-2.68891
ENSG00000136449,1.53453,0.841955,1.74757,1.83107
ENSG00000136457,-1.65928,0.841955,-0.841955,-1.57009e-16
ENSG00000136478,1.69937,0.281248,-0.853797,-0.404854
ENSG00000136490,-0.675581,3.94569,1.80195,4.0642
ENSG00000136514,-1.45781,-0.000356839,0.421911,0.298084
ENSG00000136518,0.121304,0.249713,0.249713,0.353147
ENSG00000136536,2.58518,-0.235158,-4.14955,-3.10045
ENSG00000136560,-2.1856,-2.75565,0.772164,-1.40254
ENSG00000136573,-2.24586,-3.18011,-1.62201,-3.39561
ENSG00000136628,1.35159,0.0859317,0.579623,0.470618
ENSG00000136631,-4.79258,-4.6386,-5.6226,-7.25577
ENSG00000136634,-0.418839,0.346149,-0.1505,0.138345
ENSG00000136643,1.1954,-0.805028,1.04232,0.167793
ENSG00000136699,0.664015,-0.0659143,-0.0659143,-0.0932169
ENSG00000136709,1.24017,0.28675,0.64796,0.66094
ENSG00000136710,-0.866033,-1.89764,-1.77087,-2.59403
ENSG00000136715,2.04254,2.02929,0.856727,2.04072
ENSG00000136717,-0.20883,0.707791,-0.900348,-0.136158
ENSG00000136718,-0.945374,-1.77087,-1.935,-2.62044
ENSG00000136720,1.78778,1.99299,-0.815535,0.832588
ENSG00000136731,-1.70181,-0.657984,-2.20597,-2.02512
ENSG00000136732,-0.489776,-0.417886,-1.58133,-1.41366
ENSG00000136754,-0.970048,0.0934734,0.309136,0.284688
ENSG00000136783,0.444171,-0.0417312,0.357093,0.222995
ENSG00000136802,-3.21544,-1.74912,-1.74912,-2.47363
ENSG00000136810,-0.689701,-2.75035,0.294532,-1.73652
ENSG00000136811,0.108263,-1.40467,-0.790894,-1.5525
ENSG00000136813,-1.47637,1.05979,-3.03413,-1.39607
ENSG00000136816,-0.676783,-1.22067,2.59089,0.968887
ENSG00000136819,-0.524443,-0.905273,0.491612,-0.292502
ENSG00000136824,1.64107,5.24382,-1.63222,2.55378
ENSG00000136827,-0.877437,-0.550749,-1.1329,-1.19052
ENSG00000136828,1.25453,3.2378,-1.01005,1.57526
ENSG00000136830,-0.809582,0.308256,-0.247119,0.0432305
ENSG00000136856,-3.24965,-2.00258,-2.00226,-2.83185
ENSG00000136861,1.56343,1.23093,1.02959,1.59843
ENSG00000136867,1.60878,2.66503,2.32672,3.5297
ENSG00000136868,1.02848,0.70895,1.15524,1.31818
ENSG00000136869,-0.322372,1.08258,-0.18494,0.634728
ENSG00000136870,0.128672,0.981415,0.727791,1.20859
ENSG00000136875,-1.16501,-0.52931,-1.05551,-1.12064
ENSG00000136877,-4.04103,-2.64397,-2.15775,-3.39533
ENSG00000136878,-1.75552,-1.65851,1.59973,-0.0415653
ENSG00000136888,-0.98673,0.106209,0.483601,0.417059
ENSG00000136891,3.15116,1.81489,0.920668,1.93433
ENSG00000136895,1.09128,-0.111256,-1.62134,-1.22513
ENSG00000136897,-0.298753,-2.23788,0.371059,-1.32004
ENSG00000136908,1.11675,0.480156,0.383878,0.610964
ENSG00000136930,0.652676,0.350218,1.48309,1.29634
ENSG00000136932,1.65697,2.59582,1.1803,2.67012
ENSG00000136933,0.0333341,1.74617,0.0841769,1.29425
ENSG00000136937,0.777566,1.36674,-1.35248,0.0100868
ENSG00000136938,0.45374,0.950469,-1.06659,-0.082111
ENSG00000136982,-1.19638,0.134208,1.29337,1.00945
ENSG00000136999,-1.64514,-0.72752,-0.672642,-0.990064
ENSG00000137054,4.14789,2.63498,-0.286067,1.66093
ENSG00000137070,-2.7844,0.9265,0.9265,1.31027
ENSG00000137073,-2.49694,-3.76158,0.322594,-2.43173
ENSG00000137074,-3.00564,-4.24168,-3.97598,-5.81076
ENSG00000137075,-2.89112,1.19492,4.51474,4.03734
ENSG00000137078,-2.3063,-2.88378,2.88378,-3.14018e-16
ENSG00000137106,-1.20858,0.891691,0.866557,1.24327
ENSG00000137133,2.66726,0.126875,0.126875,0.179428
ENSG00000137135,-2.93346,-0.160807,-0.62567,-0.556123
ENSG00000137145,0.885556,0.278748,-0.657503,-0.26782
ENSG00000137154,-1.00285,-0.849947,-0.146928,-0.704897
ENSG00000137161,0.526967,-0.0574569,-0.126367,-0.129983
ENSG00000137177,3.11568,1.38687,0.823754,1.56314
ENSG00000137185,9.50604,4.6909,2.55977,5.127
ENSG00000137198,-0.402344,-0.538342,-2.15902,-1.90732
ENSG00000137207,-0.639053,1.60009,1.50386,2.19483
ENSG00000137210,-0.746596,-0.553333,-0.489972,-0.737728
ENSG00000137216,-0.496312,-0.694756,-1.10784,-1.27463
ENSG00000137218,2.82902,2.26711,1.43508,2.61784
ENSG00000137221,-0.929702,-1.54559,-1.54559,-2.1858
ENSG00000137225,1.3418,0.987202,1.18469,1.53576
ENSG00000137261,-3.04281,-5.20593,-3.76385,-6.34259
ENSG00000137265,1.72358,-0.4438,-0.4438,-0.627629
ENSG00000137266,-0.606509,-0.300406,-0.52324,-0.582405
ENSG00000137267,-0.0244547,-1.64293,-1.01009,-1.87597
ENSG00000137269,-2.35364,-2.05058,0.626394,-1.00705
ENSG00000137275,1.21852,0.822519,1.158,1.40044
ENSG00000137288,-2.69885,-0.533149,-0.35361,-0.627034
ENSG00000137310,0.787261,0.642957,-3.18547,-1.79783
ENSG00000137312,-10.3088,-3.36422,-10.6349,-9.89889
ENSG00000137331,-10.6691,-3.67681,5.10044,1.00666
ENSG00000137338,-11.22,-6.61743,-7.33159,-9.86345
ENSG00000137364,-1.77584,-1.74998,0.545025,-0.852034
ENSG00000137393,-0.287761,-0.960002,-0.563523,-1.07729
ENSG00000137409,-1.1214,-0.51347,0.404053,-0.0773695
ENSG00000137411,12.4475,1.84577,1.88904,2.64091
ENSG00000137413,1.51912,-0.114109,-1.61591,-1.22331
ENSG00000137414,0.164631,0.276194,0.620774,0.634252
ENSG00000137441,-2.54985,-2.46447,-2.35081,-3.40492
ENSG00000137449,0.0872631,-0.177636,-0.308147,-0.3435
ENSG00000137460,-0.480024,1.28259,-1.27867,0.00276795
ENSG00000137462,-3.29157,-0.678291,-2.4036,-2.17922
ENSG00000137478,-0.218906,-1.00565,-1.00565,-1.42221
ENSG00000137486,-1.24762,-1.83299,0.384464,-1.02426
ENSG00000137492,-2.04543,0.144609,-0.198047,-0.0377861
ENSG00000137494,-2.40569,1.03692,0.452529,1.0532
ENSG00000137496,2.39731,0.126648,0.459715,0.414622
ENSG00000137497,-0.727667,-1.22139,-1.22568,-1.73034
ENSG00000137500,-3.7557,-1.98497,0.505782,-1.04594
ENSG00000137501,0.363087,1.61262,0.501558,1.49495
ENSG00000137509,-0.92374,0.328485,0.037617,0.258873
ENSG00000137513,1.07726,-0.0840743,0.151064,0.0473691
ENSG00000137522,2.27957,0.366687,0.0477232,0.293032
ENSG00000137563,0.790586,-1.75077,1.28777,-0.327384
ENSG00000137574,-1.86194,-1.30165,-1.30165,-1.84081
ENSG00000137575,-0.408296,0.0760603,-0.0760603,0
ENSG00000137601,8.26261,3.36061,-2.83963,0.36839
ENSG00000137672,-1.13668,-0.421735,-1.17078,-1.12608
ENSG00000137692,1.60374,1.16849,-1.16849,0
ENSG00000137700,1.19219,0.0228973,1.05799,0.764303
ENSG00000137710,0.798784,-0.97946,1.00435,0.0175982
ENSG00000137713,-0.968057,-1.32232,-0.999364,-1.64168
ENSG00000137714,-0.797254,-0.507141,-0.936101,-1.02053
ENSG00000137726,-0.732242,0.286998,0.0869097,0.264392
ENSG00000137731,-0.828657,0.511348,0.2857,0.563598
ENSG00000137747,3.20651,2.01115,2.01115,2.8442
ENSG00000137757,0.982252,-0.656342,0.116337,-0.381841
ENSG00000137760,-1.20224,-0.337003,1.78696,1.02527
ENSG00000137764,1.96148,1.29624,1.96545,2.30637
ENSG00000137767,1.76377,-0.494677,0.849889,0.251173
ENSG00000137802,-0.449653,0.505487,-0.964959,-0.324895
ENSG00000137806,0.793015,-0.70525,-0.394835,-0.777878
ENSG00000137807,-0.565693,-2.03879,-0.736929,-1.96273
ENSG00000137815,-1.55604,-0.749583,0.565789,-0.129962
ENSG00000137817,-1.47881,-1.83087,-2.129,-2.80005
ENSG00000137819,-2.2273,-3.21246,0.285912,-2.06938
ENSG00000137822,3.53853,3.71086,4.40949,5.74196
ENSG00000137824,0.877621,-1.38784,0.367981,-0.721146
ENSG00000137825,-0.192793,-0.116435,-0.428135,-0.385069
ENSG00000137831,-0.683694,0.854686,-1.76531,-0.64391
ENSG00000137841,-1.47423,-3.01192,-3.49461,-4.60081
ENSG00000137845,-3.53676,0.976116,4.86051,4.12712
ENSG00000137857,-0.807965,-0.00990248,0.38169,0.262894
ENSG00000137871,-0.184895,1.31981,3.12619,3.1438
ENSG00000137876,-0.304289,0.0814724,-0.402708,-0.227148
ENSG00000137877,-0.109865,0.365941,-2.00096,-1.15613
ENSG00000137936,0.21793,-0.921444,-0.921444,-1.30312
ENSG00000137941,1.17329,1.24195,-0.983434,0.182797
ENSG00000137944,-1.23652,-0.950551,-1.06062,-1.42211
ENSG00000137955,0.10577,-1.95053,0.149035,-1.27385
ENSG00000137965,1.22471,1.22631,-1.41252,-0.131669
ENSG00000137992,-0.144735,0.341366,0.229123,0.403397
ENSG00000137996,-0.304132,-0.132301,-1.03438,-0.824971
ENSG00000138002,-5.42338,-0.689672,-1.99996,-1.90186
ENSG00000138018,0.77812,2.35987,-0.0833834,1.60972
ENSG00000138028,-5.44151,-3.7891,-4.62592,-5.95031
ENSG00000138029,-0.234349,-0.952365,-0.454115,-0.994532
ENSG00000138030,-5.09241,-4.22768,-49.5444,-38.0226
ENSG00000138031,-0.52499,-2.21945,-0.241633,-1.74025
ENSG00000138035,0.114247,0.848634,0.886789,1.22713
ENSG00000138036,0.869458,-0.30701,-0.527677,-0.590213
ENSG00000138069,-1.59399,-1.39038,0.922592,-0.330776
ENSG00000138073,1.87261,-0.0416771,-0.0416771,-0.0589403
ENSG00000138074,-2.21406,-1.59716,-2.59993,-2.9678
ENSG00000138080,4.07719,3.4821,-3.80937,-0.231417
ENSG00000138081,-2.61101,-0.260479,-2.61642,-2.03428
ENSG00000138085,3.60252,2.10491,2.15889,3.01496
ENSG00000138095,1.0892,-0.237081,-0.478662,-0.506106
ENSG00000138101,3.83086,1.76233,0.914162,1.89256
ENSG00000138107,-4.44768,-1.27731,-1.62762,-2.0541
ENSG00000138115,-0.312701,1.97621,0.498422,1.74983
ENSG00000138119,-0.786879,-0.108791,0.068113,-0.0287639
ENSG00000138131,-1.65596,-0.615853,-0.421577,-0.733574
ENSG00000138134,-0.1632,-0.414195,-0.299596,-0.504727
ENSG00000138166,-1.82023,-1.02003,-1.02003,-1.44254
ENSG00000138172,-7.3688,-1.63326,-3.58509,-3.68993
ENSG00000138180,-1.86979,1.49097,1.47529,2.09746
ENSG00000138185,0.814827,0.902127,-0.842092,0.0424511
ENSG00000138190,1.28019,1.23138,1.23202,1.74189
ENSG00000138231,-1.7452,-0.49456,0.712239,0.153923
ENSG00000138246,0.64541,0.466732,0.896566,0.963997
ENSG00000138279,-0.176776,-1.20373,1.20373,0
ENSG00000138286,-1.04702,-0.955623,-1.10659,-1.45821
ENSG00000138303,-0.184887,0.110415,-0.199109,-0.0627159
ENSG00000138316,-0.207865,0.130085,-0.708005,-0.408652
ENSG00000138326,0.0578586,1.07171,0.153739,0.866527
ENSG00000138336,0.347396,1.03787,1.56053,1.83735
ENSG00000138346,-1.20634,0.15238,-0.261583,-0.0772179
ENSG00000138363,-1.64739,-2.09138,0.245431,-1.30529
ENSG00000138375,0.0632925,0.59567,0.799823,0.986762
ENSG00000138376,-0.558279,-0.966586,-1.5772,-1.79873
ENSG00000138380,2.60935,-1.24995,-0.94226,-1.55012
ENSG00000138381,2.04169,1.86698,2.02885,2.75476
ENSG00000138386,-1.27924,-1.52811,-1.18634,-1.9194
ENSG00000138399,-2.06022,-2.25074,-1.44483,-2.61316
ENSG00000138411,1.9878,1.00111,-3.12196,-1.49967
ENSG00000138413,-1.43566,-2.0078,1.9634,-0.0314009
ENSG00000138430,-1.21403,-2.99029,-2.99029,-4.22891
ENSG00000138433,3.09929,1.0703,1.17141,1.58513
ENSG00000138434,-0.113533,-0.683733,-0.683733,-0.966945
ENSG00000138439,1.6329,-1.84335,0.448945,-0.98599
ENSG00000138448,-0.128237,-1.26495,0.790207,-0.335695
ENSG00000138459,-1.53982,-1.78628,-1.78628,-2.52618
ENSG00000138463,1.79744,-0.620741,2.97064,1.66163
ENSG00000138468,-0.502377,-0.80863,-0.852901,-1.17488
ENSG00000138495,0.708942,1.79083,1.19262,2.10962
ENSG00000138496,-0.382168,0.268921,0.12505,0.278579
ENSG00000138594,-0.146648,-0.477405,-0.615808,-0.773018
ENSG00000138613,-0.555461,-1.82529,-1.82529,-2.58135
ENSG00000138615,0.928419,1.10388,-2.04547,-0.665808
ENSG00000138617,1.69134,1.68819,1.29095,2.10657
ENSG00000138621,4.17301,1.56117,1.6042,2.23825
ENSG00000138623,-3.59621,-2.90774,-2.67059,-3.94447
ENSG00000138629,-3.01374,1.67188,2.4734,2.93115
ENSG00000138639,2.67857,2.01569,0.55402,1.81706
ENSG00000138640,-0.272258,2.70613,-0.335904,1.676
ENSG00000138641,0.137469,1.74385,0.911222,1.87742
ENSG00000138642,-0.502382,0.80885,-0.0773432,0.517254
ENSG00000138658,-0.339169,-1.42329,-0.725237,-1.51924
ENSG00000138660,-1.13515,-0.95306,-0.95306,-1.34783
ENSG00000138674,-0.0456946,-0.369224,3.13883,1.9584
ENSG00000138678,0.735605,-1.23532,-0.551155,-1.26323
ENSG00000138688,-1.71667,-0.701481,-2.03512,-1.93507
ENSG00000138698,-0.472911,-0.147817,1.06404,0.647868
ENSG00000138709,-1.00291,0.48905,0.413386,0.638119
ENSG00000138722,5.96116,3.1067,-0.0133313,2.18734
ENSG00000138738,-0.765531,-2.43265,-2.14932,-3.23994
ENSG00000138744,0.234805,1.39894,-0.102227,0.916917
ENSG00000138750,0.11449,0.189432,-0.299466,-0.0778062
ENSG00000138758,0.262113,0.584665,0.860266,1.02172
ENSG00000138760,1.22291,-1.74611,0.961763,-0.554615
ENSG00000138767,0.0795969,0.756353,0.894456,1.1673
ENSG00000138768,-1.22711,-1.16953,1.49332,0.228954
ENSG00000138772,1.724,1.14977,1.88144,2.14339
ENSG00000138777,2.52687,1.09379,-2.04352,-0.671561
ENSG00000138778,4.43299,3.205,3.63741,4.83831
ENSG00000138780,1.38045,0.524716,1.68204,1.56041
ENSG00000138785,-2.06796,-1.29689,-1.29689,-1.83408
ENSG00000138794,-0.413915,-0.542269,-0.571039,-0.787227
ENSG00000138796,0.16647,0.670749,-0.670749,7.85046e-17
ENSG00000138798,-3.39249,-3.46592,-3.46592,-4.90155
ENSG00000138801,-0.625438,2.40236,-1.22439,0.832949
ENSG00000138821,-4.16398,0.209755,-0.956267,-0.527864
ENSG00000138829,-0.705748,0.0381775,-0.109489,-0.0504246
ENSG00000138867,-1.54217,-1.20491,-0.268429,-1.04181
ENSG00000138942,3.03806,2.86442,2.72798,3.95443
ENSG00000138964,-1.62048,1.4998,-0.0865617,0.999308
ENSG00000139044,0.72809,1.31887,0.0384666,0.959783
ENSG00000139055,-0.103927,-0.369975,-0.401625,-0.545603
ENSG00000139083,2.11625,-0.708676,0.337585,-0.262401
ENSG00000139116,0.457418,-2.29596,4.30298,1.41918
ENSG00000139132,-1.28349,-0.603854,0.812227,0.147342
ENSG00000139133,0.463691,0.243486,1.46633,1.20902
ENSG00000139146,0.801056,-1.05174,1.05174,0
ENSG00000139154,0.378851,1.05913,0.384798,1.02101
ENSG00000139168,-2.43686,-2.05628,-0.685545,-1.93876
ENSG00000139173,-1.06273,-0.913682,1.55896,0.456279
ENSG00000139178,-0.91757,0.874632,-0.784118,0.0640031
ENSG00000139182,-1.83917,-1.44172,-1.72587,-2.23982
ENSG00000139187,0.426561,0.626781,-0.127837,0.352807
ENSG00000139190,0.249452,0.526052,1.69343,1.56941
ENSG00000139192,-0.0590862,-0.392439,0.723733,0.23426
ENSG00000139194,-0.831733,-0.985808,-0.0405769,-0.725764
ENSG00000139197,1.00723,0.539027,0.761266,0.919446
ENSG00000139211,-0.440341,-1.71785,0.8469,-0.615855
ENSG00000139218,1.45316,1.75002,1.75002,2.47491
ENSG00000139233,-1.02403,-1.51094,-0.661855,-1.5364
ENSG00000139266,-0.806277,-0.445824,-0.445824,-0.63049
ENSG00000139278,-1.6486,-1.10713,-0.850264,-1.38409
ENSG00000139291,1.53374,-2.04337,-1.22039,-2.30782
ENSG00000139318,0.558594,-1.30298,-1.11696,-1.71116
ENSG00000139323,-0.310965,0.699416,0.704737,0.992886
ENSG00000139324,-0.955912,0.489921,0.659468,0.812741
ENSG00000139343,-0.219485,0.631034,-0.310403,0.22672
ENSG00000139344,0.717244,0.198497,1.11162,0.92639
ENSG00000139354,0.395877,0.594794,0.15674,0.531415
ENSG00000139372,-0.835192,-2.56334,-2.48742,-3.57142
ENSG00000139405,-2.09085,0.197257,-1.65521,-1.03093
ENSG00000139410,2.25366,1.15083,1.4303,1.82513
ENSG00000139428,4.09007,3.75612,3.9035,5.41617
ENSG00000139433,-3.29468,0.399333,-2.70616,-1.63117
ENSG00000139436,-2.28059,-1.62414,3.01883,0.986193
ENSG00000139437,-6.34953,-2.88076,3.92921,0.741364
ENSG00000139438,4.65253,-1.60897,-1.2939,-2.05264
ENSG00000139496,-0.847652,-1.19288,-0.597296,-1.26584
ENSG00000139505,0.833404,1.41093,1.86713,2.31794
ENSG00000139508,-0.833567,0.158013,-0.420276,-0.185448
ENSG00000139514,1.22403,1.20477,1.20477,1.7038
ENSG00000139517,-2.17247,-1.71631,-2.7471,-3.1561
ENSG00000139531,0.481987,0.958583,1.25085,1.56231
ENSG00000139537,-2.46026,0.679779,-2.33095,-1.16755
ENSG00000139547,0.530152,-0.355138,-1.22623,-1.1182
ENSG00000139572,-2.20601,-2.4768,-2.4768,-3.50272
ENSG00000139597,-1.35887,0.887768,-1.20148,-0.221828
ENSG00000139613,-1.21446,1.72547,0.900358,1.85674
ENSG00000139618,-0.134609,-0.251229,-0.495138,-0.527762
ENSG00000139620,1.78171,3.91593,2.07578,4.23678
ENSG00000139624,4.41849,-0.616298,3.45621,2.00812
ENSG00000139626,-0.0254729,0.200304,-0.735691,-0.378576
ENSG00000139631,-3.06025,-2.01861,-0.892559,-2.05851
ENSG00000139651,0.235546,2.13078,2.2569,3.10256
ENSG00000139675,1.32631,-2.17377,-1.37641,-2.51035
ENSG00000139679,1.05941,0.169241,0.169241,0.239342
ENSG00000139714,1.82813,0.472629,0.424922,0.634665
ENSG00000139719,6.7982,-3.54901,2.8741,-0.47723
ENSG00000139722,2.97776,0,0,0
ENSG00000139737,-2.0772,-3.64587,0.847435,-1.9788
ENSG00000139746,-6.96591,3.91325,4.58224,6.00722
ENSG00000139793,-2.68647,0.575515,-0.91966,-0.243347
ENSG00000139826,-0.819699,0.724433,-0.0782257,0.456938
ENSG00000139832,-2.59247,-1.59853,-2.23985,-2.71414
ENSG00000139835,0.449734,-0.399929,-0.134536,-0.377924
ENSG00000139842,-0.740222,0.360423,-0.772725,-0.291541
ENSG00000139880,1.28156,-0.848334,-1.96512,-1.98941
ENSG00000139890,2.45529,1.37575,2.10124,2.4586
ENSG00000139899,1.20171,2.66381,1.70974,3.09256
ENSG00000139908,2.55277,-0.222542,0.932391,0.501939
ENSG00000139914,1.22124,-0.210316,-0.210316,-0.297432
ENSG00000139921,3.21865,2.41367,3.07367,3.88013
ENSG00000139946,1.95446,1.84413,1.12664,2.10066
ENSG00000139970,-3.56618,0.328152,-4.39278,-2.87412
ENSG00000139974,3.17026,0.31349,0.0478616,0.255514
ENSG00000139977,-0.127963,1.47599,-1.08617,0.275638
ENSG00000139998,1.79416,2.89357,2.31514,3.68311
ENSG00000140022,-1.29154,-1.5467,-0.100045,-1.16442
ENSG00000140025,-1.55771,-1.29535,-0.114473,-0.996894
ENSG00000140043,-0.149094,-1.09457,-0.729318,-1.28968
ENSG00000140092,1.39934,1.7878,-1.05534,0.517923
ENSG00000140199,-0.584724,0.835956,-0.09095,0.526799
ENSG00000140263,0.857988,-1.6803,-1.67624,-2.37343
ENSG00000140264,5.03526,4.18595,4.18595,5.91983
ENSG00000140265,5.95401,5.85585,5.35071,7.92423
ENSG00000140307,-2.1409,-2.30758,-2.18931,-3.17978
ENSG00000140319,2.85145,-0.82541,-0.0790307,-0.639536
ENSG00000140320,2.732,2.31824,2.48846,3.39885
ENSG00000140326,-2.82636,-0.327874,0.891524,0.398561
ENSG00000140365,-1.41836,0.792072,0.792072,1.12016
ENSG00000140367,-0.282578,-2.48402,-2.45657,-3.49352
ENSG00000140368,0.625936,-0.602133,0.730559,0.0908109
ENSG00000140374,-1.05974,-1.30144,-3.54856,-3.42947
ENSG00000140382,-2.01984,-0.829696,-1.33066,-1.5276
ENSG00000140386,-0.305799,-0.489299,0.527375,0.0269242
ENSG00000140391,-0.542091,-0.649413,-0.299343,-0.670872
ENSG00000140395,-3.06051,-2.40095,3.34935,0.670615
ENSG00000140398,-2.9066,-2.15822,-3.15435,-3.75655
ENSG00000140400,-1.91948,0.848948,-2.12032,-0.898997
ENSG00000140403,-1.98731,-1.39736,0.709963,-0.486066
ENSG00000140416,-0.975925,-1.16332,0.460394,-0.497042
ENSG00000140451,2.71222,2.57429,1.83929,3.12087
ENSG00000140463,0.586505,-0.286385,0.662096,0.265668
ENSG00000140464,0.734471,0.219758,-0.764995,-0.385541
ENSG00000140471,-0.582083,-0.598687,2.2148,1.14276
ENSG00000140474,3.64188,3.27382,4.3516,5.39199
ENSG00000140479,5.27075,0.68988,0.270465,0.679066
ENSG00000140497,-3.86709,-1.97693,-1.74757,-2.63362
ENSG00000140511,3.68824,2.72028,1.26131,2.81541
ENSG00000140525,3.09475,-3.62951,-4.4415,-5.70706
ENSG00000140526,2.78893,1.44609,3.63068,3.58982
ENSG00000140534,4.20616,-0.787533,-1.3696,-1.52532
ENSG00000140543,-1.63522,-1.21958,-1.15408,-1.67843
ENSG00000140545,0.43011,-1.81045,0.262047,-1.09488
ENSG00000140548,-1.05173,0.44371,-0.157689,0.202248
ENSG00000140575,1.93647,1.68401,1.13741,1.99505
ENSG00000140577,-1.70925,-0.216558,-1.42199,-1.15862
ENSG00000140598,-2.19744,1.98112,-2.62701,-0.456716
ENSG00000140612,0.824803,1.22275,0.950416,1.53666
ENSG00000140632,0.975931,2.62338,2.50361,3.62533
ENSG00000140650,1.68546,0.937212,-0.292076,0.45618
ENSG00000140678,1.01914,-0.115964,-1.30793,-1.00685
ENSG00000140691,-1.07945,0.102092,0.102092,0.14438
ENSG00000140718,0.407171,-0.447625,0.592968,0.102772
ENSG00000140740,-2.86842,-1.31258,-1.12688,-1.72496
ENSG00000140749,-4.03383,-3.50003,-0.335128,-2.71186
ENSG00000140750,-1.38133,0.722093,0.179381,0.637438
ENSG00000140829,0.372073,-2.27587,-1.4176,-2.61168
ENSG00000140836,-0.411976,0.212267,-0.425743,-0.15095
ENSG00000140848,-2.26548,-4.30803,-2.43025,-4.76468
ENSG00000140853,-2.05423,-0.150308,-1.69496,-1.3048
ENSG00000140854,-0.48515,0.333683,-2.36034,-1.43306
ENSG00000140876,-0.723545,0.30377,-0.746841,-0.313298
ENSG00000140931,1.67754,1.82825,1.15686,2.11079
ENSG00000140941,-2.13176,-1.10133,-2.07972,-2.24934
ENSG00000140943,-0.290682,0.81646,-2.04557,-0.869115
ENSG00000140945,1.3004,3.2182,0.00877325,2.28181
ENSG00000140950,-1.09203,0.274338,0.27524,0.388611
ENSG00000140961,0.902086,1.29882,0.0270742,0.93755
ENSG00000140968,3.45181,-1.30793,-0.102728,-0.997487
ENSG00000140988,-0.931358,1.088,1.47247,1.81053
ENSG00000140990,-2.23828,-1.47504,-1.52223,-2.11939
ENSG00000140993,2.56756,1.66619,1.66619,2.35635
ENSG00000140995,-5.37909,-3.61613,0.77121,-2.01167
ENSG00000141002,-5.59383,0.84636,-1.70227,-0.605216
ENSG00000141012,4.81677,2.21489,2.12775,3.07071
ENSG00000141013,-7.28059,-3.10256,-2.10246,-3.68051
ENSG00000141026,-4.57023,-2.09133,-0.752531,-2.01091
ENSG00000141030,3.70869,0.34097,-2.98445,-1.86922
ENSG00000141068,-0.533231,0.0140974,-0.36478,-0.24797
ENSG00000141076,-1.89055,-3.42232,-2.65552,-4.29768
ENSG00000141098,3.79983,-0.57689,0.365973,-0.149141
ENSG00000141179,-0.470336,0.121574,1.06807,0.841209
ENSG00000141219,-0.152719,-1.15331,0.167948,-0.696759
ENSG00000141232,1.01453,0.524896,0.375365,0.636581
ENSG00000141252,0.315997,0.323577,-0.524491,-0.142068
ENSG00000141258,-4.3288,-1.54358,-2.73901,-3.02825
ENSG00000141293,0.303015,-0.486,0.511723,0.0181892
ENSG00000141294,0.686108,2.46709,2.56848,3.56069
ENSG00000141295,0.486586,1.38243,0.295619,1.18656
ENSG00000141337,-1.49519,-0.154656,-0.250837,-0.286727
ENSG00000141349,1.34799,0.733691,0.733691,1.0376
ENSG00000141367,-1.6601,0.295259,0.295259,0.417559
ENSG00000141378,-0.438043,-0.406188,-0.276174,-0.482502
ENSG00000141380,-2.11156,0.234424,-0.300057,-0.0464092
ENSG00000141384,-3.31859,-2.21116,0.52785,-1.19028
ENSG00000141385,0.477868,0.0423835,-0.0423835,0
ENSG00000141391,-1.17288,0.239863,0.308572,0.387802
ENSG00000141404,1.1186,0.774379,-0.124,0.459888
ENSG00000141424,-0.97354,0.921826,-2.57187,-1.16675
ENSG00000141429,2.34795,1.0688,1.0688,1.51151
ENSG00000141446,-0.128653,0.642612,1.99614,1.86588
ENSG00000141447,-0.628982,-0.359346,-0.359346,-0.508192
ENSG00000141452,-0.573186,-0.954529,-1.0211,-1.39698
ENSG00000141458,-0.786081,-1.29662,-0.625638,-1.35924
ENSG00000141469,-1.73211,0.528464,0.058125,0.414781
ENSG00000141499,1.57388,-0.60267,-0.60267,-0.852305
ENSG00000141504,-0.721201,-0.460851,-0.460851,-0.651742
ENSG00000141519,-0.018406,0.53261,0.357325,0.629279
ENSG00000141524,1.1794,-0.959746,-1.55228,-1.77627
ENSG00000141526,3.07905,0.0215032,-0.117086,-0.067587
ENSG00000141540,-1.27038,0.918239,1.34903,1.6032
ENSG00000141556,-1.66792,-0.449177,2.34791,1.34261
ENSG00000141564,2.4278,1.33238,4.43455,4.07784
ENSG00000141568,1.41585,1.82323,1.7817,2.54907
ENSG00000141569,0.772562,1.19253,0.837893,1.43572
ENSG00000141570,1.35831,0.486603,-0.54404,-0.0406144
ENSG00000141577,0.151744,-1.22789,-0.932222,-1.52743
ENSG00000141580,0.311272,-1.90755,-0.211155,-1.49815
ENSG00000141622,-0.0882997,-1.69539,-1.69539,-2.39765
ENSG00000141627,3.5833,0.955631,1.3108,1.60261
ENSG00000141642,0.321488,-1.61964,-1.61964,-2.29051
ENSG00000141646,0.274065,1.23408,0.437931,1.18229
ENSG00000141696,0.64673,-0.533195,0.288726,-0.172866
ENSG00000141698,0.460837,-0.414297,0.454531,0.0284503
ENSG00000141736,3.72837,3.67475,2.93683,4.67509
ENSG00000141744,3.91,3.8239,3.8239,5.40781
ENSG00000141759,5.92644,4.84915,-0.259816,3.24515
ENSG00000141837,1.43105,0.521949,-0.4618,0.042532
ENSG00000141854,1.27474,0.305604,0.553416,0.607419
ENSG00000141867,1.86459,2.10628,0.533971,1.86694
ENSG00000141873,2.79491,3.26986,1.89023,3.64873
ENSG00000141905,0.15735,-0.40573,-0.836909,-0.878679
ENSG00000141933,-1.32111,0.781046,-0.99964,-0.154569
ENSG00000141934,0.398318,-0.000237299,-0.0465386,-0.0330756
ENSG00000141956,0.127008,-0.846568,1.40451,0.394525
ENSG00000141959,0.221544,-1.00939,-0.821586,-1.2947
ENSG00000141971,0.408848,0.177636,0.710945,0.628321
ENSG00000142002,2.98253,-0.425501,-0.355464,-0.552226
ENSG00000142039,-1.58082,-1.62643,0.362673,-0.893613
ENSG00000142065,-1.91062,-1.56449,-2.18721,-2.65285
ENSG00000142082,0.0375034,-0.425648,-0.56807,-0.702664
ENSG00000142089,-0.11375,-1.11037,-0.0104172,-0.792517
ENSG00000142102,-0.234735,1.44626,2.17957,2.56385
ENSG00000142156,1.98842,-0.0794589,-1.02303,-0.779575
ENSG00000142166,1.88189,0.633613,2.56428,2.26125
ENSG00000142168,-0.239618,0.40693,-0.127675,0.197463
ENSG00000142178,-2.19216,1.7188,0.739875,1.73854
ENSG00000142185,-2.21458,-0.598082,-0.964635,-1.10501
ENSG00000142188,-3.83522,-3.2088,-3.10369,-4.46361
ENSG00000142197,1.0375,2.78811,-0.553398,1.58018
ENSG00000142207,0.374403,0.860869,-0.118292,0.525082
ENSG00000142208,-1.02199,-1.30378,0.4364,-0.613328
ENSG00000142227,-3.35282,-0.294029,-0.409177,-0.497242
ENSG00000142230,1.52327,0.916838,2.75053,2.59322
ENSG00000142233,7.69312,-1.24241,4.40945,2.23944
ENSG00000142235,-1.48198,-0.509102,-0.509102,-0.719979
ENSG00000142252,-0.889904,0.145211,0.183722,0.23259
ENSG00000142303,-0.227096,-0.846888,-2.21198,-2.16294
ENSG00000142330,-0.396712,-1.22417,-1.4299,-1.87671
ENSG00000142347,0.356125,0.326753,0.626182,0.673827
ENSG00000142396,-1.32058,-0.587032,-0.582485,-0.826973
ENSG00000142459,-0.93016,-1.19371,-1.15047,-1.65758
ENSG00000142512,-2.63408,-0.165233,-1.38332,-1.095
ENSG00000142544,1.48435,-0.903656,-0.229627,-0.801352
ENSG00000142546,-6.94126,-1.88052,-0.865575,-1.94178
ENSG00000142556,2.048,-0.762915,-0.762915,-1.07892
ENSG00000142583,1.32703,0.3387,0.598636,0.662797
ENSG00000142599,4.76501,5.28463,5.3696,7.53368
ENSG00000142606,-1.58782,-1.27754,-1.34627,-1.85531
ENSG00000142621,-1.00389,-1.50186,-0.809818,-1.6346
ENSG00000142632,2.61373,1.91858,1.91858,2.71329
ENSG00000142634,-1.14386,-1.0657,-0.88045,-1.37614
ENSG00000142655,-0.940419,-0.655598,-0.430597,-0.768056
ENSG00000142657,1.39788,1.25401,0.586025,1.3011
ENSG00000142675,0.913311,0.694942,0.415604,0.785274
ENSG00000142676,1.54332,0.057831,0.057831,0.0817854
ENSG00000142686,4.97024,4.67727,4.42333,6.43509
ENSG00000142694,-4.50349,-2.52666,-2.52091,-3.56917
ENSG00000142731,0.511093,0.0282345,-0.135789,-0.0760528
ENSG00000142733,0.555969,1.98626,-1.24532,0.523927
ENSG00000142751,0.891047,-0.227244,-2.40979,-1.86466
ENSG00000142765,2.76037,2.96234,0.897367,2.72922
ENSG00000142784,1.05933,0.0979665,0.0979665,0.138546
ENSG00000142798,-0.765566,-1.47138,-1.47138,-2.08084
ENSG00000142856,-0.0314947,-0.0709946,0.526105,0.321811
ENSG00000142867,-4.98255,-3.34921,-0.898932,-3.00389
ENSG00000142892,-0.0965986,-1.0804,0.583933,-0.351055
ENSG00000142920,-1.68371,-1.42432,0.0758334,-0.953525
ENSG00000142937,-0.150303,-0.0720324,-0.0720324,-0.101869
ENSG00000142945,-1.01762,-0.118321,-0.227775,-0.244726
ENSG00000142959,-0.656674,-0.224944,-0.110026,-0.236859
ENSG00000143013,0.688219,0.801231,-0.0389699,0.539
ENSG00000143036,-0.86598,-1.61543,-0.15907,-1.25476
ENSG00000143067,1.47017,1.13729,1.54608,1.89743
ENSG00000143079,-2.93622,-1.88978,1.88978,-1.57009e-16
ENSG00000143093,-1.26808,-2.21578,-2.09472,-3.04799
ENSG00000143110,0.281121,0.467472,-0.375009,0.0653808
ENSG00000143126,-0.574926,0.332851,-0.363408,-0.0216069
ENSG00000143149,-3.42563,-1.19716,-1.41154,-1.84463
ENSG00000143153,1.00693,1.06159,1.66359,1.927
ENSG00000143156,0.54691,0.602732,1.98836,1.83218
ENSG00000143158,-0.00518297,1.36655,0.788078,1.52355
ENSG00000143162,-1.43889,-0.585755,0.921727,0.237568
ENSG00000143167,-0.526527,-0.777874,-0.148044,-0.654723
ENSG00000143178,0.265642,-0.295389,-0.866001,-0.821227
ENSG00000143184,-0.25651,0.494344,-0.538481,-0.0312093
ENSG00000143185,-0.0264843,-0.572403,-0.759589,-0.94186
ENSG00000143198,-3.80836,-3.0931,-3.0931,-4.37431
ENSG00000143207,3.41499,1.34682,1.34682,1.90469
ENSG00000143222,-3.51288,-0.906394,-1.28865,-1.55213
ENSG00000143224,-1.17068,0.468862,-0.997682,-0.373933
ENSG00000143228,0.192354,-1.75412,-1.75412,-2.4807
ENSG00000143256,-0.809848,0.821596,0.821596,1.16191
ENSG00000143303,0.875772,-0.305975,-0.0578057,-0.257232
ENSG00000143318,3.67496,0.259663,0.0422597,0.213491
ENSG00000143319,-0.476103,0.305975,-0.305975,3.92523e-17
ENSG00000143322,-0.140529,0.800993,-0.678687,0.0864837
ENSG00000143333,3.07785,0.965956,1.38583,1.66297
ENSG00000143344,-1.22519,-1.27997,-0.425387,-1.20587
ENSG00000143353,1.08469,0.361119,0.764314,0.795801
ENSG00000143365,1.63774,1.52751,1.00546,1.79108
ENSG00000143367,-0.0401654,0.950503,-0.829188,0.0857828
ENSG00000143368,3.43877,1.85286,1.86483,2.62881
ENSG00000143369,-3.34003,-1.48956,1.54567,0.0396767
ENSG00000143373,-2.68468,0.559555,0.559555,0.791331
ENSG00000143387,2.20948,2.36091,1.41397,2.66925
ENSG00000143398,-1.6698,0.45869,0.361033,0.579631
ENSG00000143401,-4.3045,0.307233,0.307233,0.434493
ENSG00000143412,-1.41566,-1.54343,1.52692,-0.0116687
ENSG00000143416,0.318406,-2.82227,-2.23386,-3.57522
ENSG00000143434,-3.77271,-2.886,-3.01935,-4.17572
ENSG00000143436,2.70772,-0.633233,-1.20234,-1.29794
ENSG00000143437,-2.24026,-0.890962,1.27899,0.274375
ENSG00000143442,-2.17738,-3.50446,-3.50446,-4.95606
ENSG00000143450,0.668319,1.17467,2.52198,2.61393
ENSG00000143457,2.83668,1.51114,1.51114,2.13707
ENSG00000143458,-2.4534,2.28281,1.43072,2.62586
ENSG00000143476,-1.57253,0.423296,0.423296,0.598631
ENSG00000143493,0.470885,-0.423296,-0.423296,-0.598631
ENSG00000143498,-1.25557,-0.957177,0.222445,-0.519534
ENSG00000143499,-0.966598,-2.43,-0.807097,-2.28898
ENSG00000143502,0.729187,-0.211411,1.30589,0.773916
ENSG00000143514,2.34944,-3.51612,-1.13897,-3.29165
ENSG00000143515,-3.33933,-2.60575,0.459554,-1.51759
ENSG00000143537,-0.978071,-0.531814,-0.468165,-0.707092
ENSG00000143546,1.02727,0.389016,-0.20798,0.128011
ENSG00000143549,4.87999,3.20533,2.98345,4.37613
ENSG00000143553,2.85729,0.581685,-0.498129,0.0590828
ENSG00000143554,-3.80314,0.745896,0.745896,1.05486
ENSG00000143590,-0.725949,-1.78152,1.92197,0.0993146
ENSG00000143614,0.047621,4.64117,-1.58647,2.16
ENSG00000143622,-2.12056,-1.80966,-7.22374,-6.38757
ENSG00000143630,-1.7298,-1.7247,-1.7247,-2.43909
ENSG00000143643,-0.462408,0.601813,-0.126296,0.336241
ENSG00000143653,0.291993,1.18314,0.442188,1.14928
ENSG00000143727,0.789997,-0.877904,-0.877904,-1.24154
ENSG00000143740,1.08663,0,-0.146656,-0.103701
ENSG00000143742,0.0281075,-0.323364,1.50496,0.835518
ENSG00000143748,1.70382,-2.10155,1.15446,-0.6697
ENSG00000143751,-1.12454,-1.01509,-1.01509,-1.43556
ENSG00000143771,-2.82493,-3.71063,-4.00521,-5.45592
ENSG00000143772,-4.51205,-3.75566,-1.08273,-3.42126
ENSG00000143774,0.699139,-1.11815,0.173551,-0.667932
ENSG00000143776,-1.0951,-1.89737,2.24152,0.243347
ENSG00000143786,3.56891,3.70555,3.70555,5.24044
ENSG00000143797,1.62194,0.972526,1.99978,2.10174
ENSG00000143799,1.64371,2.59683,-1.75978,0.591887
ENSG00000143801,1.44547,-2.33607,-2.10906,-3.14318
ENSG00000143811,2.03361,1.53472,1.34524,2.03644
ENSG00000143847,1.07568,0.62914,-1.29222,-0.468866
ENSG00000143851,0.717545,-1.22351,0.964046,-0.18347
ENSG00000143882,0.58688,0.617652,0.740073,0.960057
ENSG00000143889,0.972359,1.58527,4.21908,4.1043
ENSG00000143891,2.57416,0.0294176,3.38409,2.41371
ENSG00000143919,-1.50833,-1.14577,-0.0222156,-0.825887
ENSG00000143924,0.735842,-0.1199,1.73906,1.14492
ENSG00000143933,-2.17155,-1.11336,-2.14461,-2.30373
ENSG00000143942,2.73277,-0.0744183,-1.54542,-1.1454
ENSG00000143947,-3.02644,-1.07112,1.14448,0.0518742
ENSG00000143951,-0.260747,0.664103,0.575519,0.876545
ENSG00000143952,-0.174948,-0.835613,-1.8084,-1.8696
ENSG00000143971,-1.33682,-0.857231,-0.924963,-1.2602
ENSG00000144021,3.25742,-3.8342,-3.85362,-5.43611
ENSG00000144026,0.211069,0.689181,0.853324,1.09072
ENSG00000144031,0.188119,1.00043,-0.218452,0.552945
ENSG00000144034,-3.47535,2.14491,-0.83861,0.923694
ENSG00000144043,-1.67069,-1.61883,-0.995586,-1.84867
ENSG00000144115,-0.348561,-0.92852,-0.469276,-0.988391
ENSG00000144120,-1.3788,0.958429,0.994154,1.38068
ENSG00000144136,2.54459,0.746993,-0.708472,0.0272385
ENSG00000144161,3.6831,2.15516,2.29505,3.14677
ENSG00000144182,0.483657,0.853797,0.853797,1.20745
ENSG00000144199,-3.21707,-1.81871,-1.81871,-2.57205
ENSG00000144214,0.243369,0.149302,1.01348,0.822213
ENSG00000144218,-0.283633,-1.22661,0.18399,-0.737243
ENSG00000144224,-1.62983,-0.566069,-0.261657,-0.58529
ENSG00000144230,-0.990361,-1.04801,1.15677,0.0769059
ENSG00000144231,-0.245346,-1.76829,1.82269,0.0384695
ENSG00000144283,0.175643,1.53417,0.253152,1.26383
ENSG00000144306,-0.515147,0.159065,-0.958174,-0.565055
ENSG00000144320,-0.345823,-1.26256,-2.0757,-2.36051
ENSG00000144354,-0.690429,0.521516,0.177685,0.49441
ENSG00000144357,2.96706,-0.0721035,-1.54753,-1.14525
ENSG00000144362,1.37519,1.95741,2.81695,3.37599
ENSG00000144369,0.449076,-0.239138,-0.56853,-0.571108
ENSG00000144395,-3.88102,1.73894,1.73894,2.45923
ENSG00000144401,-3.61645,-3.68817,-0.729874,-3.12403
ENSG00000144455,-0.583795,-0.289889,-0.0615833,-0.248528
ENSG00000144468,0.616531,1.19135,-2.8994,-1.20777
ENSG00000144485,-2.24319,-1.97854,-1.79254,-2.66656
ENSG00000144488,0.700051,0.204451,1.4531,1.17206
ENSG00000144504,-0.48572,-0.765335,1.20588,0.31151
ENSG00000144550,0.216808,0.313179,-1.17181,-0.607143
ENSG00000144554,1.51822,0.923436,-0.656708,0.188605
ENSG00000144559,1.24239,1.58135,-0.167083,1.00004
ENSG00000144566,2.97673,-0.00813049,0.00813049,0
ENSG00000144567,0.419157,0.356494,-9.77702,-6.66132
ENSG00000144580,-1.10589,-1.08319,-0.358454,-1.0194
ENSG00000144589,0.766523,-1.38963,-1.33638,-1.92757
ENSG00000144597,0.175229,1.20743,-0.428253,0.550961
ENSG00000144635,1.66495,-0.355976,0.941058,0.413716
ENSG00000144648,0.52347,1.98101,0.323892,1.62982
ENSG00000144659,-1.00574,0.857814,-0.591301,0.188453
ENSG00000144668,-3.2726,-1.56873,0.71834,-0.601318
ENSG00000144674,2.7066,0.0382782,-0.151749,-0.0802362
ENSG00000144712,-0.449135,0.134818,0.559154,0.490712
ENSG00000144713,-1.00045,0.184553,-0.228511,-0.0310832
ENSG00000144746,-2.28274,0.598105,0.375365,0.688347
ENSG00000144747,-1.44561,-2.17358,-2.17358,-3.07391
ENSG00000144749,-1.04867,-0.493331,0.41627,-0.0544906
ENSG00000144791,-0.265502,-0.889815,0.256305,-0.44796
ENSG00000144792,-1.83439,-4.68788,-1.34968,-4.2692
ENSG00000144815,-0.56658,-0.109711,-0.279491,-0.275207
ENSG00000144824,0.294774,0.560854,-0.892501,-0.23451
ENSG00000144827,-0.0453736,-2.34301,-0.797682,-2.22081
ENSG00000144840,-1.0155,-0.745623,0.186972,-0.395026
ENSG00000144843,0.12072,-1.06,0.468668,-0.418132
ENSG00000144848,-1.5501,-1.81845,-0.721626,-1.79611
ENSG00000144895,1.9508,1.75219,1.503,2.30177
ENSG00000144909,1.27693,1.53916,-1.35851,0.12774
ENSG00000144959,-0.442504,1.64461,1.81224,2.44436
ENSG00000145012,1.81261,2.24296,1.21766,2.44703
ENSG00000145014,-0.147684,-1.57542,-1.92083,-2.47223
ENSG00000145020,-2.08814,-1.46379,-3.33221,-3.39128
ENSG00000145022,-2.34598,-1.67546,-1.66142,-2.35952
ENSG00000145029,2.56798,-1.45937,-1.78292,-2.29264
ENSG00000145050,0.936891,-0.80862,1.43116,0.4402
ENSG00000145075,-0.631568,2.80456,-2.80456,0
ENSG00000145194,-0.934999,0.874494,2.46554,2.36176
ENSG00000145214,3.2202,0.666439,0.4315,0.77636
ENSG00000145217,-4.02946,-1.3983,-1.88197,-2.3195
ENSG00000145241,-0.239988,0.724437,0.0488116,0.54677
ENSG00000145246,3.5855,3.71694,-1.88683,1.29408
ENSG00000145284,-3.00562,-2.44532,-1.41633,-2.7306
ENSG00000145293,-3.34926,-1.02494,-1.02494,-1.44948
ENSG00000145331,1.0726,-0.772864,0.215626,-0.394027
ENSG00000145332,-4.6655,1.35173,-0.306897,0.738808
ENSG00000145335,5.90938,-0.561653,-3.6534,-2.9805
ENSG00000145348,-1.23708,0.432058,0.240052,0.475254
ENSG00000145349,-0.04268,-0.132349,-1.94553,-1.46928
ENSG00000145354,-5.0297,-1.81718,-4.18608,-4.24494
ENSG00000145358,0.638637,-1.14734,1.44312,0.209152
ENSG00000145365,0.778204,0.681616,-0.0797693,0.42557
ENSG00000145375,0.0998268,-0.134261,-0.375336,-0.36034
ENSG00000145388,-0.287794,-1.6483,-0.474879,-1.50131
ENSG00000145414,-0.413472,-0.126211,-0.354106,-0.339635
ENSG00000145423,3.09352,0.741423,-0.214597,0.372522
ENSG00000145439,0.693335,-1.24904,-2.06587,-2.34399
ENSG00000145476,0.12802,0.583984,0.674405,0.889815
ENSG00000145494,-1.14618,-0.662014,0.046683,-0.435105
ENSG00000145495,0.492015,0.344999,1.23674,1.11846
ENSG00000145545,-3.18024,2.21493,-0.104604,1.49223
ENSG00000145569,0.947705,1.98861,1.02803,2.13309
ENSG00000145592,2.05364,-1.83527,-0.885008,-1.92353
ENSG00000145604,-0.528378,-0.75697,-0.351151,-0.78356
ENSG00000145623,1.40439,-1.42098,-0.175109,-1.12861
ENSG00000145649,-0.214333,0.776383,0.776383,1.09797
ENSG00000145703,0.0677104,0.752488,-0.473305,0.197412
ENSG00000145708,1.49718,0.084741,0.084741,0.119842
ENSG00000145715,0.267552,-1.56212,-0.493821,-1.45377
ENSG00000145723,-0.744595,-0.806241,1.32955,0.370036
ENSG00000145725,-0.703693,-1.07222,-1.19746,-1.60491
ENSG00000145734,-0.745901,-1.93292,0.058718,-1.32526
ENSG00000145736,-0.524149,1.26011,0.81551,1.46769
ENSG00000145743,-3.34279,2.11582,-1.10653,0.713675
ENSG00000145779,-2.17801,-1.4792,1.95315,0.335131
ENSG00000145780,-3.39167,-2.68985,0.697137,-1.40906
ENSG00000145781,3.43256,2.62345,4.70745,5.18373
ENSG00000145782,1.86615,-0.221253,-0.0902019,-0.220232
ENSG00000145850,3.27712,0.80852,0.70351,1.06917
ENSG00000145868,0.76218,-0.498463,-0.296107,-0.561845
ENSG00000145882,-3.02544,-6.55187,-1.5578,-5.73441
ENSG00000145907,-1.07737,-1.20017,-1.16982,-1.67584
ENSG00000145908,0.23919,1.24172,-1.04844,0.136673
ENSG00000145911,-1.64571,0.734978,0.471284,0.852956
ENSG00000145916,-0.170668,1.99974,-0.843022,0.817926
ENSG00000145919,2.95984,0.178095,0.267152,0.314837
ENSG00000145936,1.7577,2.30596,2.29244,3.25156
ENSG00000145949,-0.238681,-0.689124,-0.995988,-1.19155
ENSG00000145979,-2.40844,-2.34451,1.55449,-0.558627
ENSG00000145982,2.14826,2.27322,-1.36505,0.642174
ENSG00000145990,-3.26926,-2.17824,-0.393814,-1.81872
ENSG00000145996,-1.83737,-2.70245,0.124274,-1.82305
ENSG00000146007,5.63088,-1.72101,4.27894,1.80873
ENSG00000146021,2.95433,1.13685,1.16356,1.62664
ENSG00000146054,0.68747,-1.52935,0.344225,-0.838011
ENSG00000146063,0.360906,0.486337,-0.0468609,0.310756
ENSG00000146066,0.668708,1.04443,-0.709772,0.236639
ENSG00000146067,3.13175,3.08451,3.71723,4.80956
ENSG00000146070,0.219743,-1.86552,-2.09304,-2.79912
ENSG00000146072,0.100151,-0.10249,-0.10249,-0.144943
ENSG00000146083,-1.47419,-0.511308,-0.844096,-0.958416
ENSG00000146085,1.73147,-0.343813,0.100995,-0.171698
ENSG00000146094,0.671542,2.00504,1.98735,2.82305
ENSG00000146109,2.88579,-4.12601,-0.720176,-3.42677
ENSG00000146112,-2.10573,-1.77788,8.9743,5.08863
ENSG00000146122,0.855187,-0.0583049,0.747251,0.487159
ENSG00000146192,1.38301,-0.619776,0.219626,-0.282949
ENSG00000146197,-1.79585,-1.1168,1.1168,-1.57009e-16
ENSG00000146205,1.63302,-0.0504906,0.968974,0.649466
ENSG00000146215,-2.08871,-3.89389,3.96837,0.0526657
ENSG00000146242,1.59983,-1.30661,1.18514,-0.0858923
ENSG00000146243,-0.0269589,-0.236357,-1.19161,-1.00972
ENSG00000146247,-1.02261,-0.149328,-0.149328,-0.211182
ENSG00000146263,-0.453088,-0.546808,-0.591916,-0.8052
ENSG00000146278,0.879482,0.753169,-0.942106,-0.133598
ENSG00000146281,1.10054,-2.3144,-0.870296,-2.25192
ENSG00000146282,1.13501,0.136282,0.0411439,0.125459
ENSG00000146350,2.95084,0.925746,-0.0403372,0.626079
ENSG00000146373,1.68532,2.22512,1.26152,2.46543
ENSG00000146376,-2.86236,-1.06807,0.763336,-0.215483
ENSG00000146386,-2.6757,-2.06027,-1.65518,-2.62723
ENSG00000146414,0.261834,0.0114948,0.942106,0.674297
ENSG00000146416,-1.37339,0.702671,0.702671,0.993727
ENSG00000146425,-0.444014,-0.655507,1.09662,0.311915
ENSG00000146426,-0.486763,0.393795,2.00694,1.69758
ENSG00000146453,-1.55456,-0.952365,-0.952365,-1.34685
ENSG00000146457,-0.660677,0.577353,1.45524,1.43726
ENSG00000146476,0.622407,0.626571,1.02912,1.17075
ENSG00000146535,0.0139854,-2.21601,2.2195,0.00246875
ENSG00000146540,1.63928,0.160761,0.660722,0.580876
ENSG00000146555,-5.08422,-2.98331,-1.0935,-2.88274
ENSG00000146574,-1.58635,0.588396,0.0776573,0.470971
ENSG00000146576,-1.51048,-1.34974,2.64535,0.916138
ENSG00000146587,-2.44572,0.368702,0.407726,0.549017
ENSG00000146674,1.63566,0.890852,-1.11131,-0.155888
ENSG00000146676,-1.85845,-0.562987,-0.562987,-0.796184
ENSG00000146700,-1.31393,-0.397036,-1.38505,-1.26013
ENSG00000146701,-0.0206446,-0.324505,0.601771,0.196057
ENSG00000146707,-2.49838,0.0908637,0.146446,0.167803
ENSG00000146729,1.73347,2.75715,2.34182,3.60552
ENSG00000146731,2.23026,2.86357,1.08797,2.79416
ENSG00000146733,2.3378,1.83634,0.465205,1.62744
ENSG00000146802,1.57962,1.82966,-0.0295313,1.27289
ENSG00000146826,1.68817,0.990597,-1.36025,-0.261385
ENSG00000146828,0.529839,1.16615,2.95538,2.91437
ENSG00000146830,3.71225,4.63752,9.60217,10.069
ENSG00000146859,-4.68436,-1.33299,1.64187,0.21841
ENSG00000146904,-1.70625,-0.841654,-0.233044,-0.759926
ENSG00000146909,-0.29797,0.521885,1.49513,1.42625
ENSG00000146918,-0.620146,1.3527,1.6194,2.10159
ENSG00000146963,2.67607,1.00008,2.89221,2.75226
ENSG00000147316,-0.677837,-0.746454,-0.184671,-0.658405
ENSG00000147408,0.0401846,-1.35192,1.83218,0.339597
ENSG00000147419,-2.20439,-4.01378,-2.2031,-4.39599
ENSG00000147437,-0.372973,-1.66014,0.494338,-0.824349
ENSG00000147439,-0.145666,-0.707878,-0.0697641,-0.549876
ENSG00000147454,-1.20047,0.0805402,-0.511078,-0.304436
ENSG00000147457,-2.22666,0.388346,-0.103896,0.201136
ENSG00000147459,1.09673,-1.33079,-0.783895,-1.49531
ENSG00000147471,1.76965,-0.377001,-0.40847,-0.555412
ENSG00000147526,2.75962,1.71832,-0.253535,1.03576
ENSG00000147533,1.29423,1.42761,-0.274684,0.815241
ENSG00000147535,-3.9582,4.78171,-1.08176,2.61626
ENSG00000147576,3.88437,5.65955,0.401797,4.28602
ENSG00000147649,0.320384,-0.653441,-0.653441,-0.924106
ENSG00000147650,-0.890712,-0.68608,0.211312,-0.335712
ENSG00000147654,0.263271,-1.85348,-2.31845,-2.95
ENSG00000147669,-0.0972689,0.554668,-1.46458,-0.643408
ENSG00000147679,-1.77437,-1.88732,-1.1163,-2.12388
ENSG00000147813,-2.12406,-1.86416,-2.56426,-3.13136
ENSG00000147852,-0.14301,-0.430121,0.77724,0.24545
ENSG00000147853,0.844925,0.12126,0.896727,0.719825
ENSG00000147872,-0.70127,-0.887636,0.0664345,-0.580677
ENSG00000147889,-0.897342,1.57697,0.643488,1.5701
ENSG00000147894,-7.28185,-2.19159,-1.7001,-2.75184
ENSG00000147905,-5.68941,-3.81724,0.85767,-2.09273
ENSG00000147912,-3.42687,-2.1504,-1.68059,-2.70891
ENSG00000147955,-2.07691,-1.3591,0.246769,-0.786534
ENSG00000148019,-0.792938,1.05547,-1.05116,0.00304469
ENSG00000148090,1.97171,0.14,0.0764309,0.15304
ENSG00000148120,1.68097,1.57811,0.302184,1.32957
ENSG00000148153,0.753221,-1.29524,-0.901038,-1.553
ENSG00000148158,1.85414,1.19176,-1.29822,-0.0752787
ENSG00000148175,1.72559,0.94267,1.00108,1.37444
ENSG00000148204,-0.795325,-0.618937,-1.05007,-1.18017
ENSG00000148218,0.482311,1.07456,-1.36476,-0.2052
ENSG00000148219,0.663935,0.416083,-1.98186,-1.10717
ENSG00000148225,1.13579,1.33907,-0.352396,0.697682
ENSG00000148248,-0.608214,-0.563448,-1.44426,-1.41966
ENSG00000148288,1.39676,-0.954012,-1.68928,-1.86909
ENSG00000148290,-0.336889,3.11904,0.755791,2.73992
ENSG00000148291,-1.05385,-0.516796,0.196697,-0.226344
ENSG00000148296,1.08785,1.7846,2.008,2.68177
ENSG00000148297,1.02264,1.09253,1.15763,1.5911
ENSG00000148300,1.12051,-0.329069,1.53569,0.853213
ENSG00000148303,0.755077,1.17731,-0.636949,0.38209
ENSG00000148308,-1.79584,-0.72787,-0.227011,-0.675203
ENSG00000148331,-3.91256,-2.32223,-0.343338,-1.88484
ENSG00000148334,-3.26029,-0.248032,-0.248032,-0.35077
ENSG00000148335,-0.0811129,0.324552,-0.457821,-0.0942358
ENSG00000148337,-3.11129,-2.07822,3.04467,0.683383
ENSG00000148341,2.81171,0.336574,1.21115,1.09441
ENSG00000148344,0.305794,0.501731,-0.274152,0.160923
ENSG00000148356,-5.27391,1.07002,-3.5791,-1.77418
ENSG00000148384,-0.237986,2.78725,0.953935,2.64542
ENSG00000148399,0.0201192,-0.968936,-0.715628,-1.19117
ENSG00000148411,1.2115,2.26174,1.07984,2.36285
ENSG00000148429,1.37106,-1.01633,1.53316,0.365453
ENSG00000148450,1.5151,0.60731,-0.572654,0.0245055
ENSG00000148459,-0.192628,-0.505487,0.19773,-0.217617
ENSG00000148481,-1.54942,-0.403836,0.290613,-0.0800614
ENSG00000148484,1.2298,0.805054,-0.142729,0.468335
ENSG00000148488,-2.62002,2.89377,-3.54076,-0.457488
ENSG00000148498,1.01501,-0.46077,-0.0806855,-0.382867
ENSG00000148572,2.51787,3.48135,-1.60663,1.32563
ENSG00000148600,-1.60124,-3.84253,-3.3314,-5.07273
ENSG00000148634,0.644037,-0.1031,-0.393227,-0.350956
ENSG00000148655,-2.85715,-2.98762,-2.31127,-3.74688
ENSG00000148690,-0.0102992,0.0211712,-0.801558,-0.551817
ENSG00000148700,0.928257,0.451867,0.694009,0.810257
ENSG00000148719,0.232449,0.256646,-0.217365,0.0277757
ENSG00000148795,-6.39973,-1.55789,-4.82756,-4.51519
ENSG00000148803,-0.663885,0.356855,0.264204,0.439155
ENSG00000148814,-1.60062,-0.567038,0.547082,-0.0141113
ENSG00000148824,-0.35154,0.0611342,-0.727277,-0.471034
ENSG00000148832,0.238134,1.5435,1.83691,2.39031
ENSG00000148834,-3.55027,0.141612,-2.92168,-1.9658
ENSG00000148840,-3.60461,2.82157,2.82157,3.9903
ENSG00000148843,2.0517,3.08626,3.09535,4.37106
ENSG00000148908,-2.57736,-0.496814,-0.684219,-0.835117
ENSG00000149084,-1.21454,-1.4841,-1.32331,-1.98514
ENSG00000149089,0.571458,0.212727,0.523095,0.520305
ENSG00000149091,5.88011,7.26517,0.159539,5.25006
ENSG00000149100,0.998579,0.649496,-2.11288,-1.03477
ENSG00000149115,1.22474,-0.861732,0.861732,0
ENSG00000149136,-0.382175,2.25026,-1.14413,0.782153
ENSG00000149150,0.704993,2.39071,-1.04999,0.94803
ENSG00000149177,2.15289,2.48342,1.60199,2.88882
ENSG00000149179,-1.2284,3.67628,-3.62571,0.0357631
ENSG00000149182,7.07855,2.21383,4.98968,5.09365
ENSG00000149196,1.79371,1.48768,-0.384058,0.780381
ENSG00000149218,-1.55508,-1.7948,-1.18254,-2.1053
ENSG00000149231,-0.73585,-1.00836,-0.997555,-1.41839
ENSG00000149257,-0.737851,-0.267135,-2.44651,-1.91884
ENSG00000149262,-0.894896,-1.38902,-1.32635,-1.92005
ENSG00000149269,-0.291381,-1.22419,-1.06206,-1.61662
ENSG00000149289,-1.11027,-0.413583,0.397285,-0.0115246
ENSG00000149292,3.80412,2.61075,0.537114,2.22588
ENSG00000149294,5.22731,0.626788,3.71981,3.07351
ENSG00000149311,2.48659,-1.18424,-0.0732037,-0.889147
ENSG00000149328,-1.8775,-0.19216,-0.455864,-0.458222
ENSG00000149346,0.367055,0.298463,-0.962751,-0.469723
ENSG00000149403,-0.0133574,-0.478224,-2.39137,-2.02911
ENSG00000149418,-0.86864,-1.29817,-1.87655,-2.24487
ENSG00000149474,0.380739,-0.929201,-1.15891,-1.47652
ENSG00000149480,-1.81785,0.0583313,0.299596,0.253093
ENSG00000149483,1.74839,0.388029,0.388029,0.548756
ENSG00000149489,-0.284171,0.272767,-0.333834,-0.0431813
ENSG00000149499,0.183715,0.295571,1.04132,0.945327
ENSG00000149503,2.18497,1.03873,-0.685202,0.24998
ENSG00000149527,1.25959,2.04498,-2.4466,-0.283994
ENSG00000149534,0.245139,-0.708005,0.401851,-0.216484
ENSG00000149547,-0.970692,-2.83235,1.11508,-1.21429
ENSG00000149548,-1.93009,-2.36507,-0.686729,-2.15795
ENSG00000149554,0.0822332,0.0126695,0.531216,0.384585
ENSG00000149557,0.622081,2.70511,0.516709,2.27817
ENSG00000149575,-1.7886,-1.92453,0.416861,-1.06608
ENSG00000149591,-0.588806,-3.06805,-0.889526,-2.79843
ENSG00000149599,1.70653,1.82264,-0.88162,0.665401
ENSG00000149634,-5.92731,-0.592443,-0.555431,-0.811669
ENSG00000149639,-0.250427,2.29939,2.14512,3.14274
ENSG00000149657,-2.12431,-2.09186,2.57104,0.338832
ENSG00000149679,-0.799688,-2.26306,-0.778354,-2.15061
ENSG00000149716,1.07439,-0.585328,-0.818802,-0.99287
ENSG00000149743,2.59377,0.747863,2.5433,2.3272
ENSG00000149782,0.968988,-2.88305,-1.85187,-3.34809
ENSG00000149806,-2.64294,-1.29049,-1.3114,-1.83982
ENSG00000149809,1.78369,0.646479,-0.738481,-0.0650554
ENSG00000149922,-7.40818,-3.97709,-4.79818,-6.20505
ENSG00000149923,7.46396,1.16475,5.20671,4.5053
ENSG00000149927,7.63176,5.05832,5.06098,7.15543
ENSG00000149929,0.327373,-2.66098,-2.66098,-3.7632
ENSG00000150048,-0.766966,-0.965111,0.571041,-0.27865
ENSG00000150054,0.240459,0.596225,-0.215201,0.269424
ENSG00000150093,3.412,1.11088,0.713403,1.28996
ENSG00000150401,1.1845,-0.934545,0.971015,0.0257885
ENSG00000150403,0.773749,-0.934348,0.577008,-0.252677
ENSG00000150433,-2.41053,0.0101015,0.829481,0.593674
ENSG00000150455,-1.43089,-1.1011,-0.752356,-1.31059
ENSG00000150456,-1.65982,-0.751721,-1.05675,-1.27878
ENSG00000150477,1.12685,0.489473,-0.910433,-0.297663
ENSG00000150527,1.26353,-0.12972,-0.678454,-0.571465
ENSG00000150540,2.03412,1.65786,-1.46855,0.133858
ENSG00000150625,-3.47742,-1.92258,4.23466,1.63489
ENSG00000150636,1.28085,-0.583791,0.866826,0.200136
ENSG00000150637,-0.0785701,0.715513,0.202441,0.649092
ENSG00000150681,8.26115,2.96535,2.96535,4.19364
ENSG00000150712,-2.06208,-0.615853,0.814751,0.140642
ENSG00000150753,0.126203,-0.549378,0.625981,0.0541665
ENSG00000150756,-1.33594,-0.625981,0.688217,0.0440075
ENSG00000150760,1.14018,1.45033,0.551564,1.41555
ENSG00000150764,0.413422,-0.253254,-0.302656,-0.393088
ENSG00000150776,1.03016,-0.890411,-0.890411,-1.25923
ENSG00000150938,1.18469,0.786068,-0.0850724,0.495679
ENSG00000150961,-1.7843,1.94282,0.953946,2.04832
ENSG00000150967,6.99529,6.25501,5.75696,8.49374
ENSG00000150977,-3.66112,2.99194,1.42995,3.12675
ENSG00000150991,-1.65429,1.30613,-1.39563,-0.0632854
ENSG00000151006,0.187271,0.482864,0.568418,0.743369
ENSG00000151012,1.40182,1.04712,1.04712,1.48085
ENSG00000151023,1.84836,-1.20424,0.37409,-0.587005
ENSG00000151065,-0.707797,1.18272,1.18272,1.67262
ENSG00000151117,-0.656805,-0.876349,0.411605,-0.328624
ENSG00000151131,-1.57287,0.975198,-0.622775,0.249201
ENSG00000151135,-0.58868,0.351728,0.275532,0.443539
ENSG00000151136,-0.202742,-0.22114,-1.73978,-1.38658
ENSG00000151148,2.8887,0.137308,0.0805161,0.154025
ENSG00000151150,-2.81172,-1.05074,1.23462,0.130025
ENSG00000151151,1.05005,0.499661,-0.372033,0.0902469
ENSG00000151164,-4.53489,-2.8567,-4.2316,-5.01219
ENSG00000151176,1.72317,2.00967,1.37584,2.39392
ENSG00000151208,1.44075,-1.15069,-1.39029,-1.79674
ENSG00000151233,-2.42452,-3.13148,-3.15879,-4.44789
ENSG00000151239,-0.248013,-0.330596,-0.051763,-0.270369
ENSG00000151247,-0.20025,0.21898,0.114885,0.236078
ENSG00000151292,0.197309,-0.343644,-0.0823273,-0.301207
ENSG00000151327,3.21832,5.07795,-4.33356,0.526368
ENSG00000151332,0.832416,0.560912,-0.241129,0.226121
ENSG00000151348,-2.62392,-2.04428,-4.20798,-4.42101
ENSG00000151353,1.23966,-0.496133,-0.236573,-0.518101
ENSG00000151366,4.12334,-1.12509,3.14263,1.42661
ENSG00000151376,0.0278242,-0.5833,0.456184,-0.0898849
ENSG00000151414,-0.0468474,-9.57361e-05,-0.55597,-0.393198
ENSG00000151445,4.00631,1.83773,1.76789,2.54955
ENSG00000151458,1.43258,0.759438,0.50864,0.896667
ENSG00000151466,-0.657952,2.91631,3.20158,4.326
ENSG00000151468,0.00572714,-1.48243,-1.48243,-2.09647
ENSG00000151470,-3.23168,-3.05028,-1.66265,-3.33255
ENSG00000151474,0.724094,0.997946,0.149328,0.811246
ENSG00000151490,-1.20502,0.989023,2.61698,2.54983
ENSG00000151502,4.399,1.87928,1.83718,2.62793
ENSG00000151503,-3.32086,-2.03882,-2.65726,-3.32063
ENSG00000151552,1.62438,1.89106,-0.620114,0.898697
ENSG00000151553,4.08648,2.80109,2.79066,3.95397
ENSG00000151576,0.686976,1.36465,1.36465,1.92991
ENSG00000151612,-1.6324,1.57913,-0.0256524,1.09848
ENSG00000151623,0.661336,-0.893356,-0.491675,-0.979364
ENSG00000151632,1.18265,0.658777,0.248968,0.641872
ENSG00000151640,0.36295,-1.84219,-5.0547,-4.87684
ENSG00000151650,-0.751145,-0.292465,0.167214,-0.0885657
ENSG00000151655,-0.389141,0.393826,0,0.278477
ENSG00000151665,-0.495599,2.82015,4.00113,4.82337
ENSG00000151687,-2.34186,-0.22799,-0.298812,-0.372505
ENSG00000151689,0.419227,-2.05536,2.57174,0.365131
ENSG00000151690,-2.35299,-1.41043,-3.63827,-3.56996
ENSG00000151692,1.3667,0.891989,0.828947,1.21689
ENSG00000151694,-1.02392,0.287623,0.287623,0.40676
ENSG00000151702,0.836087,0.177505,0.177505,0.251031
ENSG00000151715,0.855118,0.462302,-0.537002,-0.0528206
ENSG00000151725,3.37839,3.28023,4.69681,5.64062
ENSG00000151746,1.59215,-0.77156,0.0697884,-0.496228
ENSG00000151748,-0.206486,-1.2305,0.551462,-0.480155
ENSG00000151773,-8.04566,2.73968,-1.90758,0.588377
ENSG00000151779,2.18196,2.04299,-2.10836,-0.0462214
ENSG00000151806,-1.46287,0.865164,0.734125,1.13087
ENSG00000151835,1.26763,0.0291218,-1.3986,-0.96837
ENSG00000151846,0.36194,-1.82599,-1.82599,-2.58233
ENSG00000151849,-0.198114,0.0448148,1.40993,1.02866
ENSG00000151876,0.956389,-1.6561,-1.03257,-1.90118
ENSG00000151881,-1.76348,0.968899,-0.970269,-0.000968703
ENSG00000151882,-5.2099,0.609748,0.609748,0.862314
ENSG00000151883,2.97556,0.0212798,1.44978,1.04019
ENSG00000151893,0.726864,1.47365,-0.0645395,0.996389
ENSG00000151914,-1.86109,-1.14428,2.35648,0.85715
ENSG00000151923,-1.69732,-2.57872,2.15234,-0.301491
ENSG00000152056,0.352525,0.392821,0.392821,0.555532
ENSG00000152082,0.171886,-0.0659143,0.0505618,-0.0108558
ENSG00000152127,0.161893,1.3123,1.4052,1.92157
ENSG00000152128,-1.30985,-1.52129,-1.99215,-2.48438
ENSG00000152133,4.16505,2.02244,2.02244,2.86016
ENSG00000152193,-0.415003,-0.769416,-1.99535,-1.95499
ENSG00000152213,-1.2519,-1.91013,-1.07796,-2.11289
ENSG00000152219,0.578222,-0.426915,5.87607,3.85313
ENSG00000152223,3.94333,1.66758,-0.241633,1.0083
ENSG00000152240,-0.142736,1.28869,1.55136,2.00822
ENSG00000152256,-0.124544,-1.34144,-0.865791,-1.56075
ENSG00000152270,-1.04722,0.139973,-0.139973,0
ENSG00000152284,1.06107,1.03482,-0.827107,0.146878
ENSG00000152291,0.796811,0.331222,-0.559535,-0.161442
ENSG00000152315,-1.89034,-1.38554,-1.152,-1.79431
ENSG00000152332,2.55915,-0.678945,-0.704658,-0.978355
ENSG00000152348,-2.35022,-1.07557,-1.28589,-1.6698
ENSG00000152359,0.0349399,-0.0295932,-0.0295932,-0.0418511
ENSG00000152380,1.14445,1.74415,1.97367,2.6289
ENSG00000152382,1.65251,2.75812,-3.06635,-0.217957
ENSG00000152404,-2.04987,-2.31357,-1.84914,-2.94348
ENSG00000152409,2.44866,1.22541,1.63756,2.02443
ENSG00000152422,-1.48096,-1.13138,-1.13138,-1.60002
ENSG00000152433,1.02335,1.61542,1.37835,2.11691
ENSG00000152439,-0.670205,-1.36088,-0.908814,-1.60491
ENSG00000152443,-0.168836,0.625438,0.650013,0.90188
ENSG00000152457,-2.14593,-1.71504,-1.91538,-2.56709
ENSG00000152465,0.350421,0.76518,-2.44586,-1.18842
ENSG00000152475,-3.32721,0.874275,-0.826455,0.0338138
ENSG00000152492,-1.47388,-1.17623,0.319123,-0.606065
ENSG00000152495,-0.237151,-0.593815,0.48995,-0.0734438
ENSG00000152503,-2.37067,-1.79366,1.19802,-0.421178
ENSG00000152520,0.499275,0.312117,1.29226,1.13446
ENSG00000152527,1.57731,-0.58017,-0.454411,-0.731559
ENSG00000152601,-3.45149,-0.618519,0.991373,0.263647
ENSG00000152620,-1.22839,-0.764785,-0.955343,-1.21631
ENSG00000152642,1.96287,2.47348,1.77741,3.00584
ENSG00000152683,-1.4712,-1.30402,-0.993114,-1.62432
ENSG00000152684,-0.782031,-0.648,0.0442812,-0.426894
ENSG00000152689,-0.959032,0.0191975,0.0506761,0.0494081
ENSG00000152700,-0.6962,1.79535,1.39154,2.25347
ENSG00000152749,-1.13801,-0.662046,-0.753169,-1.00071
ENSG00000152760,-2.70956,-3.68775,-2.171,-4.14276
ENSG00000152766,-0.0348127,-0.290397,-0.332834,-0.440691
ENSG00000152767,1.31913,1.45807,-0.141213,0.931162
ENSG00000152778,-0.713082,-2.5978,-2.12662,-3.34067
ENSG00000152784,-1.90202,-0.67672,2.42237,1.23436
ENSG00000152804,-0.577532,1.12494,1.12494,1.59091
ENSG00000152926,-1.72227,-1.37486,-1.79761,-2.24328
ENSG00000152944,-1.88842,-2.03583,-0.84078,-2.03407
ENSG00000152969,2.58953,5.8858,0.247441,4.33686
ENSG00000153006,2.39641,0.0708343,-0.266302,-0.138216
ENSG00000153012,-0.0926407,-1.43309,0.802538,-0.445864
ENSG00000153029,-1.21539,-0.298738,1.67819,0.975419
ENSG00000153037,-1.00573,-0.964258,0.931349,-0.0232698
ENSG00000153044,-0.249189,-0.259218,-0.338975,-0.422986
ENSG00000153048,1.51728,1.93766,-0.76983,0.825778
ENSG00000153066,1.29851,1.22162,-1.02105,0.14183
ENSG00000153071,2.13193,1.25905,1.11199,1.67658
ENSG00000153094,1.29476,0.721949,-0.955205,-0.164937
ENSG00000153113,0.865396,-1.72256,-1.78483,-2.4801
ENSG00000153157,-0.858724,-1.24766,-0.478054,-1.22026
ENSG00000153162,0.577299,0.0450338,1.66172,1.20686
ENSG00000153201,-2.22255,0.949702,0.903071,1.31011
ENSG00000153207,-0.620487,-1.1527,1.65147,0.352685
ENSG00000153208,-0.0042904,0.120337,1.89516,1.42517
ENSG00000153214,-3.92636,-2.43825,-2.74736,-3.66678
ENSG00000153250,-0.227964,0.351054,-0.766337,-0.293649
ENSG00000153283,1.21383,-0.104115,-0.828448,-0.659421
ENSG00000153291,-2.65207,-3.6673,-3.61676,-5.15061
ENSG00000153317,-3.10605,-2.83288,-1.38607,-2.98325
ENSG00000153339,0.0686114,0.241633,-0.733197,-0.347588
ENSG00000153363,-2.47604,-1.90323,-0.93563,-2.00738
ENSG00000153391,1.90763,-0.213124,0.840586,0.443682
ENSG00000153406,4.28177,2.61068,3.74007,4.49066
ENSG00000153487,0.040551,1.45733,0.403558,1.31585
ENSG00000153495,0.249572,0.435369,2.43615,2.03047
ENSG00000153558,-2.20557,1.97361,-0.470621,1.06277
ENSG00000153560,-2.13779,-3.48381,-3.48381,-4.92686
ENSG00000153563,-0.358722,0.308835,-1.32671,-0.71975
ENSG00000153574,-0.327926,-0.385685,-1.2337,-1.14508
ENSG00000153767,0.179046,-0.356752,0.186972,-0.120052
ENSG00000153774,2.55936,6.47468,2.04958,6.02756
ENSG00000153786,3.01037,2.4929,1.56718,2.87091
ENSG00000153790,-2.04167,-1.54016,-1.97959,-2.48884
ENSG00000153814,0.56492,0.284922,-0.813427,-0.373709
ENSG00000153815,-0.835263,-1.00852,-1.7851,-1.97539
ENSG00000153823,1.22949,2.49962,-2.0539,0.315168
ENSG00000153879,3.26111,-0.0128229,-1.67814,-1.19569
ENSG00000153885,1.79392,2.71863,-1.31328,0.993732
ENSG00000153914,1.94052,-0.0942925,-0.126456,-0.156093
ENSG00000153922,2.21729,1.66315,1.65784,2.34829
ENSG00000153933,1.99341,0.303201,1.78693,1.47795
ENSG00000153936,-2.15336,-2.33062,-1.52934,-2.7294
ENSG00000153976,-3.16127,0.615867,1.1255,1.23133
ENSG00000153989,-0.894226,1.99708,3.94142,4.19915
ENSG00000154001,0.695325,-2.40676,3.15278,0.52752
ENSG00000154027,-0.160871,-0.495994,-0.516787,-0.716144
ENSG00000154079,6.56943,3.29229,3.67447,4.92624
ENSG00000154102,2.67471,0.835485,1.38801,1.57225
ENSG00000154122,0.433047,-0.958344,-1.14537,-1.48755
ENSG00000154124,0.0480614,-0.122221,-0.160533,-0.199938
ENSG00000154127,1.19635,2.27761,-2.70443,-0.301807
ENSG00000154133,-3.62154,-1.79271,-1.39426,-2.25353
ENSG00000154134,-3.34301,-1.2858,2.78061,1.05699
ENSG00000154144,-1.48128,2.20821,1.48668,2.61268
ENSG00000154146,-5.79391,2.99985,-2.99985,3.14018e-16
ENSG00000154188,-1.52253,-2.3503,-2.559,-3.4714
ENSG00000154217,-0.647818,-1.75794,2.23461,0.337053
ENSG00000154222,-1.93136,0.871262,-1.20495,-0.235955
ENSG00000154227,-0.804876,0.662862,1.45149,1.49507
ENSG00000154229,1.51331,1.85252,-0.648692,0.851233
ENSG00000154258,0.22953,-1.03784,-1.42089,-1.73859
ENSG00000154263,0.051022,-2.10458,0.742294,-0.963282
ENSG00000154277,1.35541,-0.129129,-1.00108,-0.799179
ENSG00000154305,-2.25721,-1.19493,4.18177,2.11202
ENSG00000154309,0.153414,-0.446297,0.525035,0.0556763
ENSG00000154319,2.27569,-0.169848,0.427409,0.182123
ENSG00000154328,2.30106,1.79377,1.63212,2.42247
ENSG00000154359,-5.34272,-3.80499,-3.25919,-4.99513
ENSG00000154429,1.6259,1.83786,2.13382,2.80841
ENSG00000154447,10.9666,4.83922,1.88545,4.75506
ENSG00000154451,1.00792,1.04518,1.46013,1.77152
ENSG00000154511,3.72651,1.19559,3.82824,3.55238
ENSG00000154518,-1.03435,-1.23455,-1.23455,-1.74591
ENSG00000154548,0.75996,-0.0997391,-0.402566,-0.355183
ENSG00000154556,-0.705904,0.273088,0.488783,0.538724
ENSG00000154582,1.46944,1.88146,0.287805,1.5339
ENSG00000154589,-2.62091,-0.805874,-0.510475,-0.9308
ENSG00000154640,0.443436,0.980253,0.298463,0.904188
ENSG00000154710,-0.770172,0.137242,-0.488668,-0.248496
ENSG00000154719,-1.66314,-0.68059,0.63309,-0.0335871
ENSG00000154743,-1.75248,-2.40231,-1.74332,-2.93141
ENSG00000154760,1.57151,-1.29027,0.109129,-0.835192
ENSG00000154767,0.155615,-0.660978,0.795008,0.0947736
ENSG00000154781,-3.06966,-3.60585,-5.13438,-6.18027
ENSG00000154803,0.588238,-0.244176,2.43861,1.5517
ENSG00000154813,-2.19622,-2.19696,-2.02249,-2.9836
ENSG00000154814,1.71211,0.838132,1.04613,1.33237
ENSG00000154832,2.00531,0.0894985,-0.999074,-0.643167
ENSG00000154845,1.24779,1.06324,0.0245262,0.769168
ENSG00000154889,-2.22438,-3.32578,-1.48076,-3.39874
ENSG00000154917,-2.27815,3.35483,1.6467,3.53662
ENSG00000154928,0.0660183,1.0449,1.01942,1.45969
ENSG00000154930,1.49092,0.78476,-0.577031,0.146887
ENSG00000154945,1.24583,2.68218,2.31922,3.53652
ENSG00000154957,0.679012,-0.289943,-0.289943,-0.410041
ENSG00000154978,-1.76073,-0.655144,0.506727,-0.104947
ENSG00000155034,1.91678,0.240878,-0.245783,-0.00346827
ENSG00000155085,-3.07021,-3.22566,-2.07175,-3.74583
ENSG00000155090,-3.55842,-2.60597,-2.61163,-3.6894
ENSG00000155096,-0.984301,2.40618,-3.01192,-0.42832
ENSG00000155097,1.38482,-0.227544,0.339891,0.0794415
ENSG00000155099,-2.01235,0.191748,-1.95664,-1.24796
ENSG00000155100,-1.41251,0.851399,-1.25511,-0.285464
ENSG00000155115,1.35454,1.39482,1.15295,1.80154
ENSG00000155229,-0.682684,2.32763,2.37904,3.32812
ENSG00000155256,-0.0409122,0.647234,-0.382619,0.187111
ENSG00000155275,1.48059,1.22214,1.61246,2.00437
ENSG00000155287,-0.24436,-2.2406,2.2406,3.14018e-16
ENSG00000155304,-0.514771,0.945873,-0.328953,0.436228
ENSG00000155313,0.52109,-0.154185,0.421117,0.18875
ENSG00000155324,0.43969,2.05931,0.37275,1.71973
ENSG00000155363,-2.82912,-5.13052,-2.94984,-5.71368
ENSG00000155366,-1.35478,-0.46558,2.72132,1.59505
ENSG00000155368,1.43309,2.18364,0.171906,1.66562
ENSG00000155380,-1.23291,-0.876751,-0.876751,-1.23991
ENSG00000155393,-0.297038,-0.614848,-0.614848,-0.869527
ENSG00000155508,3.5786,0.439073,-0.522721,-0.0591487
ENSG00000155530,3.18778,4.09681,2.81451,4.88704
ENSG00000155542,-0.813484,-1.50407,-1.27703,-1.96654
ENSG00000155545,-0.545044,-0.440386,-0.278126,-0.508064
ENSG00000155592,-1.90093,-2.62001,-2.54806,-3.65438
ENSG00000155629,0.0564221,-0.707763,2.25006,1.09057
ENSG00000155636,-1.60847,-1.22085,-1.17143,-1.69159
ENSG00000155657,-1.42877,0.932775,0.932775,1.31914
ENSG00000155660,0.943792,0.240829,-0.264521,-0.016753
ENSG00000155666,-1.09799,-0.0111106,-0.195569,-0.146144
ENSG00000155729,-5.69337,-1.66254,-2.01808,-2.60259
ENSG00000155749,1.56083,1.74383,2.19086,2.78225
ENSG00000155755,1.06424,0.362627,-0.797223,-0.307306
ENSG00000155792,0.0658812,-0.041164,-0.466088,-0.358682
ENSG00000155827,-0.441539,-0.378172,0.332851,-0.0320465
ENSG00000155849,0.105825,-0.038723,-2.06766,-1.48944
ENSG00000155868,3.11504,1.80776,2.20679,2.83872
ENSG00000155893,1.31454,-0.204274,1.91105,1.20687
ENSG00000155906,0.16054,0.865126,0.105337,0.686221
ENSG00000155926,-2.35603,-1.03305,-0.449993,-1.04867
ENSG00000155957,1.2774,1.54786,1.7067,2.30132
ENSG00000155970,-3.32359,-2.82411,-1.80231,-3.27137
ENSG00000155975,-4.06706,-0.594946,-3.67339,-3.01817
ENSG00000156042,1.06665,1.10162,1.22098,1.64233
ENSG00000156050,-0.584844,-0.88405,-1.25803,-1.51468
ENSG00000156110,0.0836702,0.121743,-0.998342,-0.619849
ENSG00000156136,-0.620285,-0.331012,-1.50579,-1.29881
ENSG00000156171,3.80981,2.18331,2.94756,3.62807
ENSG00000156172,-0.919652,-0.740663,-0.639078,-0.975624
ENSG00000156232,-4.64122,-1.18427,-1.15788,-1.65616
ENSG00000156239,1.79296,-0.486994,-0.81406,-0.919984
ENSG00000156253,2.06814,2.57141,2.49347,3.58141
ENSG00000156256,-1.00695,2.59683,-2.59683,3.14018e-16
ENSG00000156261,0.677776,0.68697,-0.104609,0.411791
ENSG00000156265,-1.29205,-2.81902,2.52055,-0.211048
ENSG00000156304,-2.26824,0.0849021,0.136348,0.156447
ENSG00000156381,1.21248,1.36859,-1.9777,-0.430706
ENSG00000156384,-2.41573,-0.338803,-0.338803,-0.47914
ENSG00000156398,8.53018,3.33132,1.31412,3.28483
ENSG00000156411,3.07326,0.0929548,2.05822,1.52111
ENSG00000156414,-6.20726,-5.40524,-5.12763,-7.44786
ENSG00000156453,2.49201,2.39137,-0.291344,1.48494
ENSG00000156469,0.266397,0.64355,-0.781964,-0.0978735
ENSG00000156471,1.48269,1.50267,1.53141,2.14542
ENSG00000156502,-1.7713,-1.15085,-0.106855,-0.889331
ENSG00000156510,-2.02682,0.0251193,0.86208,0.627345
ENSG00000156574,2.09554,-2.0615,0.469327,-1.12584
ENSG00000156587,0.215048,0.789331,3.38852,2.95419
ENSG00000156599,5.73893,5.48098,5.56031,7.80737
ENSG00000156603,-0.898443,-5.73615,-0.103161,-4.12902
ENSG00000156639,1.5397,1.98169,2.38691,3.08907
ENSG00000156711,-0.418068,0.528667,-0.82669,-0.210734
ENSG00000156735,5.32716,-4.51969,-4.50939,-6.38452
ENSG00000156787,0.552688,0.598105,0.620647,0.861788
ENSG00000156804,1.06074,-0.411108,0.411108,-3.92523e-17
ENSG00000156853,4.67671,0.07695,-0.07695,0
ENSG00000156869,-0.1681,-0.18982,-0.129341,-0.225681
ENSG00000156875,-1.70974,0.658998,0.866824,1.07892
ENSG00000156876,0.0637892,1.75488,1.05914,1.98981
ENSG00000156886,1.14078,0.690731,-1.10834,-0.295295
ENSG00000156928,-0.36325,-0.0919173,0.471079,0.268108
ENSG00000156931,-0.390901,-3.64528,-3.9407,-5.36409
ENSG00000156958,3.5401,3.53907,3.19747,4.76345
ENSG00000156970,-1.33402,-0.703592,-0.703592,-0.99503
ENSG00000156976,-0.946416,1.03508,0.132841,0.825846
ENSG00000156990,0.493513,-0.327501,-0.327501,-0.463156
ENSG00000157017,-1.80765,-0.202222,1.11204,0.643335
ENSG00000157045,-0.678235,0.0315742,0.0315742,0.0446527
ENSG00000157077,-1.9417,0.393874,0.393874,0.557022
ENSG00000157107,0.0165895,-0.610577,0.625221,0.0103552
ENSG00000157110,-1.76794,-1.36108,-0.0198,-0.976429
ENSG00000157181,0.685228,0.0533047,0.0275807,0.0571946
ENSG00000157184,2.79952,4.37413,4.3116,6.14174
ENSG00000157191,2.03082,0.735173,1.58742,1.64232
ENSG00000157193,1.92857,0.474981,1.99767,1.74843
ENSG00000157224,-0.512261,-0.385331,-0.385331,-0.54494
ENSG00000157259,0.568097,2.01005,1.79633,2.69152
ENSG00000157303,2.80318,0.745697,4.88876,3.98416
ENSG00000157315,3.53441,2.92993,2.98071,4.17945
ENSG00000157322,1.15552,3.10976,3.20121,4.46253
ENSG00000157326,-0.00303308,-1.34853,0.59439,-0.533254
ENSG00000157335,-0.604804,-1.21281,5.30606,2.89436
ENSG00000157343,-2.05957,-1.16649,-0.195569,-0.963123
ENSG00000157379,-1.13556,-0.665468,-0.0514672,-0.50695
ENSG00000157404,2.30511,-0.455801,-0.455801,-0.6446
ENSG00000157426,2.07671,2.08192,2.09936,2.95661
ENSG00000157429,0.607421,-0.215204,-1.35881,-1.11299
ENSG00000157483,0.54976,1.00454,-0.314833,0.487695
ENSG00000157540,-1.39294,-1.9643,0.495309,-1.03874
ENSG00000157557,-2.56572,-1.03765,-0.222445,-0.891024
ENSG00000157570,0.96737,3.31119,0.613736,2.77534
ENSG00000157578,-2.60269,-2.01116,-2.41949,-3.13295
ENSG00000157593,1.00068,0.114389,-1.5603,-1.02241
ENSG00000157601,-1.63259,-1.14488,-0.899265,-1.44543
ENSG00000157617,-1.25881,-0.727991,1.8238,0.774856
ENSG00000157637,1.51081,0.630833,0.814049,1.02169
ENSG00000157653,0.346419,0.439867,-1.97891,-1.08827
ENSG00000157693,-3.22382,-4.3405,-4.07026,-5.94731
ENSG00000157734,3.30164,0.34155,-2.25757,-1.35483
ENSG00000157764,-4.95747,-1.59798,0.877364,-0.50955
ENSG00000157778,-5.8787,0.0836036,-0.319101,-0.166522
ENSG00000157782,-4.47453,-3.8164,-3.8164,-5.3972
ENSG00000157796,-0.324754,-0.183761,-0.242667,-0.30153
ENSG00000157800,-0.940924,-1.46952,-0.230839,-1.20234
ENSG00000157823,-1.06203,-1.01219,-1.95811,-2.10032
ENSG00000157833,1.64254,-1.437,0.446385,-0.700468
ENSG00000157837,-4.18627,0.821942,-1.53109,-0.501445
ENSG00000157856,1.86188,1.33954,1.05719,1.69474
ENSG00000157870,-1.16252,-0.760519,0.759225,-0.000915002
ENSG00000157873,0.573714,1.77262,0.0459862,1.28595
ENSG00000157895,2.0442,0.191101,0.109913,0.21285
ENSG00000157954,-3.31714,-1.79082,-1.1373,-2.07049
ENSG00000157999,2.56781,2.26469,2.13406,3.11039
ENSG00000158006,-0.486496,-1.12209,1.12209,0
ENSG00000158019,1.67126,-0.88453,-0.88453,-1.25091
ENSG00000158023,-2.44252,-0.384737,-0.122567,-0.358718
ENSG00000158042,0.155745,1.00001,0.109189,0.784325
ENSG00000158050,-1.20732,0.236641,0.86154,0.776531
ENSG00000158062,0.229667,1.0474,-2.46867,-1.00499
ENSG00000158092,-2.28867,-1.92192,-0.424396,-1.6591
ENSG00000158104,2.58713,1.11346,-2.00466,-0.630173
ENSG00000158106,2.02784,-0.303358,-0.218681,-0.369137
ENSG00000158109,1.47918,-1.53806,2.40816,0.615253
ENSG00000158113,5.54628,2.42983,-0.152409,1.61038
ENSG00000158156,-1.05128,-1.11843,-1.06703,-1.54535
ENSG00000158161,2.03996,-0.826479,-0.819362,-1.16379
ENSG00000158163,-0.331637,-0.211743,-0.594451,-0.570065
ENSG00000158186,1.62058,1.83248,-0.024239,1.27862
ENSG00000158195,2.00645,1.0924,-0.00649286,0.767855
ENSG00000158234,-1.35396,-1.09249,-1.09249,-1.54502
ENSG00000158270,0.1257,0.0430022,-0.00350989,0.0279252
ENSG00000158286,4.07274,2.57512,2.40976,3.52484
ENSG00000158321,1.28092,-2.50054,0.666696,-1.29672
ENSG00000158402,3.05786,-1.54635,-1.54635,-2.18686
ENSG00000158406,-7.71323,0.871715,0.357252,0.869011
ENSG00000158411,-0.539208,-0.71116,-1.25697,-1.39168
ENSG00000158417,0.700836,0.0574856,0.0574856,0.081297
ENSG00000158428,-1.23878,-1.29371,-0.274382,-1.10881
ENSG00000158435,-2.09862,-0.541127,-0.583142,-0.794978
ENSG00000158457,-1.11592,0.0508053,-1.07151,-0.721745
ENSG00000158467,-0.115933,-0.11452,-0.11452,-0.161956
ENSG00000158470,0.434999,-0.0980103,-0.505782,-0.426946
ENSG00000158480,-0.008221,1.41033,-1.39979,0.00744925
ENSG00000158488,0.447112,0.395837,-2.26691,-1.32305
ENSG00000158545,3.07347,-0.0692873,0.391583,0.227898
ENSG00000158555,-0.737345,0.375095,-0.834227,-0.324655
ENSG00000158604,-4.8995,-4.51751,-10.2562,-10.4466
ENSG00000158615,-2.73059,-0.724533,-0.724533,-1.02464
ENSG00000158623,-0.186401,-0.125956,0.273215,0.104128
ENSG00000158710,0.247974,1.02262,1.53064,1.80542
ENSG00000158714,-1.15168,-1.21528,0.132492,-0.765644
ENSG00000158715,-1.45929,-2.44909,-1.79136,-2.99845
ENSG00000158716,0.741453,-0.893702,-0.77638,-1.18093
ENSG00000158717,-4.23428,2.33506,0.638709,2.10277
ENSG00000158747,-0.988171,0.0534593,0.389091,0.312931
ENSG00000158769,0.0473936,-0.510207,-0.225938,-0.520533
ENSG00000158773,0.564926,-0.494416,-0.0470038,-0.382842
ENSG00000158792,-7.11741,-4.50065,-10.5069,-10.6119
ENSG00000158793,-0.803257,1.94178,1.9651,2.76258
ENSG00000158805,-6.82483,-3.94301,-1.33093,-3.72924
ENSG00000158806,-0.379279,0.619739,0.664596,0.908162
ENSG00000158815,-0.487696,0.84281,0.989216,1.29544
ENSG00000158825,0.427027,2.08003,-0.854049,0.866899
ENSG00000158828,1.17893,1.2987,1.29554,1.8344
ENSG00000158850,-2.09101,-1.51726,-1.28785,-1.98351
ENSG00000158863,1.65298,-0.644351,0.655598,0.00795309
ENSG00000158864,-1.95706,-2.66816,-1.81354,-3.16904
ENSG00000158865,1.93625,2.45385,2.75005,3.67971
ENSG00000158869,-1.16553,-0.517026,-2.04244,-1.80982
ENSG00000158882,-0.602192,0.741487,-0.874803,-0.0942685
ENSG00000158887,1.86359,1.60131,0.626924,1.5756
ENSG00000158941,0.0422192,-0.813465,-0.450588,-0.893821
ENSG00000158966,1.65744,1.62186,1.94771,2.52407
ENSG00000158985,-0.536809,-0.222489,-0.701924,-0.653659
ENSG00000158987,0.992642,0.906801,0.906801,1.28241
ENSG00000159023,-3.19236,-1.23857,-2.16578,-2.40724
ENSG00000159079,-1.14268,0.569777,-1.01039,-0.311558
ENSG00000159082,1.642,1.50286,0.326461,1.29353
ENSG00000159110,-2.89299,-0.592121,0.130852,-0.326166
ENSG00000159111,1.11048,1.65374,-0.626192,0.726584
ENSG00000159131,3.73387,1.63065,-0.960974,0.473532
ENSG00000159176,-0.223177,-0.881852,-0.00252751,-0.625351
ENSG00000159199,-3.9761,-3.36644,3.41401,0.0336325
ENSG00000159202,-2.79706,-3.31879,-1.46572,-3.38316
ENSG00000159210,3.05988,3.95975,3.95975,5.59993
ENSG00000159214,3.62375,6.47374,-2.31528,2.94047
ENSG00000159228,-1.66721,-0.298026,-0.585128,-0.624484
ENSG00000159231,-2.91894,-3.41798,-2.93307,-4.49087
ENSG00000159256,-1.20361,-0.808234,0.293506,-0.363968
ENSG00000159259,-0.907719,-1.38489,0.709829,-0.47734
ENSG00000159267,0.871714,-0.315548,-1.67557,-1.40793
ENSG00000159322,2.06651,0.507641,0.450987,0.677852
ENSG00000159346,2.13838,1.06798,-0.248592,0.579398
ENSG00000159352,-0.57997,2.20056,0.890544,2.18574
ENSG00000159377,2.84468,2.89279,2.89279,4.09102
ENSG00000159388,0.711539,0.0109885,-1.29279,-0.906369
ENSG00000159399,-0.710048,1.85831,-0.0909077,1.24974
ENSG00000159409,2.17948,-0.442998,-0.288083,-0.516953
ENSG00000159423,-1.90609,0.25789,-0.533584,-0.194945
ENSG00000159433,-4.22366,1.17538,-1.27365,-0.0694873
ENSG00000159445,-1.28645,-1.20447,-1.35215,-1.80781
ENSG00000159461,-2.91952,0.597758,-1.02513,-0.302195
ENSG00000159479,5.11541,1.1444,-5.11576,-2.80818
ENSG00000159496,-2.15736,-1.31954,3.785,1.74335
ENSG00000159579,-2.82684,-0.645082,1.73203,0.768586
ENSG00000159588,0.660132,1.73656,1.75825,2.4712
ENSG00000159596,0.525666,2.2458,1.61486,2.7299
ENSG00000159618,-0.433647,-0.551898,-0.0808929,-0.44745
ENSG00000159640,-3.8068,-4.6005,-4.68866,-6.56842
ENSG00000159648,1.31976,-0.137711,-0.598875,-0.520845
ENSG00000159658,0.194434,2.70886,1.88483,3.24823
ENSG00000159674,1.9195,-1.49472,-2.66492,-2.94131
ENSG00000159685,0.551892,1.89623,1.89623,2.68168
ENSG00000159692,-3.75093,-1.98428,-1.90527,-2.75033
ENSG00000159713,3.95274,3.02622,-1.74739,0.904271
ENSG00000159720,-4.51928,-3.31395,-3.32307,-4.69308
ENSG00000159753,-3.45703,-0.778513,0.779562,0.0007417
ENSG00000159761,-4.8895,-3.58354,-3.58354,-5.06789
ENSG00000159784,1.52373,-0.304365,1.47145,0.825252
ENSG00000159788,-1.75148,-0.614157,0.681585,0.0476793
ENSG00000159792,-4.0386,-3.54443,3.54443,0
ENSG00000159840,0.405041,-0.872718,-0.84574,-1.21513
ENSG00000159873,4.28028,1.02746,1.57075,1.83721
ENSG00000159882,0.625384,-0.250911,0.247625,-0.00232325
ENSG00000159884,0.529596,0.127466,0.598311,0.513202
ENSG00000159899,-5.80077,-0.68542,-0.68542,-0.96933
ENSG00000159905,1.78495,-0.41931,-0.136623,-0.393104
ENSG00000159917,-0.693803,0.565752,-1.02309,-0.323388
ENSG00000159921,1.8512,1.02554,1.29731,1.6425
ENSG00000160007,0.899216,0.21714,-0.59897,-0.269995
ENSG00000160051,0.658659,0.62001,-0.597906,0.01563
ENSG00000160055,1.53528,-0.653702,-0.653702,-0.924475
ENSG00000160058,1.59794,-0.882735,-0.759941,-1.16155
ENSG00000160072,-1.14036,0.301061,1.0488,0.954498
ENSG00000160094,2.11222,2.43209,2.43209,3.4395
ENSG00000160111,-1.35673,-0.739059,2.03184,0.914136
ENSG00000160117,-0.691275,0.218444,-0.179385,0.0276191
ENSG00000160124,0.452138,0.639372,-0.368454,0.191568
ENSG00000160161,0.103644,-5.02638,5.02638,-6.28037e-16
ENSG00000160179,0.228651,-1.45245,-2.18819,-2.57432
ENSG00000160180,0.00982505,0.724151,-2.23861,-1.07088
ENSG00000160188,-0.387265,-0.0234445,-1.45107,-1.04264
ENSG00000160190,-0.23773,-1.98226,0.0636141,-1.35669
ENSG00000160191,2.95316,2.07136,-0.808956,0.892656
ENSG00000160193,-0.935514,-0.918137,0.332841,-0.413867
ENSG00000160194,-2.01318,-1.20452,-4.07667,-3.73436
ENSG00000160199,2.48358,0.438984,-1.07374,-0.44884
ENSG00000160200,1.39281,1.58229,3.33054,3.47389
ENSG00000160213,0.736863,0.871423,0.371605,0.878953
ENSG00000160214,-1.47916,0.363136,0.363136,0.513551
ENSG00000160218,0.0394269,-1.04414,-1.42251,-1.74418
ENSG00000160221,0.703702,0.0795929,0.20022,0.197858
ENSG00000160223,1.89942,-1.62914,-1.26097,-2.04362
ENSG00000160224,-1.31764,0.307612,0.307612,0.435029
ENSG00000160226,-1.36461,1.00893,0.006571,0.718065
ENSG00000160229,-1.19279,-1.04131,-0.862775,-1.34639
ENSG00000160233,-0.683683,-0.0254199,-0.204158,-0.162336
ENSG00000160255,0.324434,-2.24075,-0.810964,-2.15789
ENSG00000160256,2.09233,1.61672,-0.252942,0.964333
ENSG00000160282,-0.89165,-2.0459,0.514072,-1.08317
ENSG00000160284,-1.80777,-0.593843,-0.433964,-0.726769
ENSG00000160285,2.57228,1.02931,1.77285,1.98142
ENSG00000160293,1.90845,0.378244,-0.437931,-0.0422048
ENSG00000160299,2.57706,1.906,2.01982,2.77598
ENSG00000160305,1.52273,1.37839,-1.37177,0.00468081
ENSG00000160307,0.799336,1.53819,1.95299,2.46864
ENSG00000160310,-0.0785504,0.603089,-0.29445,0.218241
ENSG00000160323,-0.575599,-0.246543,2.26144,1.42475
ENSG00000160325,-0.892709,-1.23854,0.28142,-0.676789
ENSG00000160336,2.02398,0.311246,2.69949,2.12891
ENSG00000160360,1.57295,0.899039,0.526717,1.00816
ENSG00000160392,-0.0966761,-0.185528,-0.116814,-0.213788
ENSG00000160401,0.632882,3.57198,4.04661,5.38716
ENSG00000160404,-1.79734,0.430683,-2.54515,-1.49515
ENSG00000160408,-4.14345,-1.90292,-1.93693,-2.71519
ENSG00000160410,-1.1548,-1.68579,0.100268,-1.12114
ENSG00000160439,-1.17288,-1.27668,-0.671604,-1.37765
ENSG00000160447,-3.12115,-1.69514,0.37596,-0.932798
ENSG00000160539,-0.971332,0.315091,-0.0480937,0.188796
ENSG00000160551,-9.225,1.64664,-0.5891,0.747795
ENSG00000160584,-1.01686,0.371317,-1.01279,-0.453587
ENSG00000160588,3.57609,1.43297,1.73261,2.23841
ENSG00000160593,-2.24326,0.401813,2.09003,1.762
ENSG00000160606,0.31727,0.272803,-0.841929,-0.402433
ENSG00000160654,-2.29334,1.33577,-1.74149,-0.286887
ENSG00000160691,1.15454,1.80951,-1.53722,0.192536
ENSG00000160695,0.453012,1.7746,4.5428,4.46707
ENSG00000160710,-0.793738,-1.24722,-0.59391,-1.30188
ENSG00000160714,-2.10719,3.68089,1.3826,3.58043
ENSG00000160746,-2.761,-2.52831,-2.61927,-3.63989
ENSG00000160781,-1.08281,-0.0252864,0.734577,0.501544
ENSG00000160783,-0.0413514,-0.406035,0.990072,0.412976
ENSG00000160791,-1.12204,-0.575315,-1.05718,-1.15434
ENSG00000160796,-1.06821,-0.380771,-0.248096,-0.444676
ENSG00000160799,-0.919529,-0.724151,-0.724151,-1.0241
ENSG00000160856,-0.782465,-0.439434,-0.377871,-0.577921
ENSG00000160867,-0.66472,0.10352,0.358751,0.326875
ENSG00000160877,-1.89247,-2.164,-0.521093,-1.89865
ENSG00000160883,-0.982644,0.306245,-0.717562,-0.290845
ENSG00000160888,-2.65274,0.438093,0.286717,0.512518
ENSG00000160917,0.612138,-1.63926,1.64238,0.00220433
ENSG00000160932,-2.51267,1.91138,2.53485,3.14396
ENSG00000160948,-1.91537,-2.21093,-1.91555,-2.91787
ENSG00000160949,-1.58277,-1.60891,-1.7042,-2.34272
ENSG00000160953,-1.23945,0.919123,1.08345,1.41603
ENSG00000160959,-1.62803,-1.6777,0.0492144,-1.15151
ENSG00000160972,-1.5255,-1.25198,-1.33885,-1.83199
ENSG00000160991,-1.19326,-0.0609451,-5.57999,-3.98874
ENSG00000160993,0.549622,-0.127407,-0.752153,-0.621943
ENSG00000161010,0.758479,2.15024,2.24117,3.1052
ENSG00000161011,0.298551,0.863847,-1.181,-0.22426
ENSG00000161013,1.43179,2.66298,2.66298,3.76602
ENSG00000161016,1.44882,1.18354,1.18354,1.67378
ENSG00000161036,0.948459,0.0248537,-0.165081,-0.0991554
ENSG00000161091,-1.27765,-0.583897,-0.168236,-0.531838
ENSG00000161179,2.97235,2.76724,2.98516,4.06756
ENSG00000161180,-3.48362,-2.10292,-2.66479,-3.37128
ENSG00000161203,0.930617,1.09511,-0.112248,0.69499
ENSG00000161204,1.4107,0.465277,0.654222,0.791605
ENSG00000161243,-4.57551,-1.43178,-1.11223,-1.79888
ENSG00000161265,0.434843,0.289754,0.504618,0.561707
ENSG00000161267,1.24015,-0.0777506,-0.0777506,-0.109956
ENSG00000161281,0.469113,0.404693,-1.34103,-0.662094
ENSG00000161298,1.50928,2.40395,2.48736,3.45868
ENSG00000161328,2.53653,3.44594,4.13688,5.36186
ENSG00000161381,-0.317994,-0.874524,-3.57753,-3.14808
ENSG00000161395,3.72634,2.91279,3.32362,4.40981
ENSG00000161509,1.48157,-1.92851,-1.03507,-2.09557
ENSG00000161513,0.391302,-0.621402,-0.621402,-0.878795
ENSG00000161526,-0.298434,0.183035,0.184641,0.259986
ENSG00000161542,1.46499,0.659446,0.83485,1.05663
ENSG00000161544,4.08567,2.18227,-1.07696,0.781575
ENSG00000161551,-3.07468,-2.53119,-1.68503,-2.98132
ENSG00000161618,1.82058,-0.573946,1.48342,0.643097
ENSG00000161647,1.5689,0,-0.38312,-0.270907
ENSG00000161653,-1.80674,-0.203928,-0.156283,-0.254708
ENSG00000161654,0.690288,-0.571524,1.12964,0.394644
ENSG00000161671,2.69204,2.74724,2.74088,3.88069
ENSG00000161677,2.90825,3.10032,2.92514,4.26064
ENSG00000161692,0.57042,0.174795,0.395354,0.403156
ENSG00000161791,1.51074,2.91495,1.10601,2.84325
ENSG00000161835,1.46577,0.624137,0.624137,0.882663
ENSG00000161847,0.512613,1.34504,1.04336,1.68886
ENSG00000161860,-0.901238,-2.37748,-0.486243,-2.02496
ENSG00000161888,0.839316,1.04388,0.66552,1.20873
ENSG00000161904,-5.05069,-1.6042,1.0415,-0.397891
ENSG00000161905,0.469378,1.13338,-1.45587,-0.228035
ENSG00000161914,0.109831,1.54617,1.54617,2.18661
ENSG00000161921,-0.442987,-0.998685,-1.50251,-1.76861
ENSG00000161929,-3.74696,-1.70005,-5.26101,-4.92221
ENSG00000161944,0.261433,0.456394,0.361251,0.578162
ENSG00000161955,0.336264,0.286998,-1.87914,-1.12581
ENSG00000161958,1.48121,1.33197,1.34326,1.89167
ENSG00000161980,1.24597,1.00657,1.845,2.01637
ENSG00000161981,-1.04158,-0.237621,0.712867,0.33605
ENSG00000161996,-0.319273,-1.16071,-0.00355521,-0.823263
ENSG00000161999,0.924853,1.47551,1.46894,2.08204
ENSG00000162004,0.250605,-1.75927,-2.57306,-3.06342
ENSG00000162063,-0.558953,-0.957487,-0.957487,-1.35409
ENSG00000162069,-0.41453,-0.549283,-0.356095,-0.6402
ENSG00000162073,2.8806,-0.2261,-1.56758,-1.26832
ENSG00000162076,1.22076,0.268079,-0.155412,0.0796676
ENSG00000162086,-0.566545,-1.66619,-1.69156,-2.37429
ENSG00000162104,-2.84407,-1.50241,-0.182922,-1.19171
ENSG00000162129,0.96492,-1.11481,1.11481,0
ENSG00000162174,1.6451,1.00309,-0.93754,0.0463492
ENSG00000162194,-0.746489,1.32995,1.32995,1.88083
ENSG00000162222,-0.606808,-0.742752,-0.742752,-1.05041
ENSG00000162236,-0.0169042,0.714206,0.714206,1.01004
ENSG00000162241,1.86203,0.870583,0.675177,1.09302
ENSG00000162244,-5.31909,-1.76275,-1.76275,-2.49291
ENSG00000162302,-3.00866,-1.678,1.02266,-0.463397
ENSG00000162341,-1.36213,-0.234366,-2.94507,-2.2482
ENSG00000162366,-0.440786,-1.18052,-0.622984,-1.27527
ENSG00000162367,-0.0918766,0.935369,1.32785,1.60034
ENSG00000162368,-3.17071,1.97667,2.27714,3.0079
ENSG00000162383,-1.45507,0.0725109,-0.173301,-0.0712694
ENSG00000162384,-1.20912,2.96442,1.21958,2.95854
ENSG00000162433,-0.0808145,0.659224,3.75311,3.11999
ENSG00000162434,0.618375,0.840814,-1.26438,-0.299503
ENSG00000162437,-1.96475,0.359578,0.448943,0.571711
ENSG00000162444,0.298586,1.55075,0.0504798,1.13224
ENSG00000162461,-1.05257,-1.71802,-1.64658,-2.37913
ENSG00000162482,0.582764,0.427994,-2.2396,-1.281
ENSG00000162490,-1.22621,0.185655,-0.344324,-0.112196
ENSG00000162511,1.94958,-1.51537,-1.01802,-1.79138
ENSG00000162512,-1.55701,-2.20331,2.21094,0.00539446
ENSG00000162517,-1.81671,2.03797,-1.39709,0.453173
ENSG00000162520,-2.16394,-0.579813,-0.168691,-0.529272
ENSG00000162526,1.81116,-0.882735,-0.759941,-1.16155
ENSG00000162542,-2.14044,-0.0660609,0.640382,0.406106
ENSG00000162572,-1.8906,0.253667,-0.62936,-0.265655
ENSG00000162576,0.839689,-0.363223,1.22554,0.609749
ENSG00000162585,-0.221069,1.23599,1.32684,1.8122
ENSG00000162591,-0.721014,0.624659,0.777934,0.991783
ENSG00000162600,0.0500648,0.690296,0.895003,1.12098
ENSG00000162601,1.43063,0.780778,-1.83448,-0.745081
ENSG00000162604,-1.55458,-0.381973,-1.52932,-1.35149
ENSG00000162607,1.67394,1.32301,1.32301,1.87102
ENSG00000162613,0.0644332,0.607836,0.234181,0.595396
ENSG00000162614,-2.19855,-2.02007,-1.71142,-2.63856
ENSG00000162623,-1.28652,-0.891691,-1.43393,-1.64446
ENSG00000162627,0.97905,1.75665,1.75665,2.48428
ENSG00000162636,0.336899,-1.70993,-0.873945,-1.82707
ENSG00000162639,3.19345,1.263,1.263,1.78615
ENSG00000162642,3.60604,-0.927075,2.74297,1.28404
ENSG00000162645,1.03568,1.20789,0.464882,1.18283
ENSG00000162650,-1.75095,-1.41717,-0.15674,-1.11292
ENSG00000162654,0.803756,-0.0215032,0.595299,0.405735
ENSG00000162688,-0.822293,-1.06559,-0.951879,-1.42657
ENSG00000162692,-0.617364,0.626924,0.626924,0.886605
ENSG00000162694,3.15825,0.807907,1.15106,1.3852
ENSG00000162695,-1.27042,0.318157,0.521561,0.59377
ENSG00000162704,-0.829555,-0.209114,-1.13351,-0.949382
ENSG00000162711,1.09235,0.00543505,-1.4686,-1.03461
ENSG00000162714,-0.151979,-1.35215,-1.11223,-1.74258
ENSG00000162722,1.5272,1.05864,-0.292515,0.541729
ENSG00000162729,1.48894,-1.90759,-1.57478,-2.46241
ENSG00000162735,4.56583,-0.209864,-0.209864,-0.296792
ENSG00000162736,4.2862,3.01019,2.20677,3.68895
ENSG00000162738,3.16763,-0.367293,-3.24122,-2.55161
ENSG00000162746,-0.812301,-1.19831,-0.131983,-0.94066
ENSG00000162755,1.54626,0.347275,0.347275,0.491121
ENSG00000162769,0.153019,-0.940012,0.662179,-0.196458
ENSG00000162777,-1.82098,-1.0107,2.25608,0.880619
ENSG00000162813,-1.39586,-2.0357,-0.860754,-2.0481
ENSG00000162817,-2.26145,-1.12268,-2.06968,-2.25734
ENSG00000162836,1.76563,-0.792785,0.730379,-0.0441273
ENSG00000162869,3.91195,-0.77132,-0.271594,-0.737452
ENSG00000162877,-1.91849,-2.90966,-2.95397,-4.14622
ENSG00000162878,0.500084,-1.16417,0.240683,-0.653
ENSG00000162881,-0.448074,-0.533012,-1.50864,-1.44367
ENSG00000162882,-1.30805,-0.690767,-1.99273,-1.89752
ENSG00000162885,-1.04705,-0.553081,-0.569533,-0.793808
ENSG00000162896,0.968743,1.47678,2.41599,2.75261
ENSG00000162910,0.840788,-0.26312,0.619151,0.251752
ENSG00000162927,-1.63567,-1.10739,-1.10739,-1.56609
ENSG00000162929,0.139428,2.1336,2.57708,3.33095
ENSG00000162931,-0.347529,-0.110433,-0.110433,-0.156176
ENSG00000162944,0.172971,1.24551,1.24551,1.76141
ENSG00000162946,2.47527,1.66497,-1.69323,-0.0199874
ENSG00000162971,-7.5237,7.40882,-6.39016,0.720302
ENSG00000162972,7.99592,7.66751,7.73779,10.8932
ENSG00000162976,0.81986,-0.767801,-0.127736,-0.633241
ENSG00000162980,-2.22643,1.89116,1.89116,2.67451
ENSG00000162999,0.226503,0.586002,-1.10195,-0.364833
ENSG00000163002,1.93823,-0.814836,1.87726,0.751247
ENSG00000163006,0.661737,-2.26353,-2.26353,-3.20111
ENSG00000163013,-2.78576,1.40952,1.40952,1.99336
ENSG00000163017,-3.24187,0.398163,2.11611,1.77786
ENSG00000163026,2.09201,-0.580967,-1.54867,-1.50588
ENSG00000163041,2.14933,2.38793,5.26955,5.41465
ENSG00000163050,2.89052,2.90178,-2.47024,0.305149
ENSG00000163053,-0.193514,-0.515454,-0.670744,-0.838769
ENSG00000163069,1.72674,-0.434119,-1.88843,-1.64229
ENSG00000163126,-3.4433,-2.58061,-2.48773,-3.58386
ENSG00000163131,3.14511,4.24099,3.43486,5.42765
ENSG00000163138,0.098805,0.472667,1.37216,1.30449
ENSG00000163141,-3.49175,0.0419455,-0.0943853,-0.0370805
ENSG00000163155,4.45465,3.0463,-2.72659,0.226067
ENSG00000163156,-3.00059,-2.11758,-2.73104,-3.42849
ENSG00000163161,0.621592,0.280294,1.37671,1.17168
ENSG00000163162,1.6199,2.37849,-1.87035,0.359312
ENSG00000163166,-0.137135,-0.0488762,-0.560769,-0.431084
ENSG00000163214,2.69955,-1.84685,-1.84685,-2.61184
ENSG00000163220,0.117501,0.479847,0.103776,0.412684
ENSG00000163249,-4.08737,-0.812529,-2.59177,-2.4072
ENSG00000163257,-0.662779,-1.3966,0.0147026,-0.977149
ENSG00000163281,-2.13036,-0.988078,-0.853363,-1.3021
ENSG00000163291,1.66816,-0.102881,0.633837,0.375443
ENSG00000163297,-0.282271,-3.73087,-0.0500125,-2.67349
ENSG00000163320,1.41049,0.528736,0.778202,0.924145
ENSG00000163322,2.41907,0.989217,1.26152,1.59151
ENSG00000163328,3.56974,2.96865,0.854117,2.70311
ENSG00000163346,-3.16617,-3.66707,-3.66707,-5.18603
ENSG00000163349,1.50526,-0.744119,-0.0774394,-0.580929
ENSG00000163354,-2.36279,-3.23625,-2.94597,-4.37149
ENSG00000163357,3.03385,3.23625,3.11092,4.48813
ENSG00000163374,-2.07698,-2.65604,0.037662,-1.85147
ENSG00000163376,-4.88931,-1.79469,-2.77557,-3.23167
ENSG00000163378,-0.652984,1.54928,-1.25645,0.207061
ENSG00000163382,0.8296,0.106968,-0.218874,-0.0791289
ENSG00000163389,-0.537289,-1.37577,-1.53442,-2.05782
ENSG00000163393,-1.9813,-0.299511,-0.723264,-0.723211
ENSG00000163406,1.2304,0.539966,-0.988838,-0.3174
ENSG00000163428,0.763463,0.003709,-0.496186,-0.348234
ENSG00000163430,-0.524349,-1.97814,-0.519211,-1.76589
ENSG00000163435,0.40639,0.614157,0.229655,0.596665
ENSG00000163449,-0.574009,0.0234636,0.291259,0.222543
ENSG00000163464,0.2285,0.658723,0.471172,0.798956
ENSG00000163466,0.136143,0.185695,0,0.131306
ENSG00000163468,-1.45562,-1.64274,-0.45255,-1.4816
ENSG00000163472,-0.256468,-0.289605,1.63808,0.953515
ENSG00000163479,-2.73216,-0.0449798,0.137965,0.0657503
ENSG00000163481,0.134671,-0.745526,0.745526,7.85046e-17
ENSG00000163485,1.90755,1.44544,0.091168,1.08654
ENSG00000163508,0.64146,0.793537,0.793537,1.12223
ENSG00000163510,3.41601,0.757265,1.304,1.45754
ENSG00000163512,-0.119838,-0.330223,-0.3414,-0.474909
ENSG00000163516,2.21209,-0.306654,-0.306654,-0.433675
ENSG00000163517,1.70994,0.454746,-0.480295,-0.0180658
ENSG00000163519,-1.44006,-0.468661,-0.256281,-0.512611
ENSG00000163520,0.502175,0.0884562,0.51165,0.424339
ENSG00000163521,-2.81377,-2.08781,-2.04468,-2.92211
ENSG00000163527,-3.06823,-4.23816,-2.27803,-4.60764
ENSG00000163528,-0.0397969,-1.05511,-1.17921,-1.5799
ENSG00000163535,-5.58295,0.362168,-1.1688,-0.570373
ENSG00000163536,-0.115064,1.17268,-3.70886,-1.79335
ENSG00000163545,0.039837,-0.306514,0.1195,-0.132239
ENSG00000163558,1.20326,2.08126,0.836008,2.06282
ENSG00000163563,0.229571,0.126506,0.278399,0.286311
ENSG00000163564,1.21874,1.07264,-0.676095,0.2804
ENSG00000163565,2.39897,1.07239,-0.978055,0.0667015
ENSG00000163568,-2.30382,-1.62686,-2.95881,-3.24256
ENSG00000163576,-0.78085,2.13988,1.77322,2.76698
ENSG00000163577,-2.3819,-0.432837,-0.0689328,-0.354805
ENSG00000163596,1.85029,-0.805387,-2.48311,-2.32532
ENSG00000163606,-0.700776,-0.714801,-1.44878,-1.52988
ENSG00000163607,0.632161,-0.25867,-0.101856,-0.254931
ENSG00000163608,-0.536902,-1.16598,-0.234986,-0.990635
ENSG00000163624,0.932492,3.66674,3.66674,5.18555
ENSG00000163631,-2.21052,0.824046,-0.876418,-0.0370325
ENSG00000163633,3.43041,4.11882,1.07592,3.67324
ENSG00000163634,4.46834,5.43291,6.85885,8.69158
ENSG00000163635,-5.66162,-3.0587,-3.80298,-4.85193
ENSG00000163636,-3.09077,1.79926,1.79926,2.54454
ENSG00000163637,-3.83103,-1.4478,-2.56662,-2.83863
ENSG00000163644,-3.28056,1.43703,0.856168,1.62153
ENSG00000163659,0.562338,1.49183,0.952426,1.72835
ENSG00000163660,0.289384,2.5483,2.56037,3.61237
ENSG00000163666,3.15292,1.43653,1.43653,2.03155
ENSG00000163682,-2.02703,-0.502344,-0.609129,-0.78593
ENSG00000163684,-1.92996,-3.02913,-1.33019,-3.08251
ENSG00000163686,3.31422,0.716368,-0.719725,-0.00237345
ENSG00000163694,0.591977,1.60849,0.703439,1.63478
ENSG00000163697,0.837084,0.104073,0.249648,0.250119
ENSG00000163701,0.402605,-1.14541,0.489422,-0.463856
ENSG00000163702,0.852757,0.663862,-0.204147,0.325068
ENSG00000163703,-0.488734,-0.373407,-0.0302691,-0.285442
ENSG00000163704,1.04754,1.15854,1.15854,1.63843
ENSG00000163710,-1.2383,1.03721,0.592633,1.15248
ENSG00000163734,1.71295,0.777948,0.450132,0.868384
ENSG00000163735,0.114134,-0.860159,-0.860159,-1.21645
ENSG00000163743,-1.23569,-0.226363,-3.24968,-2.45793
ENSG00000163754,-0.237822,-0.0537769,0.227784,0.123041
ENSG00000163755,-0.173765,-0.463333,1.05829,0.420697
ENSG00000163794,-4.84836,0.120162,0.120162,0.169935
ENSG00000163795,-3.82431,-2.8489,-2.98382,-4.12435
ENSG00000163803,1.46688,0.537617,1.17407,1.21035
ENSG00000163806,3.85959,-2.90547,-3.38632,-4.44897
ENSG00000163807,1.66341,-1.54625,-0.793537,-1.65448
ENSG00000163808,-2.77432,-3.22721,-1.48573,-3.33255
ENSG00000163814,-0.443439,1.47977,1.6514,2.21408
ENSG00000163818,2.40506,0.206138,-0.286895,-0.0571035
ENSG00000163820,-0.937231,-2.29055,-2.19062,-3.16867
ENSG00000163823,-0.854536,-1.40289,-0.519047,-1.35901
ENSG00000163827,1.8615,-1.10805,0.39092,-0.507088
ENSG00000163832,0.0156465,1.22296,0.797589,1.42874
ENSG00000163864,0.903234,1.06864,0.353187,1.00539
ENSG00000163866,0.0913678,0.106045,0.106045,0.14997
ENSG00000163870,-1.17053,-0.971578,-0.0692827,-0.736
ENSG00000163872,0.996812,0.878894,-0.238386,0.452907
ENSG00000163874,0.206754,-0.777544,-0.1502,-0.656014
ENSG00000163875,0.0426737,-2.06863,-1.63378,-2.618
ENSG00000163898,1.34079,1.18214,1.31433,1.76527
ENSG00000163902,-1.84616,0.775527,-0.226555,0.388182
ENSG00000163904,0.588747,0.761313,-0.537822,0.158032
ENSG00000163918,-0.362381,-0.370859,-0.36937,-0.523421
ENSG00000163923,0.0449604,0.102462,1.7068,1.27934
ENSG00000163938,9.53365,7.08132,2.4556,6.74362
ENSG00000163939,-7.00145,-1.01673,-7.69461,-6.15985
ENSG00000163945,3.54285,2.08618,2.65231,3.35061
ENSG00000163946,-1.9799,-1.44817,-0.938514,-1.68764
ENSG00000163950,0.498716,0.534961,0.350385,0.626035
ENSG00000163956,-1.91951,-0.304274,1.36614,0.750854
ENSG00000163958,-3.15212,1.13395,-0.00084067,0.801227
ENSG00000163959,-1.5699,0.176888,-2.92282,-1.94167
ENSG00000163960,-3.43219,-3.67255,-0.850508,-3.19829
ENSG00000163961,-0.484626,-0.358582,-1.99459,-1.66394
ENSG00000163975,0.242997,-2.95789,0.561568,-1.69445
ENSG00000163993,0.863683,-0.844857,2.80398,1.38531
ENSG00000164002,-0.20384,2.06077,1.73483,2.6839
ENSG00000164008,1.54086,1.51485,1.01287,1.78736
ENSG00000164010,1.03179,0.136056,-0.248506,-0.0795143
ENSG00000164011,0.00917422,-0.879641,-0.952519,-1.29553
ENSG00000164022,1.10773,-1.24195,0.628689,-0.433643
ENSG00000164023,2.22366,-0.494317,1.27461,0.55175
ENSG00000164024,-2.13303,0.0193275,-1.18266,-0.822602
ENSG00000164031,-3.36114,-1.85074,-1.32592,-2.24624
ENSG00000164032,2.99467,2.68546,0.661548,2.36669
ENSG00000164037,0.503926,-0.310797,-0.310797,-0.439533
ENSG00000164038,-4.52848,0.0318392,-0.54964,-0.36614
ENSG00000164039,4.17354,2.65989,1.66106,3.05537
ENSG00000164040,0.958097,1.54546,2.18216,2.63583
ENSG00000164045,-3.30383,-3.26636,-3.26636,-4.61933
ENSG00000164048,-2.85658,-3.18295,-3.19527,-4.51008
ENSG00000164062,4.28706,1.22621,0.461391,1.19331
ENSG00000164068,1.16736,-2.10499,-0.995895,-2.19265
ENSG00000164073,-0.230913,0.19654,0.10443,0.212818
ENSG00000164074,1.07694,-0.60565,-0.467461,-0.758804
ENSG00000164078,1.91971,1.8446,-3.61643,-1.25287
ENSG00000164081,0.581761,0.715541,1.26621,1.40131
ENSG00000164082,0.239406,0.437991,0.452569,0.629721
ENSG00000164086,-5.46499,-2.91732,-2.8549,-4.08157
ENSG00000164088,9.79549,1.48892,2.85807,3.07379
ENSG00000164106,-0.993558,1.18354,1.18354,1.67378
ENSG00000164109,0.888239,-1.0976,1.58918,0.3476
ENSG00000164111,0.607368,0.609794,0.309451,0.650004
ENSG00000164114,3.81483,0.74238,4.44819,3.67029
ENSG00000164118,0.0235397,-1.20976,-5.66217,-4.85919
ENSG00000164124,-0.301447,-0.981717,-0.385076,-0.966469
ENSG00000164136,0.695625,1.35916,0.18325,1.09065
ENSG00000164142,-1.86136,1.39379,-1.17263,0.156384
ENSG00000164144,-0.885081,-0.870173,-1.88902,-1.95105
ENSG00000164167,0.483221,-0.702808,-0.010869,-0.504646
ENSG00000164168,-1.4039,1.27455,1.96773,2.29263
ENSG00000164171,1.32802,0.590397,2.34614,2.07645
ENSG00000164172,-3.31965,-2.57991,-4.19629,-4.7915
ENSG00000164182,2.11235,1.95659,1.20278,2.23401
ENSG00000164187,-1.81519,-1.54664,-2.06845,-2.55626
ENSG00000164211,-1.04297,-1.08915,0.209585,-0.621943
ENSG00000164219,-0.325293,1.2383,-0.507298,0.516896
ENSG00000164221,3.23251,1.97147,2.71257,3.31212
ENSG00000164237,-0.239077,-0.734697,-0.200381,-0.6612
ENSG00000164241,-4.02918,3.39824,4.64785,5.68945
ENSG00000164244,-2.03086,0.241375,0.079189,0.226673
ENSG00000164251,-1.91775,-4.55348,-1.56386,-4.32561
ENSG00000164253,-0.508796,0.907176,-0.356653,0.389278
ENSG00000164258,0.0453318,0.533416,-0.30324,0.162759
ENSG00000164283,-0.788035,-2.13008,-2.42899,-3.22375
ENSG00000164291,-0.245892,1.03135,0.088283,0.791701
ENSG00000164296,-1.44422,1.28743,-1.43174,-0.102044
ENSG00000164300,-2.13766,-1.51695,1.6379,0.0855228
ENSG00000164306,-0.188786,-0.25575,-1.4809,-1.228
ENSG00000164307,0.81149,0.722749,1.58216,1.62981
ENSG00000164308,-2.38295,-2.64407,-2.64407,-3.73928
ENSG00000164329,-0.511323,-2.01514,-0.986598,-2.12255
ENSG00000164331,0.158059,1.42342,1.44383,2.02745
ENSG00000164332,-2.43797,-2.54241,1.20002,-0.949207
ENSG00000164338,-0.0357055,1.08512,1.07726,1.52903
ENSG00000164342,1.86849,0.637605,0.824903,1.03415
ENSG00000164344,0.119922,-0.333819,-0.337544,-0.474726
ENSG00000164346,-0.724216,-0.630473,-1.03536,-1.17792
ENSG00000164347,0.49381,-0.601862,-0.989606,-1.12534
ENSG00000164366,0.0735364,-0.81492,0.160128,-0.463008
ENSG00000164379,0.641268,-0.165278,-0.504366,-0.473509
ENSG00000164398,0.730257,1.58435,1.54189,2.21059
ENSG00000164402,-0.371228,2.05387,2.29011,3.07166
ENSG00000164403,-0.848292,-0.0666967,-0.62793,-0.491176
ENSG00000164404,1.44838,-0.481309,0.730636,0.176301
ENSG00000164430,1.10787,0.965592,0.479238,1.02165
ENSG00000164440,0.600449,-0.114767,-0.0446048,-0.112693
ENSG00000164465,-6.69009,-5.51612,2.11558,-2.40454
ENSG00000164466,1.21775,1.80162,0.632518,1.72119
ENSG00000164494,1.01989,-1.18019,0.813465,-0.259314
ENSG00000164506,-1.1194,-0.471079,1.30296,0.588227
ENSG00000164512,0.311497,0.986658,-1.73367,-0.528217
ENSG00000164530,-1.47464,-1.59538,0.916865,-0.47978
ENSG00000164535,0.49053,-0.180132,-0.356782,-0.379656
ENSG00000164548,-0.592119,1.39923,1.39923,1.97881
ENSG00000164574,4.57092,-0.466839,1.20904,0.524817
ENSG00000164576,4.26355,1.46539,-0.358535,0.782662
ENSG00000164587,-0.872719,-0.684417,0.400657,-0.200649
ENSG00000164597,1.11268,0.784503,0.313348,0.776298
ENSG00000164609,1.62872,-0.15559,-0.287201,-0.313101
ENSG00000164615,0.777198,1.49653,1.49653,2.11641
ENSG00000164620,1.52479,1.16,0.743569,1.34602
ENSG00000164631,-1.38385,-1.06963,-2.7623,-2.70958
ENSG00000164649,-0.965992,-0.729391,0.91017,0.12783
ENSG00000164654,-0.719576,0.0387537,1.14983,0.840457
ENSG00000164659,5.41346,2.04024,2.33361,3.09277
ENSG00000164663,0.60933,1.09911,-0.506662,0.418924
ENSG00000164707,-2.88591,-0.958812,-3.08086,-2.85648
ENSG00000164713,-0.404681,-0.361564,-1.55463,-1.35495
ENSG00000164715,1.23137,1.31936,1.74409,2.16619
ENSG00000164733,-2.69285,0.00955168,-0.27236,-0.185833
ENSG00000164741,-1.51662,0.52286,-0.466229,0.0400445
ENSG00000164751,-0.940254,1.71741,-2.33187,-0.434491
ENSG00000164758,-1.85302,-0.156971,-1.32225,-1.04597
ENSG00000164764,-0.552447,1.00924,0.569406,1.11627
ENSG00000164776,1.24881,2.52909,-2.23294,0.209411
ENSG00000164808,0.724397,-0.479863,-1.85592,-1.65165
ENSG00000164818,0.648001,0.461407,3.2227,2.60505
ENSG00000164850,0.0573783,1.27905,-2.36594,-0.76855
ENSG00000164880,1.65935,-0.475882,-0.460898,-0.662403
ENSG00000164896,1.61992,0.654628,0.654628,0.925783
ENSG00000164897,-1.795,-0.94796,-0.94796,-1.34062
ENSG00000164898,2.59189,1.07878,2.48626,2.52087
ENSG00000164902,-2.53869,0.638295,0.616039,0.886948
ENSG00000164904,5.27329,2.72302,2.00492,3.34316
ENSG00000164924,1.10575,1.06992,2.27138,2.36266
ENSG00000164929,0.0134974,-1.69898,0.090991,-1.13702
ENSG00000164930,1.89681,2.42765,1.1906,2.55849
ENSG00000164933,0.0887568,0.197884,-1.1052,-0.641566
ENSG00000164934,-1.94331,-1.55732,-0.390271,-1.37716
ENSG00000164938,-0.727496,0.546389,-1.37172,-0.583599
ENSG00000164941,0.106307,1.88602,0.767741,1.87649
ENSG00000164949,0.428316,-0.612548,0.136366,-0.336711
ENSG00000164967,-2.27606,1.95739,1.95739,2.76816
ENSG00000164972,4.90007,0.494164,0.641046,0.802715
ENSG00000164975,-1.26506,-2.45367,-3.29063,-4.06183
ENSG00000164978,-4.01665,-3.32965,-2.97725,-4.45965
ENSG00000164985,-1.75576,-2.61738,-0.907357,-2.49236
ENSG00000165006,-0.397277,-1.13803,-0.471616,-1.13819
ENSG00000165028,0.442722,1.06683,1.18559,1.5927
ENSG00000165046,5.32854,0.10208,2.85933,2.09403
ENSG00000165055,0.339879,0.0382706,0.556756,0.420747
ENSG00000165071,1.31118,1.08292,-0.237816,0.597581
ENSG00000165092,-1.11957,1.28965,0.75308,1.44443
ENSG00000165097,-0.769437,-0.366027,0.404674,0.0273276
ENSG00000165102,2.09993,1.3571,0.444529,1.27395
ENSG00000165113,-2.52591,-0.870378,-0.870378,-1.2309
ENSG00000165115,-1.74761,-0.267226,0.407055,0.0988744
ENSG00000165118,-1.31753,1.55181,1.55181,2.19459
ENSG00000165125,-1.28203,-1.11112,-0.714857,-1.29116
ENSG00000165138,-0.0677358,-0.563235,-0.544355,-0.783184
ENSG00000165140,0.761928,0.192751,1.46473,1.17202
ENSG00000165152,0.270601,1.84209,-2.23769,-0.27973
ENSG00000165171,0.608044,1.89902,0.474711,1.67848
ENSG00000165181,-0.839705,1.01694,-1.43324,-0.294374
ENSG00000165209,1.71336,0.488977,0.488977,0.691518
ENSG00000165238,-2.07447,-0.225555,-0.544039,-0.544185
ENSG00000165244,1.45119,-0.171587,-2.22544,-1.69495
ENSG00000165264,-1.42821,0.206099,0.206099,0.291468
ENSG00000165271,2.67602,0.231771,0.246701,0.338331
ENSG00000165272,2.66213,0.0219758,-1.16777,-0.810202
ENSG00000165275,0.986753,0.393841,-0.45493,-0.0431962
ENSG00000165280,4.51986,2.50168,3.20532,4.03546
ENSG00000165355,-0.443268,0.42723,-1.96585,-1.08797
ENSG00000165389,0.655143,-0.93591,0.0322629,-0.638975
ENSG00000165392,1.45165,0.408537,0.416829,0.583622
ENSG00000165406,-0.23029,-0.440834,-0.0967307,-0.380116
ENSG00000165409,-1.31633,-0.183839,-0.530404,-0.505046
ENSG00000165410,2.2824,2.5207,2.5207,3.56481
ENSG00000165416,-0.421407,-0.0699456,2.16054,1.47827
ENSG00000165424,-1.67693,0.718045,1.05217,1.25173
ENSG00000165434,-3.16872,-3.61458,-3.89087,-5.30715
ENSG00000165457,-0.260851,-1.10842,-1.11256,-1.57047
ENSG00000165475,-0.491721,-1.18828,-0.248737,-1.01612
ENSG00000165476,3.73802,2.57476,-0.220113,1.66499
ENSG00000165487,-1.75433,-0.222347,-2.05089,-1.60742
ENSG00000165490,-0.181258,-0.00519322,0.566842,0.397146
ENSG00000165501,0.0316001,-1.94616,-3.83616,-4.08872
ENSG00000165502,1.99207,0.735102,-0.0032025,0.517531
ENSG00000165512,-0.575598,-0.0210484,-0.0210484,-0.029767
ENSG00000165516,-1.02825,0.271016,-1.69077,-1.00392
ENSG00000165526,-0.192214,-1.61146,-0.675965,-1.61745
ENSG00000165533,-1.76076,-0.500438,-0.500438,-0.707727
ENSG00000165548,1.15526,1.19055,-1.2005,-0.00702984
ENSG00000165555,-3.77333,-1.82166,-1.84927,-2.59574
ENSG00000165568,-0.860064,1.10759,-0.262483,0.59758
ENSG00000165572,-1.01165,-0.453728,0.372766,-0.0572488
ENSG00000165609,-2.30219,-2.02345,1.4202,-0.426564
ENSG00000165617,-0.0913635,-0.0168565,0.604958,0.41585
ENSG00000165626,-0.359838,0.357461,1.19568,1.09824
ENSG00000165632,-0.6254,-0.0232581,0.52266,0.35313
ENSG00000165633,1.56079,1.18758,-0.767086,0.297334
ENSG00000165637,0.197673,0.48471,0.48471,0.685483
ENSG00000165644,0.326072,0.517254,0.158728,0.477992
ENSG00000165650,-2.35878,-2.18638,-2.46821,-3.29129
ENSG00000165661,-0.348843,0.802969,1.62325,1.71559
ENSG00000165671,-0.364588,-0.506661,0.95674,0.318254
ENSG00000165678,3.67097,1.07237,1.84727,2.06449
ENSG00000165682,-0.610053,0.619005,0.177335,0.563097
ENSG00000165684,1.57629,0.905492,0.683185,1.12336
ENSG00000165688,1.04416,1.39537,2.47258,2.73506
ENSG00000165689,-1.19304,-2.40225,1.39537,-0.711967
ENSG00000165698,1.49154,-0.443828,-0.888856,-0.94235
ENSG00000165699,0.631675,0.211306,0.279033,0.346722
ENSG00000165714,0.881369,1.62959,-2.52913,-0.636075
ENSG00000165716,0.242063,-3.86418,1.4039,-1.73968
ENSG00000165730,2.77422,3.77742,3.12178,4.87847
ENSG00000165731,0.333795,1.52507,1.79715,2.34917
ENSG00000165733,-0.239543,0.159455,0.185689,0.244054
ENSG00000165752,1.83908,0.0802688,1.07759,0.818732
ENSG00000165801,-1.06521,0.128918,-0.155665,-0.0189125
ENSG00000165802,0.478944,-1.28322,-0.760228,-1.44493
ENSG00000165804,-0.622683,-0.701323,-1.50008,-1.55663
ENSG00000165806,2.14981,2.24186,1.06347,2.33722
ENSG00000165810,0.813713,0.257599,-0.505519,-0.175306
ENSG00000165813,1.83131,0.824009,0.824009,1.16532
ENSG00000165819,-0.445275,1.48846,-0.430074,0.748395
ENSG00000165828,0.961029,-1.06892,-0.396911,-1.0365
ENSG00000165832,-2.02093,1.16416,0.62125,1.26247
ENSG00000165861,2.09285,0.94454,2.05438,2.12055
ENSG00000165886,-2.26483,0.110771,-1.31742,-0.853228
ENSG00000165891,-0.720495,-1.27849,1.19531,-0.0588157
ENSG00000165905,9.0442,2.61364,-2.06508,0.387891
ENSG00000165914,2.46625,-0.0174172,1.51463,1.05869
ENSG00000165915,-3.52609,-1.55789,-2.63094,-2.96195
ENSG00000165916,-2.82643,-2.35304,-2.12733,-3.16811
ENSG00000165923,1.32462,1.9499,1.17359,2.20864
ENSG00000165929,0.371354,0.233019,-0.00292731,0.1627
ENSG00000165934,-0.119424,0.69232,0.659555,0.95592
ENSG00000165943,1.98589,-0.458535,0.0593384,-0.282275
ENSG00000165959,-0.430887,1.15086,-0.209279,0.665802
ENSG00000165983,-3.43429,-2.79066,1.66785,-0.793946
ENSG00000165985,-2.64268,-1.90494,-1.30172,-2.26745
ENSG00000165996,2.38589,-0.656177,-0.612576,-0.897143
ENSG00000165997,6.01173,4.496,3.92233,5.95266
ENSG00000166004,-0.710495,1.155,1.155,1.63342
ENSG00000166016,1.64152,1.84411,2.1847,2.8488
ENSG00000166024,-0.501082,-0.695596,-0.695596,-0.983721
ENSG00000166025,-2.34728,-0.0263086,1.1855,0.81967
ENSG00000166033,1.36988,-1.65396,1.10723,-0.386597
ENSG00000166035,2.88101,2.34275,0.308419,1.87466
ENSG00000166037,1.50547,1.15763,1.0765,1.57976
ENSG00000166046,2.37799,1.62511,-0.866612,0.53634
ENSG00000166073,-0.423316,-0.309034,1.01952,0.502386
ENSG00000166086,1.5088,2.99978,0.787389,2.67793
ENSG00000166091,-1.02911,-0.350233,-1.60499,-1.38255
ENSG00000166123,3.22497,-0.225951,0.108634,-0.0829557
ENSG00000166130,-1.1298,0.332851,0.102773,0.308033
ENSG00000166133,0.0177861,-0.109299,-1.0605,-0.827173
ENSG00000166135,-0.721594,-1.67661,-5.63852,-5.17258
ENSG00000166136,-0.646943,-0.250326,-0.250326,-0.354014
ENSG00000166140,2.99432,2.56159,-0.687181,1.32541
ENSG00000166145,-0.978567,0.19528,0.580505,0.548563
ENSG00000166164,0.0653618,-0.349554,-0.125069,-0.335609
ENSG00000166165,7.15336,1.57764,-5.75239,-2.952
ENSG00000166166,6.9151,1.70026,1.57938,2.31905
ENSG00000166170,6.97854,6.51544,6.58286,9.26189
ENSG00000166188,1.02651,0.188298,-1.58586,-0.988226
ENSG00000166189,-0.0712508,-0.637298,-0.572094,-0.855169
ENSG00000166192,2.23776,0.555735,0.555735,0.785928
ENSG00000166197,3.76433,-0.171073,0.670411,0.353086
ENSG00000166200,2.64417,1.65826,1.16001,1.99282
ENSG00000166224,0.308205,1.38805,1.38491,1.96078
ENSG00000166225,1.69988,-0.8412,-4.07614,-3.47709
ENSG00000166226,0.892768,0.395924,2.50932,2.05432
ENSG00000166228,0.581,-0.361421,-0.237399,-0.42343
ENSG00000166250,-0.0297463,0.583808,-0.0682125,0.364581
ENSG00000166260,1.79315,0.218357,-3.74136,-2.49114
ENSG00000166262,2.45321,-1.75837,-1.18466,-2.08104
ENSG00000166263,3.76681,1.90043,0.815222,1.92026
ENSG00000166265,1.2273,2.28104,-2.28104,3.14018e-16
ENSG00000166272,-5.55602,-2.72613,0.281601,-1.72854
ENSG00000166275,2.8075,2.07134,4.91055,4.93694
ENSG00000166278,-10.5089,-10.6827,-1.26994,-8.45179
ENSG00000166295,-0.0879936,0.199109,0.601144,0.565864
ENSG00000166313,1.93175,0.590398,-0.110543,0.339308
ENSG00000166321,1.00556,1.08749,0.973943,1.45765
ENSG00000166323,1.08986,0.13344,0.13344,0.188713
ENSG00000166326,1.92652,-1.23105,-0.398823,-1.15249
ENSG00000166333,-0.0348039,-1.49058,-2.51023,-2.829
ENSG00000166337,2.909,-2.70466,2.19555,-0.359996
ENSG00000166341,-0.398039,-2.30395,-1.77774,-2.88618
ENSG00000166348,-0.577996,-1.28633,1.28633,0
ENSG00000166377,-1.50078,-1.77846,-1.57602,-2.37197
ENSG00000166387,-1.32645,-0.362169,-0.563451,-0.654513
ENSG00000166394,0.0834417,-0.426399,-0.00390267,-0.304269
ENSG00000166401,-0.202631,0.0441887,-0.394425,-0.247654
ENSG00000166405,0.846699,0.213324,-0.850707,-0.450697
ENSG00000166411,-3.85058,-0.572709,0.424769,-0.10461
ENSG00000166428,-0.210545,-1.86179,-2.06856,-2.77917
ENSG00000166435,-3.12613,-3.0315,-3.04162,-4.29434
ENSG00000166436,0.950296,1.11101,1.52487,1.86385
ENSG00000166439,-2.10193,0.266834,-3.28532,-2.13439
ENSG00000166441,0.523121,1.1497,1.94459,2.18799
ENSG00000166444,1.41846,1.36383,0.0114948,0.972504
ENSG00000166446,-0.112864,0.768733,0.930996,1.20189
ENSG00000166451,0.548219,1.06744,1.16798,1.58068
ENSG00000166452,0.664909,0.505709,1.76556,1.60603
ENSG00000166454,0.0895771,-0.116778,-0.116778,-0.165149
ENSG00000166455,1.03045,0.666411,-0.760713,-0.0666811
ENSG00000166471,-1.09491,-0.855836,-0.86276,-1.21523
ENSG00000166478,0.173446,0.751304,0.751304,1.0625
ENSG00000166483,0.767978,0.528372,0.114434,0.454533
ENSG00000166501,1.11757,1.05873,2.02611,2.18131
ENSG00000166503,-3.22128,-0.160695,2.60572,1.72889
ENSG00000166507,-0.373403,0.350078,0.350078,0.495085
ENSG00000166526,0.354793,0.595108,1.53165,1.50384
ENSG00000166529,0.223357,-0.735683,-0.065224,-0.566327
ENSG00000166535,-0.261637,-0.259663,0.939056,0.480403
ENSG00000166546,2.96809,2.17159,1.05288,2.28005
ENSG00000166548,2.68527,1.71996,2.00775,2.63589
ENSG00000166557,-1.89727,-0.329275,-0.644571,-0.688613
ENSG00000166562,-2.76543,-1.80633,-2.32357,-2.92028
ENSG00000166578,1.45696,1.44357,0.492575,1.36906
ENSG00000166579,-0.338085,-2.0284,-1.4112,-2.43216
ENSG00000166582,1.21558,0.953993,0.751301,1.20583
ENSG00000166598,2.97265,3.22199,-0.49449,1.92863
ENSG00000166669,-1.02876,0.540664,0.195159,0.520305
ENSG00000166676,0.631693,-1.7064,0.278537,-1.00965
ENSG00000166682,-0.787976,-0.0551136,1.27267,0.860942
ENSG00000166689,4.58985,2.0999,2.01115,2.90696
ENSG00000166704,1.2144,0.407425,-0.108143,0.211624
ENSG00000166734,-0.725183,1.45535,1.45535,2.05818
ENSG00000166743,2.43741,2.52824,3.80055,4.47513
ENSG00000166750,0.387193,0.0985431,0.253532,0.248954
ENSG00000166762,2.49431,-0.412005,3.4605,2.15561
ENSG00000166770,-2.57998,-2.92011,2.88146,-0.0273287
ENSG00000166793,5.09519,4.38211,4.38211,6.19723
ENSG00000166796,-0.430334,-0.50546,2.09864,1.12655
ENSG00000166801,-1.23298,0.576384,0.594064,0.827632
ENSG00000166803,3.61675,2.09575,2.09575,2.96384
ENSG00000166813,2.59037,-0.186905,-0.186905,-0.264323
ENSG00000166821,-2.07367,-1.09358,-1.09358,-1.54655
ENSG00000166822,1.058,-0.360055,1.28085,0.6511
ENSG00000166823,1.97215,0.777724,1.31554,1.48016
ENSG00000166825,-1.13595,-1.70741,-1.00547,-1.91829
ENSG00000166839,-0.933882,-1.44911,0.0758163,-0.971063
ENSG00000166845,1.48099,0.505302,0.312281,0.578119
ENSG00000166847,-1.41212,-1.35461,-1.27935,-1.8625
ENSG00000166851,-1.31595,-0.57143,1.10054,0.374134
ENSG00000166863,1.10815,0.479662,-1.44284,-0.68107
ENSG00000166866,0.608986,-1.14312,-0.355831,-1.05992
ENSG00000166881,2.79642,2.26114,2.10253,3.08558
ENSG00000166888,-4.06218,-1.40936,0.770075,-0.452042
ENSG00000166889,1.93219,1.66677,1.66941,2.35904
ENSG00000166896,0.893136,0.963271,0.898439,1.31643
ENSG00000166900,1.62427,-1.19522,1.1159,-0.0560852
ENSG00000166912,1.45275,1.40405,1.72092,2.20969
ENSG00000166913,-5.67633,4.36497,3.63992,5.66032
ENSG00000166922,-3.63486,-0.023064,1.297,0.900809
ENSG00000166925,0.409853,-1.62717,-1.63152,-2.30424
ENSG00000166927,-0.378298,-0.652792,-0.280772,-0.660129
ENSG00000166928,0.399984,-0.76073,0.275842,-0.342868
ENSG00000166938,0.934431,1.44519,2.03234,2.45899
ENSG00000166946,-2.49082,-3.68458,2.57936,-0.781504
ENSG00000166949,-0.0790502,-2.15518,-2.15518,-3.04788
ENSG00000166963,-5.81445,-6.0531,-5.34798,-8.06178
ENSG00000166965,-3.79488,-1.67524,-1.75138,-2.42299
ENSG00000166971,1.08336,-1.49668,-1.69732,-2.2585
ENSG00000166974,0.226161,-0.0929675,1.31253,0.86236
ENSG00000166979,0.553076,-0.117541,-0.287847,-0.286653
ENSG00000166987,0.416915,0.486222,1.31958,1.2769
ENSG00000166997,2.58304,0.325021,-0.983674,-0.465738
ENSG00000167005,-2.98262,-1.25734,-1.25092,-1.77361
ENSG00000167034,-2.81336,-0.714751,0.198165,-0.365281
ENSG00000167077,2.16176,1.21817,0.628398,1.30572
ENSG00000167083,-0.379927,0.871865,0.871865,1.233
ENSG00000167088,0.944046,1.11109,1.11109,1.57132
ENSG00000167094,-4.0208,-2.38708,-2.80458,-3.67106
ENSG00000167100,-0.0518667,1.5527,-0.687408,0.611856
ENSG00000167105,-0.603069,-0.0721397,1.0052,0.659773
ENSG00000167106,0.488567,-2.04422,-0.277148,-1.64146
ENSG00000167107,-3.03664,-4.13425,-2.51137,-4.69916
ENSG00000167110,-3.82729,1.16845,1.1629,1.64851
ENSG00000167112,5.96407,1.65267,1.65267,2.33723
ENSG00000167113,2.82441,0.821626,1.65267,1.74959
ENSG00000167114,-5.24393,-1.84056,-1.04023,-2.03702
ENSG00000167118,1.08094,-0.592093,0.254615,-0.238633
ENSG00000167182,1.74616,0.533912,0.380919,0.646883
ENSG00000167183,-0.86112,0.0970472,-0.35395,-0.181658
ENSG00000167186,-1.68422,-0.545626,-0.430088,-0.689934
ENSG00000167196,-0.397677,-1.20843,-1.0419,-1.59123
ENSG00000167202,1.00322,-0.0795744,-0.0795744,-0.112535
ENSG00000167207,3.37922,3.26826,7.24347,7.43291
ENSG00000167208,-2.01475,3.02231,-3.03906,-0.0118408
ENSG00000167210,1.42713,-0.573893,-0.574424,-0.811983
ENSG00000167216,-2.80725,-2.90479,2.12919,-0.548436
ENSG00000167220,1.8209,-1.25828,-1.33857,-1.83625
ENSG00000167257,0.166264,1.94351,1.94351,2.74854
ENSG00000167261,4.36698,1.30115,-2.35183,-0.742945
ENSG00000167264,4.67836,4.68069,4.86742,6.75153
ENSG00000167272,-0.0913511,0.749583,-1.58516,-0.590839
ENSG00000167280,-0.568123,0.921323,1.14792,1.46318
ENSG00000167291,1.52768,0.667709,0.341134,0.71336
ENSG00000167302,2.94872,-0.0609451,-0.769705,-0.587358
ENSG00000167315,-0.950319,-0.44148,-0.44148,-0.624346
ENSG00000167325,-0.28485,-0.448135,0.0362668,-0.291234
ENSG00000167333,0.817099,1.02669,0.637497,1.17676
ENSG00000167363,-1.58615,-1.16394,0.0744145,-0.770409
ENSG00000167371,1.47375,-1.96252,1.90327,-0.0418928
ENSG00000167377,1.43936,-0.669387,-1.83516,-1.77098
ENSG00000167378,0.681728,-0.242503,-0.214132,-0.32289
ENSG00000167380,1.32548,0.149464,0.572573,0.510557
ENSG00000167384,-0.0939467,0.551906,0.54746,0.777369
ENSG00000167394,1.4939,0.592299,1.21557,1.27836
ENSG00000167395,2.41896,1.73267,0.392821,1.50295
ENSG00000167397,1.29517,0.190667,1.17599,0.966373
ENSG00000167434,-0.264369,-0.543678,-2.25282,-1.97742
ENSG00000167447,-1.74754,-1.60613,-0.119102,-1.21992
ENSG00000167461,-0.789261,-0.432683,-0.636258,-0.755855
ENSG00000167468,0.0637037,0.16244,0.611183,0.547034
ENSG00000167476,-1.35506,1.63648,-1.63648,-3.14018e-16
ENSG00000167483,-2.2526,-0.543086,-0.182797,-0.513277
ENSG00000167487,-3.21431,-2.37091,-0.472446,-2.01055
ENSG00000167515,7.32523,1.36003,-1.29824,0.0436906
ENSG00000167523,7.00751,4.56306,-1.20086,2.37744
ENSG00000167526,5.23896,-3.88094,-3.88094,-5.48848
ENSG00000167528,-1.68007,-0.967392,-0.656417,-1.14821
ENSG00000167535,0.444647,0.326458,-0.669529,-0.242588
ENSG00000167550,-1.69582,0.658788,-1.45673,-0.56423
ENSG00000167554,-2.45549,-0.466779,-0.362949,-0.586706
ENSG00000167555,-0.493095,-2.14346,-1.84635,-2.82122
ENSG00000167562,-1.03595,0.148481,-0.172893,-0.0172625
ENSG00000167578,-0.437366,0.213485,-0.0802284,0.0942268
ENSG00000167588,-0.23879,1.20744,-1.20744,1.57009e-16
ENSG00000167595,-0.654458,-1.43446,-1.02004,-1.73559
ENSG00000167600,-0.151833,0.467041,0,0.330248
ENSG00000167601,2.10406,0.561561,-1.64669,-0.767299
ENSG00000167604,0.761057,0.150929,-0.263589,-0.0796624
ENSG00000167613,-1.44307,0.528963,-0.0109301,0.366304
ENSG00000167615,-1.23911,2.41898,-1.43365,0.696734
ENSG00000167625,-0.972123,-0.963842,-0.963842,-1.36308
ENSG00000167632,0.748813,-0.164631,1.17268,0.7128
ENSG00000167637,2.0155,-0.919762,1.98256,0.751512
ENSG00000167641,0.698584,1.97026,2.25813,2.98993
ENSG00000167645,-1.24743,-0.393405,-0.227848,-0.439292
ENSG00000167657,-0.651421,-0.32871,-0.235431,-0.398908
ENSG00000167658,1.70708,1.18448,0.762076,1.37643
ENSG00000167664,-0.571322,2.53491,2.371,3.469
ENSG00000167670,0.965832,0.510791,0.395542,0.640874
ENSG00000167671,0.354274,1.49474,2.39565,2.75092
ENSG00000167674,-0.0853203,0.753169,0.139475,0.631195
ENSG00000167680,3.01182,-0.580099,-0.874125,-1.02829
ENSG00000167685,0.033853,-0.364326,-0.321463,-0.484926
ENSG00000167700,1.23876,-0.440335,0.739159,0.211301
ENSG00000167701,-1.28258,0.400174,1.64388,1.44537
ENSG00000167702,2.07743,2.17123,2.19733,3.08904
ENSG00000167703,0.400976,0.140147,0.140147,0.198198
ENSG00000167705,-5.90625,-1.72943,-1.72943,-2.44579
ENSG00000167711,2.89881,0.425648,-0.390323,0.0249786
ENSG00000167720,-2.63587,-1.21993,-1.21993,-1.72525
ENSG00000167723,0.507054,0.256266,0.971456,0.86813
ENSG00000167747,-0.757803,-0.322417,-0.320687,-0.454743
ENSG00000167748,-1.27937,-0.0786734,-1.36691,-1.02218
ENSG00000167766,0.778794,1.00571,0.479459,1.05017
ENSG00000167767,2.15352,-0.76474,1.43514,0.474044
ENSG00000167768,1.04712,0.716473,0.712276,1.01028
ENSG00000167770,-1.96873,-4.04625,-3.32884,-5.21498
ENSG00000167775,-0.238456,1.3971,-0.935097,0.326687
ENSG00000167778,0.324284,1.71308,-1.07183,0.45343
ENSG00000167780,-0.223736,-0.999925,-0.999925,-1.41411
ENSG00000167785,0.00575887,-0.810555,-1.37691,-1.54677
ENSG00000167792,-0.0768437,0.494344,0.494344,0.699108
ENSG00000167797,-0.291232,-0.316373,-0.195719,-0.362104
ENSG00000167799,1.89212,-1.24458,0.911941,-0.235208
ENSG00000167815,-0.296009,-1.1377,0.686793,-0.318836
ENSG00000167840,1.89479,0.890784,1.16975,1.45702
ENSG00000167842,4.61376,1.92461,0.183631,1.49075
ENSG00000167850,0.0148836,1.53517,-0.00152447,1.08445
ENSG00000167851,0.255135,-0.303399,0.471446,0.118827
ENSG00000167861,-0.657337,-0.850264,1.73043,0.622369
ENSG00000167862,-2.39402,1.49305,1.49305,2.11149
ENSG00000167863,-1.381,0.858203,0.858203,1.21368
ENSG00000167874,-2.28125,-0.835616,-1.31343,-1.5196
ENSG00000167895,0.814055,-0.700026,0.842769,0.100934
ENSG00000167900,-1.88988,-0.143288,0.638181,0.349942
ENSG00000167904,-0.965424,-0.77095,1.0422,0.191802
ENSG00000167914,3.75808,2.33945,-5.16249,-1.99619
ENSG00000167920,0.139256,-1.58289,-0.414118,-1.4121
ENSG00000167930,-0.0676673,-0.14426,0.0269289,-0.0829653
ENSG00000167962,-1.94334,-1.90455,-1.21947,-2.20902
ENSG00000167965,-2.65669,3.78836,4.94337,6.17426
ENSG00000167972,-1.18446,-1.27822,1.15971,-0.0838008
ENSG00000167977,0.707359,-1.72668,0.509866,-0.860418
ENSG00000167978,-1.06366,0.0325891,0.20367,0.16706
ENSG00000167981,-0.535041,0.456411,0.851615,0.924914
ENSG00000167984,0.292283,1.26611,-0.826014,0.311197
ENSG00000167987,-0.450099,0.807268,-1.66716,-0.608036
ENSG00000167992,1.72696,-1.10503,-1.60271,-1.91466
ENSG00000167995,2.76917,0.836833,0.836833,1.18346
ENSG00000168004,-0.890215,0.500977,0.766913,0.896534
ENSG00000168005,1.03517,1.42697,0.259083,1.19222
ENSG00000168016,4.67573,1.93815,-1.33295,0.427941
ENSG00000168026,-0.128882,0.491466,0.892626,0.978701
ENSG00000168028,-0.584641,0.15999,0.866585,0.725898
ENSG00000168036,1.96799,1.63955,-1.93082,-0.205958
ENSG00000168038,-0.867396,-0.736416,-4.5337,-3.72653
ENSG00000168040,-0.63375,-2.41053,-2.25297,-3.29759
ENSG00000168056,2.70628,1.27695,1.27695,1.80587
ENSG00000168062,2.70653,-3.68497,-1.81733,-3.89072
ENSG00000168066,1.28484,-2.32562,-2.32562,-3.28893
ENSG00000168071,1.04982,0.359188,0.693602,0.744435
ENSG00000168079,-0.667314,-2.12153,0.576675,-1.09238
ENSG00000168092,-2.25383,-1.27028,-2.44734,-2.62875
ENSG00000168096,2.87944,0.907931,1.43696,1.65809
ENSG00000168101,-1.83545,1.31151,1.57633,2.04201
ENSG00000168118,1.14598,2.03229,-0.166817,1.31909
ENSG00000168137,0.594578,1.28101,1.28101,1.81162
ENSG00000168140,-3.40035,2.24756,-2.16322,0.0596392
ENSG00000168159,-0.45579,0.0739157,-0.0802739,-0.00449592
ENSG00000168172,0.938328,0.854443,0.854443,1.20837
ENSG00000168175,1.0526,3.05653,2.58635,3.99012
ENSG00000168216,-3.55618,2.09087,-0.798998,0.913494
ENSG00000168228,0.146174,-0.724115,-0.724115,-1.02405
ENSG00000168229,-0.9173,-0.55832,0.309743,-0.17577
ENSG00000168234,0.626505,0.971397,-0.552589,0.296142
ENSG00000168237,10.3428,7.7096,7.7096,10.903
ENSG00000168246,0.850371,1.01125,0.48945,1.06116
ENSG00000168255,-1.31323,0.77169,0.312376,0.766551
ENSG00000168268,8.16534,5.86406,21.263,19.1818
ENSG00000168291,0.543855,-2.92093,-0.442228,-2.37811
ENSG00000168297,1.63504,0.709804,1.23975,1.37854
ENSG00000168300,-3.11466,-0.34184,-1.60598,-1.37732
ENSG00000168306,-2.1126,-0.850437,0.585457,-0.187369
ENSG00000168309,0.212529,-1.06527,-0.499323,-1.10633
ENSG00000168329,-0.753129,-0.269987,-0.021737,-0.20628
ENSG00000168374,2.461,1.5495,2.35062,2.7578
ENSG00000168385,0.803034,0.805098,-1.01999,-0.151954
ENSG00000168393,-1.41983,-0.972624,-2.40106,-2.38556
ENSG00000168394,-1.10405,-2.60924,-1.37957,-2.82051
ENSG00000168395,1.3157,2.05598,1.40589,2.44791
ENSG00000168397,1.75035,1.29926,0.349073,1.16555
ENSG00000168404,-3.43084,-1.88768,1.88256,-0.00362106
ENSG00000168411,3.4293,2.62901,-2.50963,0.0844172
ENSG00000168427,-1.21789,-1.39106,-0.175479,-1.10771
ENSG00000168434,-1.25265,-0.233511,-0.233511,-0.330235
ENSG00000168438,-0.126481,-0.482208,-0.306787,-0.557903
ENSG00000168476,0.018199,0.101401,0.00429206,0.074736
ENSG00000168487,3.0299,0.117602,0.957941,0.760523
ENSG00000168528,-2.16068,-2.69904,-5.75232,-5.97602
ENSG00000168538,0.867107,1.08638,0.585936,1.18251
ENSG00000168569,-1.93953,-1.52681,-0.279017,-1.27691
ENSG00000168575,-1.83135,1.08956,0.516757,1.13584
ENSG00000168591,-1.09213,-1.61365,-1.61365,-2.28204
ENSG00000168610,-1.55925,-0.479105,-0.2444,-0.511595
ENSG00000168615,-1.65858,-0.936387,-2.37873,-2.34414
ENSG00000168653,-3.29488,-1.67008,0.360203,-0.926222
ENSG00000168661,1.30918,1.4465,1.45516,2.05179
ENSG00000168710,1.55722,1.22162,1.22162,1.72763
ENSG00000168724,0.889377,0.088112,1.0004,0.769695
ENSG00000168734,-1.22932,0.756058,0.756058,1.06923
ENSG00000168765,1.61266,1.32231,1.5233,2.01215
ENSG00000168769,0.907861,2.70299,2.21781,3.47953
ENSG00000168778,-3.8536,-3.01698,0.385138,-1.86099
ENSG00000168785,-0.308421,-0.0218714,-1.44679,-1.0385
ENSG00000168792,-6.87631,1.16672,-0.621117,0.385798
ENSG00000168795,-0.567505,-0.886916,-2.23097,-2.20468
ENSG00000168803,4.53008,2.6563,4.36265,4.96314
ENSG00000168807,2.34446,-0.649495,-4.60665,-3.71666
ENSG00000168811,0.0608157,-1.05874,0.293623,-0.541017
ENSG00000168813,-3.15096,-0.734699,0.696813,-0.0267892
ENSG00000168818,0.567592,3.80579,-0.486644,2.34699
ENSG00000168824,-1.6678,0.878525,2.31699,2.25957
ENSG00000168827,1.48565,-1.23599,-3.39145,-3.27209
ENSG00000168874,-0.523219,-0.464742,-1.74402,-1.56183
ENSG00000168876,-1.06412,1.6199,1.6199,2.29088
ENSG00000168899,-0.40115,0.931685,0.0425447,0.688884
ENSG00000168904,1.12151,0.685273,0.70916,0.986013
ENSG00000168906,-0.322487,0.0499081,-2.11953,-1.46344
ENSG00000168924,0.152161,1.06222,-0.819434,0.171679
ENSG00000168936,-0.741355,0.139902,0.111435,0.177722
ENSG00000168958,2.43508,-0.69299,1.47251,0.551202
ENSG00000168961,-0.0332782,-0.255448,-0.0126759,-0.189592
ENSG00000168993,-1.96146,-0.348092,1.2413,0.631591
ENSG00000168994,-1.16368,-2.21141,-0.794628,-2.12559
ENSG00000168995,1.81934,-3.32665,-2.64251,-4.22083
ENSG00000169016,-2.19693,-0.953259,-0.567,-1.07499
ENSG00000169019,2.4385,5.91377,-2.55814,2.37279
ENSG00000169021,0.29477,0.57048,-0.196055,0.264758
ENSG00000169026,-2.12476,-4.39044,-1.45638,-4.13433
ENSG00000169047,1.13187,1.61636,0.824548,1.72598
ENSG00000169062,-4.22626,-2.79056,-1.65064,-3.1404
ENSG00000169085,-3.08337,-0.500424,-2.47469,-2.10373
ENSG00000169087,-1.39165,0.103594,1.65311,1.24218
ENSG00000169116,0.111877,-1.29992,0.120813,-0.833758
ENSG00000169118,3.34988,-1.13434,3.68152,1.80112
ENSG00000169136,-2.74269,0.219524,0.0677275,0.203118
ENSG00000169139,0.908095,0.968404,0.968404,1.36953
ENSG00000169155,-0.140084,3.31712,-2.24709,0.756625
ENSG00000169169,-2.05958,-1.08709,0.764352,-0.228207
ENSG00000169189,0.675371,0.0885557,0.684339,0.546519
ENSG00000169223,-0.072657,-0.317688,-0.150799,-0.331271
ENSG00000169228,0.0123643,-1.38138,2.02675,0.456345
ENSG00000169230,0.328005,1.27261,1.57431,2.01307
ENSG00000169231,1.31929,1.05611,1.05611,1.49357
ENSG00000169241,1.67114,0.385761,-0.636849,-0.177546
ENSG00000169242,0.276692,1.1821,0.0882568,0.898277
ENSG00000169246,-1.73366,-0.669607,-0.417893,-0.768979
ENSG00000169247,-2.31834,-1.52311,-0.92358,-1.73007
ENSG00000169251,-4.06364,-2.09438,-1.20768,-2.33491
ENSG00000169252,-0.0960915,-0.0459862,0.204599,0.112156
ENSG00000169255,-3.92531,-2.01984,-3.27141,-3.74148
ENSG00000169258,0.562474,-0.627669,0.798559,0.120837
ENSG00000169282,-0.606977,0.481713,-0.481713,3.92523e-17
ENSG00000169288,0.675193,-0.449299,-0.268402,-0.507492
ENSG00000169291,3.75259,1.59483,0.472041,1.4615
ENSG00000169299,-1.87016,-2.79547,-3.34814,-4.34419
ENSG00000169313,1.2425,0.946992,0.791202,1.22909
ENSG00000169330,-1.26381,-0.770221,-2.54918,-2.34717
ENSG00000169359,-1.05203,-1.15245,-1.43438,-1.82916
ENSG00000169371,-1.49802,-0.799799,0.590386,-0.148077
ENSG00000169372,-2.10917,1.30614,1.30614,1.84716
ENSG00000169403,1.00886,1.87106,1.87106,2.64608
ENSG00000169410,-2.49073,-1.04639,1.88021,0.589599
ENSG00000169413,-0.875817,-0.212841,1.26277,0.742415
ENSG00000169429,0.247484,-0.743284,0.839456,0.0680041
ENSG00000169432,-2.71633,-1.90121,-0.445564,-1.65942
ENSG00000169439,-0.568106,0.333279,-0.834756,-0.354598
ENSG00000169490,-0.22729,-0.72444,-0.00939408,-0.518899
ENSG00000169499,1.3757,-2.30085,0.642567,-1.17258
ENSG00000169504,2.23901,1.11617,-0.24415,0.616609
ENSG00000169508,-1.67717,0.305565,0.0885985,0.278716
ENSG00000169519,-2.48575,-3.18847,-1.06525,-3.00783
ENSG00000169567,-1.12895,-0.693248,0.40058,-0.206947
ENSG00000169570,-0.893606,-0.641726,-0.7177,-0.96126
ENSG00000169583,-0.96076,1.15527,1.86042,2.13241
ENSG00000169592,7.67254,7.56289,6.25589,9.77135
ENSG00000169598,0.93158,-0.345591,0.1127,-0.164679
ENSG00000169599,-0.103758,0.883169,0.883169,1.24899
ENSG00000169607,0.327072,1.09157,1.09157,1.54371
ENSG00000169609,-0.999,1.90174,2.57102,3.16273
ENSG00000169612,-0.512431,0.0093829,0.0461193,0.039246
ENSG00000169621,1.46246,-1.43903,0.270392,-0.826352
ENSG00000169629,-3.09675,-2.0713,-1.47358,-2.50661
ENSG00000169641,1.37731,-0.126506,0.665424,0.381072
ENSG00000169660,0.0152638,1.16714,1.78924,2.09048
ENSG00000169679,0.110214,1.46439,1.46439,2.07096
ENSG00000169683,3.57845,-2.39813,-2.29641,-3.31954
ENSG00000169689,3.50157,-1.63482,-1.83747,-2.45528
ENSG00000169692,0.776371,2.07866,-1.37202,0.499671
ENSG00000169696,2.78785,-1.29858,-1.05897,-1.66704
ENSG00000169710,-3.19817,0.0526184,3.33955,2.39862
ENSG00000169714,-0.808005,-2.10034,1.4224,-0.479379
ENSG00000169715,2.03246,0.915487,0.921748,1.29912
ENSG00000169727,-2.8397,-1.6545,0.596199,-0.748332
ENSG00000169738,3.25869,0.126085,-1.83372,-1.20748
ENSG00000169744,-1.08595,-1.10718,-1.26612,-1.67818
ENSG00000169756,0.645116,1.03854,0.320369,0.960897
ENSG00000169762,-2.48166,-0.680245,-1.25531,-1.36865
ENSG00000169764,0.537142,1.26433,0.73267,1.4121
ENSG00000169826,-0.935641,-0.221516,-0.29163,-0.362849
ENSG00000169860,-0.731093,-0.688423,0.0434479,-0.456066
ENSG00000169871,-0.142709,1.05237,1.02161,1.46652
ENSG00000169885,2.4285,1.23854,5.42743,4.71355
ENSG00000169902,0.479922,0.158082,-0.0596349,0.0696127
ENSG00000169905,1.69553,-0.351134,1.17289,0.581067
ENSG00000169914,-0.0907055,0.0920607,0.611161,0.497253
ENSG00000169919,1.37813,-1.36984,-1.36984,-1.93725
ENSG00000169925,-1.52986,1.09429,-3.17722,-1.47285
ENSG00000169951,5.19573,2.11432,-0.287151,1.29201
ENSG00000169957,5.16492,1.5183,-0.150673,0.967057
ENSG00000169964,-1.62491,-3.35038,-3.35038,-4.73815
ENSG00000169967,0.89314,-1.58909,-0.679811,-1.60435
ENSG00000169991,0.419232,0.731976,-0.350577,0.26969
ENSG00000170004,1.2364,1.47508,3.68938,3.65182
ENSG00000170017,0.608654,-3.01915,0.649151,-1.67585
ENSG00000170027,-0.898137,0.834645,-1.04644,-0.149761
ENSG00000170035,-0.26731,0.587696,-0.173739,0.292712
ENSG00000170037,2.75577,2.35615,1.82792,2.95858
ENSG00000170043,0.297747,-1.30605,4.02024,1.91922
ENSG00000170049,2.39225,2.40231,2.40231,3.39737
ENSG00000170091,-1.92455,1.51333,0.639429,1.52223
ENSG00000170100,-6.62264,-0.736762,1.11246,0.265658
ENSG00000170142,-3.2482,-2.13528,-2.13528,-3.01974
ENSG00000170145,-0.414471,-0.0638489,-0.148832,-0.150388
ENSG00000170175,-0.325459,-0.8254,-0.568389,-0.985557
ENSG00000170185,3.11822,2.35259,1.34894,2.61738
ENSG00000170190,2.73963,0.537763,3.57747,2.90991
ENSG00000170191,1.77969,-0.103058,-0.499893,-0.426351
ENSG00000170209,-5.70144,-4.99097,-3.86031,-6.2588
ENSG00000170222,-1.30639,0.499962,0.499962,0.707053
ENSG00000170234,1.96203,2.6122,1.92529,3.20849
ENSG00000170242,1.15767,-1.3906,-0.821806,-1.5644
ENSG00000170248,-0.50427,-1.30187,-1.22058,-1.78364
ENSG00000170260,-1.83605,-0.155991,0.37618,0.155697
ENSG00000170264,0.469266,0.00803293,0.0582985,0.0469034
ENSG00000170266,0.145668,-0.228118,-0.0504344,-0.196966
ENSG00000170271,2.02736,0.663329,-0.186808,0.336952
ENSG00000170275,-2.04588,2.11546,1.57487,2.60946
ENSG00000170291,3.47761,-3.4554,-3.46686,-4.89478
ENSG00000170293,-2.68238,-1.34467,1.20097,-0.10161
ENSG00000170296,-1.69308,-0.612956,3.42231,1.98651
ENSG00000170322,-0.280673,1.4121,1.60978,2.13679
ENSG00000170325,0.721235,-3.64122,-3.64122,-5.14947
ENSG00000170340,-0.939654,1.93451,1.35752,2.32782
ENSG00000170348,1.74076,-0.268147,0.139619,-0.0908831
ENSG00000170364,1.1457,0.414203,1.33307,1.23551
ENSG00000170379,-0.742663,0.0795176,-0.222445,-0.101065
ENSG00000170385,0.168613,-0.209332,1.8943,1.19145
ENSG00000170396,-1.84042,-1.63409,2.0587,0.300244
ENSG00000170425,1.44926,1.41674,1.53567,2.08767
ENSG00000170430,0.588917,0.544617,0.853833,0.988853
ENSG00000170439,1.50987,0.616298,0.858964,1.04317
ENSG00000170445,-3.38669,-2.22901,-2.22912,-3.15238
ENSG00000170448,2.9935,2.4264,3.43292,4.14316
ENSG00000170456,-1.0511,0.899793,-1.07298,-0.122462
ENSG00000170458,-3.76624,0.968222,1.39979,1.67444
ENSG00000170464,0.473207,1.72856,1.29582,2.13856
ENSG00000170482,-0.85118,-1.60471,-1.29832,-2.05275
ENSG00000170486,0.792808,-0.489436,-0.840601,-0.940478
ENSG00000170502,-2.42474,1.09817,0.168666,0.895787
ENSG00000170509,-4.38059,-2.26252,-4.51786,-4.79446
ENSG00000170540,-0.244456,-0.0947381,-0.0802657,-0.123746
ENSG00000170542,-1.04854,0.563771,-1.44347,-0.622044
ENSG00000170545,0.469161,1.80648,0.0247848,1.2949
ENSG00000170558,-3.98724,-0.663825,-0.154805,-0.578859
ENSG00000170571,-3.71119,-4.6194,-5.33383,-7.038
ENSG00000170581,2.04524,1.91744,1.69763,2.55624
ENSG00000170604,-0.611708,1.09835,1.06375,1.52884
ENSG00000170606,2.23603,-0.855659,-1.94056,-1.97723
ENSG00000170619,1.58813,1.95421,1.32228,2.31683
ENSG00000170627,-2.62317,1.0246,1.05362,1.46952
ENSG00000170631,1.11279,0.993237,0.453168,1.02276
ENSG00000170632,-0.366239,-1.07227,-2.51477,-2.53642
ENSG00000170634,3.21468,2.57377,2.97769,3.92547
ENSG00000170638,2.2284,-0.179819,0.670054,0.346648
ENSG00000170653,3.44833,-3.91776,3.91776,0
ENSG00000170677,1.36661,-0.610565,0.26567,-0.243878
ENSG00000170684,0.51267,0.988894,-0.23132,0.535686
ENSG00000170689,0.210408,-1.64211,-1.6309,-2.31437
ENSG00000170734,-2.88909,-2.19477,-1.64699,-2.71653
ENSG00000170759,-1.58422,-2.72604,-1.01691,-2.64667
ENSG00000170776,-0.101853,-1.91821,-1.58771,-2.47906
ENSG00000170791,-1.80765,-0.286593,-0.450567,-0.521251
ENSG00000170801,1.89005,0.206711,0.592437,0.565083
ENSG00000170832,-1.77629,-0.155862,-0.155862,-0.220422
ENSG00000170837,1.42149,0.979642,-1.04712,-0.0477127
ENSG00000170846,-0.6878,1.83901,-0.764021,0.760135
ENSG00000170852,-1.01639,0.750544,0.25356,0.710009
ENSG00000170854,-2.67533,-1.6004,-0.713824,-1.63641
ENSG00000170855,-0.176783,0.818707,1.66661,1.75739
ENSG00000170873,-0.582966,-0.737195,-3.624,-3.08383
ENSG00000170876,-0.27827,-1.17921,-0.637098,-1.28433
ENSG00000170881,0.100184,0.953902,-0.953902,-7.85046e-17
ENSG00000170889,-0.0132168,0.679465,0.807455,1.05141
ENSG00000170892,1.06633,1.16497,0.239876,0.993374
ENSG00000170899,-4.20768,0.572867,1.1369,1.20899
ENSG00000170903,-0.987428,1.00927,0.881632,1.33707
ENSG00000170906,-1.19173,-1.61952,-1.47872,-2.19079
ENSG00000170915,-0.438348,-0.175014,0.542199,0.259639
ENSG00000170917,0.639013,0.0080004,0.0080004,0.0113143
ENSG00000170949,-0.515263,1.7043,1.82682,2.49688
ENSG00000170954,1.72088,0.374242,0.240119,0.434418
ENSG00000170955,2.1431,0.137232,2.02348,1.52785
ENSG00000171033,0.234528,0.315663,1.44965,1.24826
ENSG00000171045,-1.76967,-0.988665,-0.532399,-1.07555
ENSG00000171049,-1.08447,-1.35689,-0.0495753,-0.994518
ENSG00000171051,2.21356,2.33375,2.2898,3.26934
ENSG00000171055,-0.814769,0.100151,-1.0554,-0.67546
ENSG00000171067,2.94767,1.43108,1.39861,2.00089
ENSG00000171103,-6.48864,-2.92006,-2.99566,-4.18304
ENSG00000171109,0.0182341,0.362694,-0.140432,0.157163
ENSG00000171115,0.250478,-1.21958,-1.21958,-1.72475
ENSG00000171121,-1.47379,-1.40609,-2.31665,-2.63238
ENSG00000171130,0.267811,0.984618,0.320024,0.922521
ENSG00000171135,0.636215,2.45256,-0.427258,1.4321
ENSG00000171160,2.0926,1.99018,2.16183,2.93591
ENSG00000171163,-2.85188,2.35977,2.35977,3.33722
ENSG00000171169,-0.846044,1.22974,1.08887,1.63951
ENSG00000171202,-0.667417,-0.328457,-0.328457,-0.464508
ENSG00000171219,-0.838944,1.36566,-0.587552,0.550204
ENSG00000171222,-1.26169,-1.00145,0.335806,-0.470682
ENSG00000171223,-1.02238,-0.321184,0.321184,0
ENSG00000171236,0.0885639,2.00596,2.00596,2.83685
ENSG00000171241,-0.523051,-0.362007,-0.362007,-0.511955
ENSG00000171262,0.0699946,-2.12844,0.920438,-0.854188
ENSG00000171291,3.39177,1.32188,-0.27401,0.740959
ENSG00000171295,3.60193,-0.325058,-0.850439,-0.831202
ENSG00000171298,0.501451,1.2841,1.30232,1.82888
ENSG00000171302,-0.0590854,0.927561,1.53849,1.74376
ENSG00000171307,-1.00953,0.101497,-1.4021,-0.919667
ENSG00000171310,-0.838997,-2.69299,-0.446931,-2.22026
ENSG00000171311,-1.8112,-0.101497,-1.65396,-1.24129
ENSG00000171314,0.313483,0.493896,-0.21568,0.196729
ENSG00000171316,-2.80623,-2.07115,1.91163,-0.112796
ENSG00000171401,0.0280367,0.203755,0.203661,0.288087
ENSG00000171443,2.72043,1.68371,0.35111,1.43883
ENSG00000171448,-1.75509,-0.455302,-0.402198,-0.606344
ENSG00000171466,-1.27495,-1.24725,-1.24725,-1.76388
ENSG00000171467,-2.17483,-1.64099,-4.35942,-4.24293
ENSG00000171469,0.0538587,-0.312342,-0.288814,-0.425082
ENSG00000171476,-2.39618,-0.162875,-0.248639,-0.290984
ENSG00000171488,1.78408,0.344608,1.37202,1.21384
ENSG00000171497,1.28803,-0.0983024,0.0780902,-0.0142922
ENSG00000171503,0.935158,0.255387,0.111528,0.259449
ENSG00000171530,0.384646,0.841446,0.413386,0.8873
ENSG00000171574,2.93579,1.01845,1.42665,1.72895
ENSG00000171596,-1.18023,-1.70532,-1.06135,-1.95633
ENSG00000171603,-1.35902,-2.10261,0.144896,-1.38432
ENSG00000171606,1.0936,0,-0.452945,-0.320281
ENSG00000171608,-1.30125,1.99126,0.0224742,1.42393
ENSG00000171617,0.618076,-1.065,-0.469535,-1.08508
ENSG00000171621,-0.628166,-1.84285,0.155382,-1.19322
ENSG00000171631,1.21684,1.33377,-1.14672,0.132268
ENSG00000171649,-0.30882,-1.37066,-1.37066,-1.93841
ENSG00000171680,2.92969,0.328031,-0.328031,0
ENSG00000171720,-1.98897,-2.08741,-0.743569,-2.00181
ENSG00000171723,2.43617,0.193226,2.72597,2.06418
ENSG00000171729,-0.289463,-0.549849,0.796227,0.174216
ENSG00000171747,-1.86591,-1.44581,-1.6803,-2.21049
ENSG00000171757,-2.19461,-1.12723,0.161513,-0.682863
ENSG00000171763,-0.192468,-0.582011,-0.582011,-0.823087
ENSG00000171766,-0.0194798,1.14886,0.591601,1.23069
ENSG00000171790,1.39024,-0.676151,-0.0188684,-0.491453
ENSG00000171792,0.859708,0.00405308,-0.5427,-0.380881
ENSG00000171793,1.58355,1.3215,1.20016,1.78309
ENSG00000171798,-1.81869,0.975307,0.158329,0.801602
ENSG00000171806,2.17657,1.95927,1.95927,2.77082
ENSG00000171813,-0.421144,-0.097368,-1.48423,-1.11836
ENSG00000171817,0.987542,1.24072,1.24072,1.75465
ENSG00000171824,0.039227,0.135166,0.72498,0.608215
ENSG00000171848,0.751018,0.464822,0.464822,0.657358
ENSG00000171861,-0.711621,-0.680908,-1.31831,-1.41366
ENSG00000171865,0.116796,-1.1127,-0.999976,-1.49389
ENSG00000171914,0.144019,-0.479484,0.645001,0.117038
ENSG00000171940,1.295,0.0164314,0.166056,0.129038
ENSG00000171953,4.81129,4.46775,1.97557,4.55612
ENSG00000171960,-0.647356,-0.609159,-0.609159,-0.861481
ENSG00000171962,-1.63395,0.790735,3.89002,3.3098
ENSG00000171984,0.266567,-0.139463,-0.183177,-0.228141
ENSG00000171992,0.210596,1.15766,-1.71958,-0.39734
ENSG00000172006,2.33083,1.15539,1.14089,1.62372
ENSG00000172007,-1.5769,0.749253,-1.51535,-0.541713
ENSG00000172009,2.59695,2.79619,2.79619,3.95441
ENSG00000172057,3.13007,1.38304,2.28027,2.59035
ENSG00000172059,1.59642,1.67778,2.72325,3.112
ENSG00000172086,0.026403,-1.19771,-1.19717,-1.69344
ENSG00000172113,3.71518,2.72326,2.97917,4.03223
ENSG00000172123,0.663852,5.65403,3.19177,6.25493
ENSG00000172171,3.93047,1.74285,0.510458,1.59333
ENSG00000172175,-0.629345,0.531904,-1.56346,-0.72942
ENSG00000172197,-0.290774,-1.06325,-1.83042,-2.04613
ENSG00000172243,-1.01034,-1.78964,-1.21691,-2.12595
ENSG00000172247,1.33641,1.54477,0.925629,1.74683
ENSG00000172262,0.551998,-0.431948,-1.47789,-1.35046
ENSG00000172269,-2.12719,-1.37026,-1.46013,-2.00139
ENSG00000172270,1.2218,-0.581917,0.255424,-0.230865
ENSG00000172273,2.23423,1.59343,5.47345,4.99704
ENSG00000172292,-1.04527,-2.76778,1.78549,-0.694586
ENSG00000172301,-1.39025,-2.08312,-2.03901,-2.91479
ENSG00000172315,0.510043,1.26998,1.19671,1.74421
ENSG00000172331,-2.52131,-0.228221,-0.137481,-0.258591
ENSG00000172336,1.63579,-1.47304,-1.45832,-2.07278
ENSG00000172339,0.721292,2.77785,2.7484,3.90765
ENSG00000172340,3.38073,2.74165,1.16272,2.7608
ENSG00000172345,-0.704405,1.3463,1.90566,2.29949
ENSG00000172346,2.08673,1.36382,-3.53438,-1.53482
ENSG00000172348,0.483677,-0.592737,1.73574,0.808226
ENSG00000172354,1.51822,-1.4936,-1.37247,-2.02661
ENSG00000172361,1.7208,-0.999936,-1.78703,-1.97069
ENSG00000172366,2.00683,-1.01566,0.00456677,-0.714954
ENSG00000172367,-1.90616,-2.06863,-2.02346,-2.89355
ENSG00000172375,-2.4489,-1.663,-1.52777,-2.25621
ENSG00000172379,0.579528,-1.16649,0.909076,-0.182022
ENSG00000172403,0.589279,2.15003,-0.778071,0.970123
ENSG00000172426,-1.8191,3.03217,3.03217,4.28813
ENSG00000172432,-0.997522,2.03655,-2.27622,-0.16947
ENSG00000172456,-0.741304,-0.1925,0.505666,0.221442
ENSG00000172466,-1.20126,-1.25327,-0.849217,-1.48668
ENSG00000172469,-1.55966,-1.58607,-1.43692,-2.13758
ENSG00000172500,2.4194,2.04653,2.04653,2.89422
ENSG00000172508,3.60473,2.52711,-0.109046,1.70983
ENSG00000172530,-0.773288,0.804088,-0.0964842,0.500352
ENSG00000172543,-2.0505,-0.154473,-0.412504,-0.400913
ENSG00000172548,-2.24646,-1.98315,-2.14665,-2.9202
ENSG00000172568,1.68316,-2.38614,-1.92295,-3.04698
ENSG00000172590,0.536367,-0.647723,-1.20919,-1.31304
ENSG00000172594,-1.89345,-2.13312,-0.323179,-1.73687
ENSG00000172602,-2.74894,-0.0587402,-0.0363108,-0.0672112
ENSG00000172613,3.92248,2.54693,0.809115,2.37308
ENSG00000172638,1.12432,-1.33919,1.78001,0.311706
ENSG00000172667,0.851435,1.44736,0.830976,1.61102
ENSG00000172687,-0.455486,0.610266,2.88584,2.47212
ENSG00000172716,-0.937656,-0.130046,-0.547421,-0.479042
ENSG00000172728,-1.93884,-2.20078,-2.27072,-3.16183
ENSG00000172732,-2.19725,-1.31266,-0.714158,-1.43318
ENSG00000172738,-1.72152,0.515386,0.851104,0.966254
ENSG00000172757,-1.64591,-0.70324,-0.70324,-0.994531
ENSG00000172766,2.96738,0.628591,4.64682,3.73028
ENSG00000172771,-0.581011,-0.689389,-0.674295,-0.964271
ENSG00000172775,1.65387,1.99637,2.27684,3.02162
ENSG00000172780,0.689097,-1.99982,-1.99982,-2.82817
ENSG00000172795,0.825639,1.35419,2.01843,2.3848
ENSG00000172828,4.44267,-0.374529,0.374529,0
ENSG00000172830,-2.93943,-0.568153,-0.488779,-0.747363
ENSG00000172831,-3.83738,-2.63658,-1.99867,-3.27762
ENSG00000172840,-0.357399,-1.95445,0.54352,-0.997681
ENSG00000172845,4.8866,0.297105,-1.97134,-1.18386
ENSG00000172869,-1.63776,1.32107,-1.81049,-0.34607
ENSG00000172878,-3.92584,0.455616,-3.61212,-2.23198
ENSG00000172889,-1.7522,0.918996,-1.58991,-0.474408
ENSG00000172890,2.25916,1.93871,2.93101,3.44341
ENSG00000172893,1.64889,1.94911,1.88776,2.71308
ENSG00000172922,-4.29559,-4.51185,-4.06317,-6.06345
ENSG00000172927,-1.1519,2.74724,-1.11035,1.15746
ENSG00000172932,0.20441,0.516359,0.644688,0.820984
ENSG00000172940,0.32569,0.260557,1.56284,1.28933
ENSG00000172954,-1.17423,-1.39564,-1.23467,-1.85991
ENSG00000172977,4.21436,4.91141,0.753985,4.00604
ENSG00000172992,-4.04378,-3.58842,-1.73402,-3.76353
ENSG00000173020,-0.426953,-2.12215,-0.410492,-1.79085
ENSG00000173040,-0.583373,-1.99375,0.678012,-0.930369
ENSG00000173064,0.603362,2.22118,-0.899494,0.934576
ENSG00000173083,-1.11068,-0.177832,0.380276,0.14315
ENSG00000173085,-0.361466,0.520288,-1.07605,-0.392984
ENSG00000173110,-1.18977,-1.00259,-1.44809,-1.73289
ENSG00000173113,1.83058,0.994716,0.526056,1.07535
ENSG00000173114,-8.36675,0.962344,-0.962344,-7.85046e-17
ENSG00000173141,1.28871,0.399086,-0.473611,-0.0526971
ENSG00000173156,-3.6257,0.0773729,-0.495134,-0.295402
ENSG00000173171,1.6837,0.780955,1.05611,1.299
ENSG00000173193,-1.46663,-1.10748,0.0577617,-0.74226
ENSG00000173200,-1.77972,-2.54068,-1.79891,-3.06855
ENSG00000173207,1.0446,-1.83164,1.83164,0
ENSG00000173208,-4.34948,-2.84024,-1.1396,-2.81417
ENSG00000173209,-0.350902,0.730356,1.51638,1.58868
ENSG00000173210,0.249182,-0.388206,0.655416,0.188945
ENSG00000173214,-0.912841,-2.49703,-0.739337,-2.28846
ENSG00000173218,-2.18853,1.73794,0.606777,1.65796
ENSG00000173221,-0.99374,-0.458365,0.828045,0.261403
ENSG00000173226,-1.39028,-0.393197,-0.409155,-0.567348
ENSG00000173230,0.736585,-0.3859,1.35342,0.684138
ENSG00000173258,1.13731,-0.28698,0.822891,0.378947
ENSG00000173269,-0.23887,-1.06721,0.825013,-0.171261
ENSG00000173327,-3.69484,-3.62512,-4.17276,-5.51393
ENSG00000173391,-1.40991,-0.902607,-1.21643,-1.49838
ENSG00000173402,4.9381,3.2524,3.31049,4.64066
ENSG00000173409,0.496021,0.214945,-0.0585937,0.110557
ENSG00000173418,-1.43835,-2.05766,-2.05766,-2.90998
ENSG00000173436,1.73898,-0.0282976,-0.0282976,-0.0400189
ENSG00000173486,0.614072,2.92022,2.92022,4.12982
ENSG00000173511,-0.017748,-0.64723,-0.64723,-0.915321
ENSG00000173517,-2.19531,-1.8856,-1.2291,-2.20242
ENSG00000173530,-1.87167,-0.673188,-0.771642,-1.02165
ENSG00000173535,1.33634,0.85451,0.955073,1.27957
ENSG00000173548,1.31425,1.28076,-1.55721,-0.195482
ENSG00000173567,-2.37165,0.197661,-1.75008,-1.09772
ENSG00000173575,1.33316,-0.192059,1.00916,0.577776
ENSG00000173578,3.02914,1.6636,3.2481,3.4731
ENSG00000173585,0.124186,-0.445321,0.712502,0.188926
ENSG00000173588,-0.660305,1.13917,0.501079,1.15983
ENSG00000173597,-0.235692,-1.56349,-1.02345,-1.82924
ENSG00000173598,0.708885,-1.67121,1.24904,-0.298525
ENSG00000173599,-0.629678,-0.30689,-0.355667,-0.468499
ENSG00000173638,-0.20529,-0.244404,-1.03847,-0.907125
ENSG00000173653,3.58289,3.52739,-3.55076,-0.0165266
ENSG00000173705,-4.57073,-1.20274,-1.20274,-1.70094
ENSG00000173715,-1.90457,-4.38466,-3.05625,-5.26151
ENSG00000173726,1.13748,1.06755,1.29249,1.6688
ENSG00000173744,-2.42974,-1.75429,-3.13314,-3.45594
ENSG00000173757,3.0744,1.2349,-1.00632,0.161631
ENSG00000173786,-0.544344,0.299304,-0.0404121,0.183065
ENSG00000173801,0.608316,1.21696,-0.0874489,0.798688
ENSG00000173812,-1.04373,0.170315,-0.545633,-0.265389
ENSG00000173818,1.90214,1.02355,0.574249,1.12982
ENSG00000173825,2.3145,-0.21961,0.981785,0.538939
ENSG00000173848,0.309277,0.702313,0.702313,0.993221
ENSG00000173852,2.0955,1.37105,-0.953385,0.295336
ENSG00000173868,-0.600971,-1.08129,0.460681,-0.438836
ENSG00000173890,-1.00558,0.284476,-1.44307,-0.819251
ENSG00000173914,4.05672,-0.112215,-0.112215,-0.158696
ENSG00000173917,0.661779,1.75643,0.508001,1.60119
ENSG00000173950,-0.124774,-0.54735,0.778177,0.163219
ENSG00000173991,3.66854,-0.0158754,2.87055,2.01856
ENSG00000174004,-2.40701,-1.23735,0.535026,-0.496616
ENSG00000174021,0.444212,-1.10021,0.330712,-0.544121
ENSG00000174032,-0.20344,-0.759043,0.759043,0
ENSG00000174080,-3.24904,-2.14856,-2.54984,-3.32227
ENSG00000174099,-0.294989,1.04459,1.04459,1.47727
ENSG00000174106,-0.881363,0.491509,0.168749,0.466873
ENSG00000174123,-1.86767,-0.295754,0.693596,0.281317
ENSG00000174137,1.10756,0.937914,1.43554,1.67828
ENSG00000174151,-1.01233,-0.0137917,-1.36271,-0.973334
ENSG00000174165,-3.94778,-0.383537,0.773837,0.275984
ENSG00000174175,0.965354,-0.583378,-1.36769,-1.37962
ENSG00000174177,3.01545,-1.0767,-1.70096,-1.9641
ENSG00000174231,-3.33082,-0.9089,-1.56075,-1.74631
ENSG00000174233,-2.45438,-3.0999,0.935094,-1.53075
ENSG00000174238,3.63063,-0.122334,1.28334,0.820955
ENSG00000174243,0.957715,1.31873,1.00761,1.64497
ENSG00000174276,-0.505338,0.585833,0.585833,0.828493
ENSG00000174292,-2.11138,-2.51034,0.992791,-1.07307
ENSG00000174306,-1.6531,-2.98765,-2.98765,-4.22517
ENSG00000174307,-0.489483,0.0988841,0.883061,0.69434
ENSG00000174327,0.0217637,-0.0833,0.549516,0.329665
ENSG00000174348,-2.32196,-0.462522,-0.190489,-0.461749
ENSG00000174373,-0.487208,-0.684637,-0.784448,-1.0388
ENSG00000174405,0.277281,1.40633,1.51135,2.06311
ENSG00000174444,-0.557564,-1.94666,-2.07334,-2.84257
ENSG00000174446,0.656482,0.251809,0.293423,0.385537
ENSG00000174483,3.36739,1.38356,-0.0882933,0.915894
ENSG00000174485,-0.794268,2.6994,1.982,3.31025
ENSG00000174500,-1.0089,-0.815091,-0.397285,-0.857279
ENSG00000174514,-0.38965,0.480737,0.632666,0.787295
ENSG00000174516,2.04787,3.125,1.34985,3.16419
ENSG00000174529,3.75732,2.79337,3.91147,4.74103
ENSG00000174579,5.56182,1.68061,1.68061,2.37675
ENSG00000174600,-1.79698,-0.219441,0.288107,0.0485541
ENSG00000174606,-1.37201,-2.1569,-2.08957,-3.00271
ENSG00000174607,0.15054,0.535802,0.735806,0.899162
ENSG00000174611,1.27056,0.313973,-0.289265,0.0174714
ENSG00000174652,-0.395094,0.517254,-0.659783,-0.100783
ENSG00000174669,-3.25005,-1.10463,0.268482,-0.591248
ENSG00000174684,1.86349,1.99014,1.99014,2.81449
ENSG00000174695,-3.12063,-0.896489,-0.815271,-1.2104
ENSG00000174705,0.778225,0.0900561,0.161618,0.17796
ENSG00000174718,0.0818838,-0.426443,1.16517,0.522356
ENSG00000174749,0.73754,0.289931,0.289931,0.410025
ENSG00000174775,1.25516,-2.73395,2.56973,-0.116123
ENSG00000174780,-1.64433,-1.49775,-1.81273,-2.34087
ENSG00000174788,1.13182,0.677928,-2.68112,-1.41647
ENSG00000174791,1.19003,-0.898756,-1.88449,-1.96805
ENSG00000174799,1.94287,-0.189268,1.48679,0.917489
ENSG00000174837,-0.384532,2.05676,-1.75942,0.210251
ENSG00000174839,-0.294924,0.168171,-0.274246,-0.0750059
ENSG00000174851,3.3304,1.17369,1.33895,1.77671
ENSG00000174885,0.28708,0.530944,-0.169574,0.255527
ENSG00000174886,-1.53345,3.11423,-2.19142,0.652523
ENSG00000174891,1.39689,0.428398,0.0546684,0.341579
ENSG00000174953,0.691365,0.922802,0.88823,1.28059
ENSG00000174989,0.913696,0.0191111,-1.50931,-1.05373
ENSG00000174996,2.3459,1.28695,1.50522,1.97436
ENSG00000175003,0.773494,-0.409109,1.19002,0.552189
ENSG00000175040,1.04346,1.20495,0.310184,1.07136
ENSG00000175054,0.463267,-0.73776,1.19108,0.320546
ENSG00000175063,-2.60204,-0.0486706,0.0486706,4.90654e-18
ENSG00000175066,-0.116186,-1.02725,-0.641802,-1.1802
ENSG00000175084,-1.07501,-0.897716,-0.472609,-0.968966
ENSG00000175087,-1.35108,0.0175421,0.0175421,0.0248083
ENSG00000175104,-3.15624,-0.0446574,-0.0446574,-0.0631551
ENSG00000175105,1.22043,-1.3753,-1.80441,-2.2484
ENSG00000175110,1.40674,0.883277,1.34497,1.57561
ENSG00000175115,2.13241,1.23839,1.87677,2.20276
ENSG00000175137,-1.11037,0.804626,-0.110564,0.490776
ENSG00000175166,0.848478,1.73739,1.50672,2.29393
ENSG00000175170,1.40032,0.678082,0.536311,0.858706
ENSG00000175206,-1.27113,-1.40941,-1.66634,-2.17488
ENSG00000175213,-0.753813,-4.56605,-3.43008,-5.65412
ENSG00000175220,-3.96165,-4.30442,-5.39864,-6.8611
ENSG00000175221,-0.155111,-1.11685,0.10091,-0.718378
ENSG00000175224,-7.10143,-7.00046,-7.41244,-10.1915
ENSG00000175262,-0.579619,-0.499576,-0.71758,-0.860659
ENSG00000175274,-2.02918,-1.83319,-0.856672,-1.90202
ENSG00000175279,-1.02246,-1.03523,-0.645274,-1.18829
ENSG00000175287,1.91867,1.2111,0.454536,1.17778
ENSG00000175305,0.0321156,1.46489,-1.06249,0.284544
ENSG00000175309,-1.22946,0.848418,0.170669,0.720603
ENSG00000175322,1.37992,0.485335,1.36542,1.30868
ENSG00000175334,-2.32448,-1.17587,-1.22414,-1.69707
ENSG00000175348,1.14312,0.508803,-0.149583,0.254007
ENSG00000175352,0.60524,0.814047,1.34115,1.52396
ENSG00000175356,0.956095,0.918134,-0.185427,0.518102
ENSG00000175376,4.30731,-0.546693,0.180433,-0.258984
ENSG00000175387,3.67215,-1.44831,1.77136,0.22843
ENSG00000175390,-1.06911,-0.836359,-0.806894,-1.16196
ENSG00000175395,-0.343583,-0.124336,0.118284,-0.00427891
ENSG00000175445,-2.72982,-2.95524,-1.29625,-3.00626
ENSG00000175449,-0.575048,0.348856,0.0688264,0.295346
ENSG00000175455,-0.29605,-0.912842,-0.912842,-1.29095
ENSG00000175463,-2.66825,-2.40103,-3.26163,-4.00411
ENSG00000175471,-1.37093,-1.06877,-0.0346818,-0.780261
ENSG00000175482,-1.13659,-0.733768,-0.733768,-1.03771
ENSG00000175505,-0.339502,-0.84281,-0.762485,-1.13512
ENSG00000175518,1.07301,-0.158018,0.00225558,-0.110141
ENSG00000175536,0.219257,-0.101169,0.312844,0.149677
ENSG00000175538,-0.802562,-1.62149,-1.54111,-2.23629
ENSG00000175548,-2.77055,-3.09831,-2.75494,-4.13887
ENSG00000175567,-3.32579,0.607256,1.15763,1.24796
ENSG00000175573,-1.88146,-1.45492,-1.5243,-2.10662
ENSG00000175575,1.6414,1.98265,1.98265,2.80388
ENSG00000175581,2.57569,2.40787,2.57272,3.52181
ENSG00000175582,-1.01229,1.4854,2.52575,2.83631
ENSG00000175591,-3.26855,-3.31712,-0.181056,-2.47358
ENSG00000175602,-1.34533,0.0989527,-0.879015,-0.551588
ENSG00000175634,1.70963,-2.63676,-1.70103,-3.06728
ENSG00000175643,0.826837,0.700984,1.60918,1.63353
ENSG00000175691,-3.70769,1.02629,1.02629,1.45139
ENSG00000175711,0.398634,-0.16036,-0.638547,-0.564912
ENSG00000175727,-6.12834,-1.33652,-4.00113,-3.77429
ENSG00000175764,2.49818,2.07223,1.15439,2.28157
ENSG00000175768,1.5915,-0.743833,-0.743833,-1.05194
ENSG00000175773,-0.98506,-0.528667,-0.528667,-0.747649
ENSG00000175782,-0.433556,-1.55112,0.0238012,-1.07998
ENSG00000175792,-1.07648,2.3491,-0.954814,0.985909
ENSG00000175806,-3.06633,3.60894,2.31757,4.19068
ENSG00000175826,-2.85859,3.4386,3.6332,5.00052
ENSG00000175854,3.46691,1.1629,1.1629,1.64458
ENSG00000175866,3.30601,0.747856,1.09909,1.30599
ENSG00000175894,1.51477,0.21263,1.01207,0.865992
ENSG00000175895,-0.932628,-0.0734769,-2.81341,-2.04133
ENSG00000175899,-0.671875,-0.419608,0.365734,-0.038095
ENSG00000175906,-2.64572,0.478224,-0.423212,0.0388995
ENSG00000175928,-1.81166,-0.584008,0.397564,-0.131836
ENSG00000175970,-2.44719,0.321758,2.3417,1.88335
ENSG00000175984,-0.29244,0.427867,-1.79341,-0.965583
ENSG00000175985,2.15948,-0.290236,-0.290236,-0.410455
ENSG00000176014,-0.285255,-0.340697,-1.3221,-1.17578
ENSG00000176024,1.77277,1.48277,1.61314,2.18914
ENSG00000176046,3.30529,0,-1.87886,-1.32855
ENSG00000176049,-1.12978,1.20504,0.0380302,0.878981
ENSG00000176058,-0.889811,0.280795,0.280795,0.397104
ENSG00000176087,-3.60817,-1.30153,-1.7688,-2.17105
ENSG00000176092,0.55715,-0.399202,-0.368375,-0.542758
ENSG00000176101,0.189931,0.0392235,0.152503,0.135571
ENSG00000176105,0.106704,1.03221,-0.970491,0.0436417
ENSG00000176108,2.71611,-2.76098,-3.07888,-4.1294
ENSG00000176124,-1.84046,1.41954,1.25147,1.88869
ENSG00000176125,-2.46205,2.2031,-2.36745,-0.116214
ENSG00000176153,-0.509753,0.226144,0.207319,0.306505
ENSG00000176170,-0.659659,1.21621,0.845728,1.45801
ENSG00000176182,-1.291,2.70758,2.71805,3.8365
ENSG00000176208,-3.59765,-1.80695,-2.12623,-2.78118
ENSG00000176209,-2.18355,-1.92069,-1.92069,-2.71626
ENSG00000176222,1.2513,-0.851712,-0.335811,-0.839706
ENSG00000176248,-0.100675,0.376772,-0.0227062,0.250363
ENSG00000176261,0.999531,-0.130454,0.502321,0.262949
ENSG00000176293,-0.620124,-0.289476,-2.23556,-1.78547
ENSG00000176340,-4.61666,-4.14988,-4.04625,-5.79554
ENSG00000176383,4.44974,-3.09554,-3.42883,-4.61342
ENSG00000176386,1.60166,1.6408,0.970535,1.84649
ENSG00000176390,3.9749,1.70135,0.19514,1.34102
ENSG00000176393,1.09657,1.61096,0.417191,1.43412
ENSG00000176396,2.53368,1.69565,-0.424813,0.898618
ENSG00000176407,1.67357,-0.387847,-0.387847,-0.548499
ENSG00000176410,-2.54588,-0.598069,-0.802464,-0.990327
ENSG00000176422,-1.15052,-1.45544,-0.99091,-1.72983
ENSG00000176428,0.859043,0.468278,-0.248662,0.155292
ENSG00000176454,0.880431,6.39753,10.3377,11.8336
ENSG00000176472,0.525591,0.511376,-0.17208,0.239919
ENSG00000176473,-2.00634,-0.25115,-0.7304,-0.69406
ENSG00000176476,-2.7827,1.53662,0.685908,1.57157
ENSG00000176485,-0.743894,1.41948,1.30364,1.92554
ENSG00000176490,3.03083,2.93649,-2.33653,0.424235
ENSG00000176531,-1.04081,-0.952098,0.720895,-0.163486
ENSG00000176595,0.477021,-0.0569478,-1.01598,-0.758671
ENSG00000176597,0.621256,0.926336,-0.198607,0.514582
ENSG00000176623,-0.416864,-0.453317,-1.04442,-1.05906
ENSG00000176641,-1.92842,0.576937,1.38915,1.39023
ENSG00000176659,-0.0199304,-0.591308,0.572218,-0.0134989
ENSG00000176714,4.42548,-1.42386,-1.42386,-2.01365
ENSG00000176715,-5.74574,-0.201424,-2.11867,-1.64055
ENSG00000176732,1.32652,0.492044,1.35234,1.30418
ENSG00000176749,-5.445,-3.48234,-0.51557,-2.82695
ENSG00000176783,2.812,0.667761,-4.1957,-2.49463
ENSG00000176834,0.529273,1.40663,-0.443521,0.681021
ENSG00000176853,-0.522815,-0.687682,-1.33314,-1.42894
ENSG00000176871,0.60744,0.933603,-0.0603372,0.617492
ENSG00000176890,-1.6075,-1.46754,0.921451,-0.386141
ENSG00000176894,0.781629,-1.41583,1.41583,1.57009e-16
ENSG00000176903,1.03292,0.795563,0.919847,1.21298
ENSG00000176909,-4.64568,-3.75527,1.25254,-1.7697
ENSG00000176915,-1.558,-0.104287,-0.344228,-0.317148
ENSG00000176919,-1.10866,0.272616,0.418464,0.488667
ENSG00000176928,-1.6685,0.25965,-1.90473,-1.16325
ENSG00000176945,0.160755,0.328299,-0.956645,-0.444308
ENSG00000176973,-1.33201,0.678217,1.22466,1.34554
ENSG00000176974,-0.874259,-1.80718,-1.55408,-2.37677
ENSG00000176978,1.04954,-0.93932,-0.0982373,-0.733664
ENSG00000176994,-2.26789,-0.703167,-1.02201,-1.21988
ENSG00000177000,-2.02015,-0.534668,-1.05311,-1.12273
ENSG00000177025,0.674998,-0.541881,-0.30823,-0.601119
ENSG00000177030,-1.10681,-2.75812,0.175263,-1.82635
ENSG00000177034,-0.528438,1.71941,0.897826,1.85067
ENSG00000177042,-3.22054,-2.56673,-3.00335,-3.93864
ENSG00000177051,1.056,0.774491,-0.422048,0.249215
ENSG00000177054,-1.4715,-0.305547,-2.30895,-1.84873
ENSG00000177058,-0.327274,0.325851,2.29742,1.85493
ENSG00000177076,-1.9984,-0.734993,-0.728786,-1.03505
ENSG00000177082,-1.82592,6.21425,4.62037,7.66123
ENSG00000177084,2.14813,0.547088,1.93082,1.75214
ENSG00000177096,5.83893,5.59866,3.07395,6.13246
ENSG00000177106,0.840265,-1.02266,1.44499,0.298632
ENSG00000177119,-0.916201,2.1272,2.1272,3.00832
ENSG00000177150,-0.736037,1.24775,1.3792,1.85754
ENSG00000177156,-2.90284,-1.10111,-0.367319,-1.03834
ENSG00000177191,-1.182,-2.03076,-2.41567,-3.1441
ENSG00000177200,-0.0964015,-1.58347,-1.17266,-1.94888
ENSG00000177225,2.1248,0.52083,1.24187,1.24641
ENSG00000177239,0.607864,0.247864,0.266347,0.363602
ENSG00000177302,3.68345,1.0977,0.28222,0.97575
ENSG00000177303,-1.89384,-0.623514,0.10633,-0.365704
ENSG00000177311,0.858509,1.11857,0.252935,0.969804
ENSG00000177352,4.23475,3.62951,3.62951,5.1329
ENSG00000177359,2.65984,0.810728,-1.00599,-0.138068
ENSG00000177383,1.28745,0.726261,2.40096,2.21128
ENSG00000177409,-1.52286,-2.01594,-2.01635,-2.85126
ENSG00000177425,0.989268,0.378208,1.93616,1.6365
ENSG00000177427,3.2506,1.78103,0.97395,1.94806
ENSG00000177453,0.927542,1.42803,0.719046,1.51821
ENSG00000177455,-0.321813,-0.698613,-0.698613,-0.987988
ENSG00000177465,1.68183,1.65561,1.6484,2.33628
ENSG00000177479,-4.00643,-3.18934,-3.18934,-4.51041
ENSG00000177483,0.131318,-0.509399,-0.203656,-0.504206
ENSG00000177508,-0.633567,-1.69406,-0.690458,-1.68611
ENSG00000177548,2.42246,2.2557,-2.20301,0.0372589
ENSG00000177556,0.0392179,-0.979784,-0.979784,-1.38562
ENSG00000177565,-0.893021,1.49678,-1.39555,0.0715809
ENSG00000177570,0.295362,1.23195,-0.0844705,0.811392
ENSG00000177575,-0.356971,-1.60891,-0.622758,-1.57803
ENSG00000177576,-0.518562,1.30571,-2.45784,-0.814676
ENSG00000177599,2.31304,2.22214,1.09693,2.34694
ENSG00000177613,-0.310188,0.837619,-1.23619,-0.28183
ENSG00000177628,1.42167,-0.364507,-1.05531,-1.00396
ENSG00000177663,-0.133042,0.316673,0.82379,0.806429
ENSG00000177666,1.68152,1.67365,1.82637,2.47488
ENSG00000177669,0.0132711,0.282758,0.48307,0.541522
ENSG00000177674,0.183837,-1.44733,-1.30077,-1.9432
ENSG00000177683,-4.46023,-3.97657,-3.71834,-5.44112
ENSG00000177685,-0.97005,-1.46035,-2.20157,-2.58937
ENSG00000177697,-1.43573,-2.64277,0.00501311,-1.86517
ENSG00000177707,-0.810618,-1.67216,-1.67216,-2.36479
ENSG00000177721,-1.03792,0.0721865,1.4672,1.08851
ENSG00000177728,-2.73739,-0.202779,-0.158183,-0.255239
ENSG00000177733,-2.9956,0.821212,4.29053,3.61455
ENSG00000177853,-0.52345,-0.959466,0.180652,-0.550705
ENSG00000177868,-0.655621,-1.17849,-1.92685,-2.19581
ENSG00000177875,-0.80582,-1.23778,-2.40984,-2.57925
ENSG00000177917,2.50518,2.45165,2.43684,3.45669
ENSG00000177946,-0.819668,2.26367,0.625937,2.04326
ENSG00000177951,-0.340756,-0.394845,-1.21372,-1.13743
ENSG00000177963,-0.351892,0.167889,0.188491,0.251998
ENSG00000177989,-2.88299,-0.311377,-0.311377,-0.440353
ENSG00000177990,1.0919,0.364702,0.867576,0.871352
ENSG00000178015,-0.444851,-0.4065,-0.0448021,-0.319118
ENSG00000178026,-1.41236,-0.185288,-2.33322,-1.78085
ENSG00000178028,1.60073,3.753,2.82887,4.65408
ENSG00000178038,-1.76822,-1.07026,-0.170049,-0.877033
ENSG00000178053,-0.139314,1.25556,3.61513,3.4441
ENSG00000178074,8.27005,7.50886,7.39122,10.536
ENSG00000178075,0.481564,-0.503055,-0.219008,-0.510576
ENSG00000178078,1.21438,-0.897031,-1.11746,-1.42446
ENSG00000178093,7.1096,4.98274,4.99109,7.05256
ENSG00000178105,-0.60539,-0.0616534,0.237978,0.12468
ENSG00000178127,0.648668,-1.49753,-0.268264,-1.24861
ENSG00000178163,1.71613,0.989883,0.494949,1.04993
ENSG00000178177,0.178424,2.38877,2.03065,3.125
ENSG00000178199,1.68871,1.55463,1.55463,2.19858
ENSG00000178201,-0.262984,0.427933,0.860034,0.910731
ENSG00000178202,-2.18948,-1.06425,-1.06425,-1.50508
ENSG00000178209,0.101275,-0.20473,0.202065,-0.001884
ENSG00000178217,0.187582,0.409299,1.28628,1.19896
ENSG00000178222,1.70838,1.06375,1.83891,2.05249
ENSG00000178229,1.54562,1.32047,1.59688,2.06288
ENSG00000178252,4.17381,6.64666,6.5352,9.32098
ENSG00000178295,-0.599449,0.0128573,-1.77834,-1.24839
ENSG00000178301,0.595011,-0.276425,1.15343,0.620139
ENSG00000178381,-1.55103,-1.64413,-1.38149,-2.13944
ENSG00000178386,0.163335,-0.347596,-0.372543,-0.509215
ENSG00000178397,0.921672,-0.759497,1.69132,0.658898
ENSG00000178404,1.40798,0.704452,0.0176209,0.510582
ENSG00000178409,-0.981864,-0.858819,-0.65784,-1.07244
ENSG00000178425,0.394794,1.4937,0.697685,1.54954
ENSG00000178445,-1.40692,0,0,0
ENSG00000178449,-3.36351,-1.71098,-3.24182,-3.50216
ENSG00000178467,-3.61148,-0.98028,-1.17013,-1.52057
ENSG00000178538,-5.82717,-3.8071,0.370034,-2.43037
ENSG00000178567,2.26798,-1.16483,-1.16483,-1.64732
ENSG00000178585,-0.537498,0.529844,0.76064,0.91251
ENSG00000178607,-1.13741,-0.504366,-0.948398,-1.02726
ENSG00000178623,-0.0570451,-1.98737,-0.416967,-1.70012
ENSG00000178665,2.33917,2.53658,1.46056,2.8264
ENSG00000178685,-0.10126,-1.20288,0.00240485,-0.848867
ENSG00000178694,-1.63487,-1.67409,1.67409,-1.57009e-16
ENSG00000178695,-0.988316,1.3298,0.610211,1.3718
ENSG00000178700,1.97343,-1.67841,-1.65493,-2.35703
ENSG00000178741,-3.42477,-1.61029,1.81946,0.147905
ENSG00000178752,-0.37079,-1.39931,0.999944,-0.282394
ENSG00000178761,-2.01666,3.08881,-1.5955,1.05593
ENSG00000178764,-1.14273,1.58969,-0.0659303,1.07746
ENSG00000178773,-4.93599,-1.28688,2.30159,0.717507
ENSG00000178802,-3.96335,-4.97284,-1.95801,-4.90085
ENSG00000178814,-0.260668,0.516423,0.137525,0.462411
ENSG00000178852,-0.311405,0.809992,0.531819,0.948803
ENSG00000178878,-0.255618,-0.19629,-0.484148,-0.481142
ENSG00000178904,-2.00202,-1.67199,0.779992,-0.630735
ENSG00000178927,-0.570128,1.57384,1.81166,2.39391
ENSG00000178935,0.0867039,0.577488,-0.719043,-0.100094
ENSG00000178950,-3.73752,-2.23293,-1.43077,-2.59063
ENSG00000178952,2.57915,1.90202,1.90202,2.68986
ENSG00000178966,2.58532,2.36366,-2.54382,-0.127395
ENSG00000178971,0.335254,1.6873,1.44587,2.21549
ENSG00000178974,2.70671,2.85719,2.67065,3.90877
ENSG00000178977,0.327875,0.0513988,-0.144476,-0.0658155
ENSG00000178982,-0.85821,-1.59672,-1.18074,-1.96396
ENSG00000178988,2.34042,-0.693757,0.426674,-0.188856
ENSG00000179010,1.22762,-0.131313,0.365863,0.165852
ENSG00000179021,1.11092,2.008,2.008,2.83974
ENSG00000179029,0.165422,2.12728,2.12728,3.00842
ENSG00000179044,1.67294,1.19411,-1.19411,1.57009e-16
ENSG00000179057,-0.267654,-1.33314,-0.202837,-1.0861
ENSG00000179082,1.9452,0.738198,0.995318,1.22578
ENSG00000179091,0.664416,0.261306,-0.731135,-0.332219
ENSG00000179104,0.0228716,1.63534,0.962352,1.83685
ENSG00000179115,1.29098,2.30747,2.45276,3.36599
ENSG00000179119,1.9125,-0.734076,-1.10441,-1.3
ENSG00000179134,-1.80185,0.822867,0.897791,1.21669
ENSG00000179152,0.235261,-0.637225,0.00782658,-0.445052
ENSG00000179195,-5.04241,-5.41074,-1.93396,-5.19349
ENSG00000179218,-0.501694,-0.395879,-1.34806,-1.23315
ENSG00000179242,2.19138,1.25039,0.325836,1.11456
ENSG00000179262,-0.70948,-1.38906,-1.38906,-1.96443
ENSG00000179299,1.47819,0.823121,-1.8531,-0.728305
ENSG00000179335,-1.03436,0.704318,-0.704318,7.85046e-17
ENSG00000179344,6.01751,2.04587,4.7086,4.77613
ENSG00000179409,-0.781552,-0.0280043,-1.75428,-1.26027
ENSG00000179526,-2.8733,-0.72031,-0.72031,-1.01867
ENSG00000179528,1.30488,1.5402,-0.139092,0.990736
ENSG00000179532,-1.61636,-0.522016,0.653562,0.0930174
ENSG00000179564,3.6172,-1.03046,-1.03046,-1.45729
ENSG00000179598,-3.01226,-1.83696,1.48864,-0.246297
ENSG00000179604,-1.35447,-0.948755,0.466166,-0.341242
ENSG00000179630,1.6618,-1.40125,-1.51536,-2.06236
ENSG00000179639,-1.65824,-2.11093,-2.833,-3.49589
ENSG00000179698,0.820466,0.0103787,1.02506,0.732167
ENSG00000179750,1.89065,-0.528239,-1.03832,-1.10772
ENSG00000179833,1.02245,0.428833,-0.274382,0.109213
ENSG00000179855,0.127591,0.418267,0.110598,0.373964
ENSG00000179859,2.75901,-1.32176,-1.30825,-1.8597
ENSG00000179862,-1.07431,0.412497,-0.106945,0.216058
ENSG00000179869,-2.70874,1.02743,1.2791,1.63097
ENSG00000179909,2.37905,0.943999,-0.345346,0.423312
ENSG00000179912,3.79884,4.67456,-2.32236,1.66326
ENSG00000179914,0.697535,1.19976,0.814922,1.4246
ENSG00000179921,-0.403091,-0.677857,-0.636315,-0.92926
ENSG00000179941,-0.303684,-0.0102036,1.73264,1.21795
ENSG00000179950,-2.76917,5.79514,5.79514,8.19557
ENSG00000179954,-2.62385,-0.504491,-0.726804,-0.870657
ENSG00000179965,7.51629,0.465874,0.465874,0.658845
ENSG00000179979,-2.09887,-1.17556,-0.632638,-1.27859
ENSG00000179981,0.798268,1.11384,0.29437,0.995756
ENSG00000180011,1.01309,1.00907,0.62155,1.15303
ENSG00000180035,2.38361,1.11196,0.0846341,0.846122
ENSG00000180089,-0.342072,1.29663,1.29663,1.83371
ENSG00000180096,0.902949,1.45662,1.95664,2.41354
ENSG00000180098,3.06373,2.19033,2.19033,3.09759
ENSG00000180104,-0.20647,-0.179919,-0.649711,-0.586637
ENSG00000180138,2.15809,1.92971,-0.123664,1.27707
ENSG00000180155,-2.57927,-1.68505,-2.08071,-2.6628
ENSG00000180198,-1.86931,-0.36189,-0.296906,-0.46584
ENSG00000180228,1.01919,-0.650993,-0.650993,-0.920643
ENSG00000180257,0.417895,0.157912,0.449397,0.429432
ENSG00000180263,-1.13574,-0.618352,0.140082,-0.338188
ENSG00000180279,-0.0619934,-0.761708,-0.773458,-1.08553
ENSG00000180304,-1.68049,-0.746572,2.08396,0.945677
ENSG00000180340,-2.71247,1.03956,1.73238,1.96006
ENSG00000180346,1.39287,-2.70613,-2.70613,-3.82704
ENSG00000180353,-0.305263,0.698504,0.663043,0.962759
ENSG00000180354,-0.740654,-1.80431,-0.638254,-1.72715
ENSG00000180370,-1.64624,-1.71494,1.93774,0.157544
ENSG00000180376,1.99671,2.30465,-0.522768,1.25998
ENSG00000180398,-1.28106,-1.08594,-1.12543,-1.56368
ENSG00000180422,4.31118,2.82404,1.91108,3.34823
ENSG00000180425,-0.239947,0.5199,0.492524,0.715892
ENSG00000180448,1.74099,-1.32955,-1.38505,-1.91951
ENSG00000180479,-0.857538,1.94041,2.172,2.90791
ENSG00000180509,-0.750047,-0.32798,-0.253725,-0.411328
ENSG00000180537,0.329913,0.195753,-0.0379203,0.111605
ENSG00000180543,-1.70732,-0.817334,-3.50215,-3.05433
ENSG00000180549,0.848552,0.173774,0.51314,0.485722
ENSG00000180573,7.06667,4.32161,7.87587,8.62492
ENSG00000180596,-5.38654,5.57904,-8.5905,-2.12942
ENSG00000180611,2.17739,-0.508368,-1.00013,-1.06667
ENSG00000180628,-2.49517,-0.647748,1.32969,0.482204
ENSG00000180712,-0.820987,-1.02149,-1.02149,-1.44461
ENSG00000180739,-1.32731,-0.169924,-1.12455,-0.915331
ENSG00000180758,-0.788523,-0.507388,0.204065,-0.214482
ENSG00000180767,-0.969477,-2.13271,-0.420094,-1.80511
ENSG00000180773,0.715484,2.59159,3.18998,4.08819
ENSG00000180776,-0.703592,-1.97417,-1.09039,-2.16697
ENSG00000180817,-2.1937,-1.70139,-1.76066,-2.44804
ENSG00000180822,-1.57241,-1.92926,-1.9206,-2.72226
ENSG00000180855,0.385041,1.26374,-2.97105,-1.20725
ENSG00000180875,0.40906,-0.0898517,1.1576,0.755015
ENSG00000180881,1.51012,1.39719,1.94629,2.3642
ENSG00000180884,-1.13911,-0.31938,-0.778734,-0.776484
ENSG00000180891,-2.05627,-1.00081,0.593657,-0.287903
ENSG00000180901,-3.16514,-1.64888,-1.64258,-2.32742
ENSG00000180902,1.04159,2.43742,1.21391,2.58188
ENSG00000180917,-3.47853,0.450399,0.228938,0.480364
ENSG00000180921,-1.04963,4.55723,4.56011,6.44693
ENSG00000180938,1.18433,-0.331436,-0.49336,-0.583219
ENSG00000180953,1.36648,2.5721,1.55528,2.91849
ENSG00000180957,2.91903,1.26083,1.24995,1.77539
ENSG00000180979,1.93564,2.63518,1.93684,3.2329
ENSG00000180992,-5.09507,-2.18553,-3.09127,-3.73126
ENSG00000181007,2.25484,1.10742,0.886389,1.40983
ENSG00000181016,-0.0440254,0.555335,-0.548923,0.00453408
ENSG00000181019,1.80433,1.06819,-0.250652,0.578088
ENSG00000181026,-0.35226,0.428189,-0.426854,0.000944052
ENSG00000181031,-1.84789,0.0395025,-1.14875,-0.784356
ENSG00000181036,0.750362,1.29007,-1.29007,0
ENSG00000181045,2.84685,2.18653,-12.8717,-7.55555
ENSG00000181074,0.283811,-1.93894,-1.83999,-2.67211
ENSG00000181090,-0.0391471,-0.023806,-0.305017,-0.232513
ENSG00000181104,0.569005,0.0510332,2.13465,1.54551
ENSG00000181135,2.44091,1.74667,0.25539,1.41567
ENSG00000181163,-1.57275,0.139503,0.316449,0.322407
ENSG00000181192,2.83298,2.33614,0.94368,2.31918
ENSG00000181218,0.125887,0.137718,-0.453864,-0.223549
ENSG00000181222,-0.938094,1.76529,0.666422,1.71948
ENSG00000181240,1.61372,1.28916,1.22574,1.7783
ENSG00000181274,-1.79135,-1.92107,-1.60448,-2.49294
ENSG00000181315,-2.9771,-4.01173,0.448616,-2.5195
ENSG00000181322,-1.4142,0.929489,-0.929489,7.85046e-17
ENSG00000181350,-0.205825,-0.879103,-1.33383,-1.56478
ENSG00000181381,0.903178,0.90457,-0.360441,0.384757
ENSG00000181396,-0.286281,-1.45924,-1.84273,-2.33484
ENSG00000181444,-1.44856,0.850478,-0.793637,0.0401924
ENSG00000181450,0.140052,-0.110158,0.598742,0.345481
ENSG00000181458,1.09122,1.09498,-0.17875,0.647874
ENSG00000181513,2.80253,2.09315,1.8044,2.75598
ENSG00000181555,-0.825225,-1.40941,-0.904395,-1.6361
ENSG00000181619,-3.55469,-1.10757,-2.24838,-2.37301
ENSG00000181638,-2.59251,0.0804879,0.124032,0.144617
ENSG00000181649,-0.769379,-0.238868,1.32957,0.771243
ENSG00000181652,0.618501,-0.215555,0.734301,0.366809
ENSG00000181666,0.949978,0.561516,1.04172,1.13366
ENSG00000181744,-0.539485,1.6884,-0.027732,1.17427
ENSG00000181754,1.43363,-0.815808,-0.464344,-0.905204
ENSG00000181778,1.00582,0.102182,-1.12934,-0.726313
ENSG00000181790,2.0193,0.810842,-3.76501,-2.08891
ENSG00000181804,-0.50035,0.44292,-1.05719,-0.434356
ENSG00000181827,-0.521044,-1.95445,-3.29157,-3.7095
ENSG00000181830,-0.644876,-2.42773,-2.08316,-3.18968
ENSG00000181847,0.888956,-0.428558,-0.598159,-0.725999
ENSG00000181856,-4.41375,-1.34107,2.79556,1.02848
ENSG00000181873,-0.787341,-0.988919,1.02125,0.0228592
ENSG00000181885,0.309584,-2.79484,-2.76662,-3.93255
ENSG00000181894,0.31881,1.40853,1.11526,1.78459
ENSG00000181896,-5.25498,-3.30778,2.72853,-0.409592
ENSG00000181904,-1.10273,1.55053,1.55053,2.19278
ENSG00000181929,0.609088,1.48277,-1.48277,0
ENSG00000181938,-3.2768,1.44969,1.44969,2.05018
ENSG00000182004,0.572135,0.408003,0.223289,0.446391
ENSG00000182010,-1.87989,0.079486,-0.47093,-0.276793
ENSG00000182013,0.886485,0.756137,2.41494,2.24229
ENSG00000182022,-0.276314,-0.796993,-0.22888,-0.725402
ENSG00000182054,3.05965,0.266812,-1.02447,-0.535746
ENSG00000182057,6.65872,6.49383,0.647729,5.04984
ENSG00000182087,0.204233,-0.697229,-1.24003,-1.36985
ENSG00000182093,-2.70411,-8.97993,-2.02758,-7.78348
ENSG00000182117,-0.211361,0.667063,1.27681,1.37452
ENSG00000182134,1.67134,0.462271,0.732535,0.844855
ENSG00000182141,0.195035,0.793597,0.178424,0.687323
ENSG00000182158,0.0314861,-0.622211,-0.622211,-0.879939
ENSG00000182165,4.49075,-1.59748,0.1981,-0.989514
ENSG00000182173,-0.410818,-0.186393,-0.523315,-0.501839
ENSG00000182180,-1.06473,-1.14628,-0.736525,-1.33134
ENSG00000182183,-1.00839,0.991369,-1.57175,-0.410392
ENSG00000182185,-0.264584,-1.05449,1.05449,0
ENSG00000182208,-0.396313,-1.95333,-1.97059,-2.77463
ENSG00000182240,-1.81084,-0.398137,0.61924,0.156343
ENSG00000182247,-1.14091,1.63527,0.961067,1.83588
ENSG00000182253,-0.660571,-0.651951,-0.106888,-0.536581
ENSG00000182257,1.79906,2.11318,-2.01864,0.0668518
ENSG00000182272,3.1002,1.85112,-1.73734,0.0804535
ENSG00000182310,-1.57929,0.673945,0.446067,0.791968
ENSG00000182324,-0.326248,-0.766265,-0.34844,-0.788216
ENSG00000182359,-1.49802,-1.38692,-1.75008,-2.21819
ENSG00000182362,-3.0312,0.907429,-0.828297,0.0559548
ENSG00000182372,0.790612,1.06663,3.27632,3.07093
ENSG00000182389,-2.42466,0.904642,1.08889,1.40964
ENSG00000182400,0.396902,-1.91653,1.47021,-0.315594
ENSG00000182405,-0.941256,-0.42387,-0.42387,-0.599443
ENSG00000182473,-0.408168,-2.29629,0.913006,-0.978129
ENSG00000182511,7.19762,8.53313,1.37216,7.0041
ENSG00000182512,-0.2642,1.41425,-1.61941,-0.145071
ENSG00000182534,-0.714717,-1.62907,0.0592165,-1.11006
ENSG00000182544,4.33424,3.47144,3.62053,5.01478
ENSG00000182551,0.0833897,1.05684,-0.782903,0.193704
ENSG00000182557,3.41681,0.505247,0.990135,1.05739
ENSG00000182566,1.03963,0.100344,-0.964067,-0.610744
ENSG00000182578,1.01606,0.915201,1.64806,1.8125
ENSG00000182580,0.743972,0.826418,0,0.584366
ENSG00000182586,-0.0474342,1.90965,-1.20125,0.500913
ENSG00000182600,-1.56571,-1.87758,-1.87758,-2.6553
ENSG00000182621,1.43608,0.739074,0.434563,0.829887
ENSG00000182628,2.36498,2.28673,2.60291,3.4575
ENSG00000182636,-1.28724,-1.69702,-1.69702,-2.39995
ENSG00000182670,-3.17835,-0.868978,-5.1054,-4.22452
ENSG00000182685,-0.0333733,0.205559,-1.26835,-0.751508
ENSG00000182718,-2.29813,-0.766011,-0.766011,-1.0833
ENSG00000182742,0.530727,1.26406,-1.28585,-0.015411
ENSG00000182795,-3.42162,1.04857,1.04857,1.4829
ENSG00000182827,-1.90684,-1.28702,-5.48077,-4.78555
ENSG00000182853,1.89959,-1.1456,-1.25395,-1.69674
ENSG00000182871,2.07405,-0.144538,-0.121492,-0.188112
ENSG00000182885,-0.0599565,-1.08162,0.47055,-0.432089
ENSG00000182899,-0.549209,-1.07299,-0.671154,-1.2333
ENSG00000182902,2.95785,-0.903829,-1.4321,-1.65175
ENSG00000182903,-2.78748,0.188729,0.0997359,0.203975
ENSG00000182923,1.17782,0.943544,0.939282,1.33136
ENSG00000182934,-0.162096,2.01007,-0.74498,0.894552
ENSG00000182952,4.64755,-1.33733,2.85902,1.076
ENSG00000182957,-0.954406,0.0444356,0.0404437,0.0600187
ENSG00000182986,0.849134,-0.378177,-0.850845,-0.86905
ENSG00000182993,-0.0959109,2.52784,1.23133,2.65814
ENSG00000183011,0.746459,0.881891,-0.0363527,0.597886
ENSG00000183018,-1.58795,1.33331,1.5273,2.02276
ENSG00000183019,0.277492,1.69194,-0.17528,1.07244
ENSG00000183020,1.93406,-0.062024,0.727746,0.470737
ENSG00000183023,-0.670854,-1.68973,1.60919,-0.0569519
ENSG00000183044,0.403083,1.02979,-0.7271,0.214036
ENSG00000183049,-2.92821,-4.29911,1.95664,-1.65638
ENSG00000183060,-3.86626,-3.95935,-3.01855,-4.93412
ENSG00000183066,5.41089,3.84167,3.84167,5.43294
ENSG00000183077,1.47783,0.743205,-0.908675,-0.117005
ENSG00000183092,-2.83404,-1.56668,1.46364,-0.072861
ENSG00000183134,-1.71047,1.52125,-0.889955,0.446391
ENSG00000183160,-0.68936,-1.19103,0.169804,-0.722119
ENSG00000183172,6.27423,6.61549,6.62217,9.36044
ENSG00000183208,2.41416,1.78992,1.53779,2.35305
ENSG00000183248,1.07024,1.0063,0.583114,1.12389
ENSG00000183250,-0.187639,-2.39083,1.14128,-0.883562
ENSG00000183255,0.952408,3.22885,1.31067,3.20992
ENSG00000183258,-0.776547,1.79596,1.31376,2.1989
ENSG00000183291,2.17498,1.76939,1.76939,2.50229
ENSG00000183323,0.520395,0.888815,0.756403,1.16335
ENSG00000183340,0.0813584,0.953139,0.953139,1.34794
ENSG00000183354,0.175569,1.63603,-0.0720433,1.10591
ENSG00000183386,1.26278,-2.00236,-0.747592,-1.94451
ENSG00000183426,1.11213,0.776728,-1.11697,-0.240589
ENSG00000183431,1.10726,-2.60631,-0.999289,-2.54955
ENSG00000183474,0.468112,0.119966,-0.144167,-0.0171127
ENSG00000183484,-0.493768,0.563703,-0.468049,0.0676375
ENSG00000183486,1.03413,1.85295,-0.197718,1.17043
ENSG00000183508,-0.01062,-1.20206,0.479226,-0.51112
ENSG00000183520,2.01903,-0.677618,-0.0337028,-0.502979
ENSG00000183527,-3.3551,-3.28426,5.41286,1.50514
ENSG00000183542,-1.41819,0.804078,-1.59139,-0.556715
ENSG00000183569,-0.161854,0.625813,-0.273917,0.248828
ENSG00000183570,0.738173,-0.752202,0.504047,-0.175471
ENSG00000183576,-3.14197,-2.68985,2.68985,-3.14018e-16
ENSG00000183597,1.20741,1.59817,-0.530345,0.75507
ENSG00000183605,2.72806,2.24796,2.83797,3.59629
ENSG00000183621,2.6203,1.62541,-1.22972,0.279797
ENSG00000183628,-2.10383,-0.489664,-0.909096,-0.989073
ENSG00000183647,-1.11408,0.35904,0.671559,0.728744
ENSG00000183648,1.04846,-0.578553,0.70324,0.0881666
ENSG00000183662,1.41456,1.16975,1.91416,2.18066
ENSG00000183665,1.06997,0.543042,0.524958,0.75519
ENSG00000183682,-2.52812,-0.749016,0.288008,-0.325981
ENSG00000183688,0.470933,1.06384,-1.92686,-0.610245
ENSG00000183696,3.82716,1.60937,-0.0624814,1.09382
ENSG00000183718,0.509347,1.49679,-1.2655,0.163547
ENSG00000183726,2.10933,1.35752,-1.35752,1.57009e-16
ENSG00000183734,0.945511,-0.181388,0.26034,0.0558271
ENSG00000183735,-0.0534261,0.132234,-0.372544,-0.169925
ENSG00000183741,-0.289798,-3.23625,-2.64124,-4.15601
ENSG00000183763,-4.29529,3.11666,-3.11666,3.14018e-16
ENSG00000183773,1.20027,1.20877,0.671615,1.32963
ENSG00000183784,0.907373,-0.224995,0.264471,0.0279139
ENSG00000183793,-0.17731,0.186764,0.253857,0.311567
ENSG00000183808,0.0730088,1.13798,1.40759,1.79999
ENSG00000183826,-1.41578,-2.86586,1.1235,-1.23204
ENSG00000183828,-0.660122,1.88197,1.78557,2.59334
ENSG00000183844,-1.69255,-1.31459,-1.40689,-1.92438
ENSG00000183856,-0.320754,0.616142,-2.14987,-1.08451
ENSG00000183891,0.679353,0.112009,-0.687271,-0.406771
ENSG00000183960,1.92748,0.977037,-0.977037,-7.85046e-17
ENSG00000183963,2.1814,0.855646,1.30134,1.52522
ENSG00000183977,1.71833,0.102319,-0.439778,-0.23862
ENSG00000184005,-1.60569,-2.3188,-1.53085,-2.72211
ENSG00000184014,0.761112,1.70157,0.820356,1.78327
ENSG00000184056,2.58498,1.72487,-0.748318,0.690524
ENSG00000184076,2.0005,2.32009,-1.15672,0.822623
ENSG00000184154,2.81518,-1.9309,-1.9309,-2.73071
ENSG00000184163,-1.3528,1.12302,1.12302,1.58819
ENSG00000184164,4.94246,4.79997,4.11547,6.30417
ENSG00000184178,0.569682,0.855128,1.07558,1.36521
ENSG00000184182,-0.187173,-1.05987,-0.609073,-1.18012
ENSG00000184203,-1.57835,-1.91692,2.14154,0.158833
ENSG00000184207,2.81256,-1.441,-1.61893,-2.16369
ENSG00000184209,4.54615,1.45181,1.38505,2.00596
ENSG00000184227,1.60877,0.520476,1.88067,1.69787
ENSG00000184232,0.438141,-0.76843,0.721466,-0.0332091
ENSG00000184271,-0.936064,-0.449983,-0.76816,-0.861357
ENSG00000184277,-1.38727,0.264571,3.70998,2.81043
ENSG00000184281,-0.595427,-0.0343743,-0.114891,-0.105547
ENSG00000184292,0.39538,0.277835,0.807999,0.7678
ENSG00000184293,-0.844864,0.0430739,0.305772,0.246671
ENSG00000184313,1.29874,0.758821,1.9231,1.8964
ENSG00000184363,-1.02473,1.0557,-1.08966,-0.0240125
ENSG00000184371,-0.21274,0.545001,0.379116,0.653449
ENSG00000184381,-2.53532,-1.98819,-5.1318,-5.03459
ENSG00000184389,-2.12077,-1.63827,-1.43165,-2.17076
ENSG00000184402,-1.87272,-2.23564,-2.2093,-3.14305
ENSG00000184428,-1.16487,-0.777194,-0.129105,-0.64085
ENSG00000184432,1.60821,1.4937,1.30364,1.97802
ENSG00000184436,4.07368,-0.020002,-0.591505,-0.432401
ENSG00000184445,6.91436,2.03588,1.33839,2.38597
ENSG00000184470,0.505355,0.660177,0.157507,0.57819
ENSG00000184497,-0.981957,-0.065474,0.888665,0.582084
ENSG00000184500,0.569969,0.602043,0.602043,0.851418
ENSG00000184508,3.84749,-0.473947,3.18349,1.91594
ENSG00000184517,0.0630979,0.886464,1.81661,1.91136
ENSG00000184524,-1.31469,-1.49671,-0.376127,-1.3243
ENSG00000184545,0.867817,3.2098,0.75782,2.80553
ENSG00000184574,-0.64487,0.0169373,-0.957487,-0.665069
ENSG00000184584,1.55751,0.409434,0.402785,0.574326
ENSG00000184602,-1.72129,-0.517947,-1.82781,-1.6587
ENSG00000184613,0.0827172,-0.732531,-2.07066,-1.98216
ENSG00000184619,0.517939,-1.43505,-1.43505,-2.02947
ENSG00000184635,-1.76896,2.95486,1.83357,3.38593
ENSG00000184661,1.43242,1.40224,1.43822,2.00851
ENSG00000184677,-1.15706,-0.371296,-0.371296,-0.525092
ENSG00000184702,1.35854,1.03008,-0.383479,0.457218
ENSG00000184708,-2.24412,-1.50522,-0.493479,-1.41329
ENSG00000184719,-0.963159,0.370372,0.389602,0.537383
ENSG00000184730,2.35173,0.514373,0.721852,0.874143
ENSG00000184731,-1.90242,-2.9783,0.040949,-2.07702
ENSG00000184743,-4.95751,-3.61866,3.2808,-0.238908
ENSG00000184752,-2.3632,-3.42258,-0.954527,-3.09508
ENSG00000184787,0.741906,0.392037,1.72248,1.49519
ENSG00000184840,-2.43168,0.0565877,-1.90753,-1.30882
ENSG00000184857,2.40499,0.163455,-1.812,-1.16569
ENSG00000184860,1.2735,2.5816,-0.66319,1.35652
ENSG00000184887,1.83523,2.19279,1.8182,2.8362
ENSG00000184898,-2.97137,-1.22519,-1.2644,-1.76041
ENSG00000184923,-0.407788,0.913919,-0.724552,0.133903
ENSG00000184925,-0.472072,-0.77994,-0.217894,-0.705575
ENSG00000184939,0.631202,0.966735,-1.52452,-0.394411
ENSG00000184967,-0.235959,0.170399,0.0159782,0.131789
ENSG00000184983,2.453,-0.265754,-0.179758,-0.315025
ENSG00000184985,-0.538913,0.930826,-0.308959,0.439726
ENSG00000184986,-1.67684,-1.79175,1.96326,0.121276
ENSG00000184988,-1.90641,0.731738,0.707131,1.01743
ENSG00000184990,2.29713,0.230264,1.20343,1.01377
ENSG00000184992,0.412237,0.0418513,0.20339,0.173411
ENSG00000185000,0.110261,1.2966,1.1362,1.72025
ENSG00000185009,-0.868799,0.042905,-1.72888,-1.19217
ENSG00000185015,-0.655102,-0.516367,0.521573,0.00368077
ENSG00000185019,-0.959282,-0.583874,-0.390839,-0.689226
ENSG00000185022,-3.11287,-0.887256,1.97733,0.7708
ENSG00000185033,-0.613974,-0.311377,0.989442,0.479465
ENSG00000185043,2.1496,1.2169,0.373156,1.12434
ENSG00000185088,0.868485,-1.15934,-1.80752,-2.09789
ENSG00000185101,-1.77869,-2.05646,-1.08966,-2.22464
ENSG00000185112,-1.64439,-1.60317,-1.84097,-2.43537
ENSG00000185122,1.8695,0.103402,1.2359,0.947029
ENSG00000185127,0.408982,1.59655,1.55605,2.22923
ENSG00000185158,2.45137,0.407752,0.570097,0.691443
ENSG00000185163,0.684541,-0.0407037,0.20106,0.113389
ENSG00000185168,-1.76646,0.58861,-0.14426,0.314203
ENSG00000185187,0.96651,-0.598842,-0.610446,-0.855096
ENSG00000185198,1.60822,0.120218,0.227614,0.245954
ENSG00000185201,1.66024,0.10005,-0.0868306,0.00934758
ENSG00000185215,2.09231,0.602047,-0.666236,-0.045388
ENSG00000185236,0.782627,1.16823,0.953505,1.50029
ENSG00000185245,-0.499273,-0.392452,-1.20408,-1.12892
ENSG00000185252,-1.6963,0.359821,0.409866,0.54425
ENSG00000185261,-0.662971,-0.0454409,0.603073,0.394305
ENSG00000185262,-2.1925,1.39818,1.10387,1.76921
ENSG00000185272,2.20305,1.63305,-0.764162,0.614399
ENSG00000185298,-0.221228,-1.32868,-0.93494,-1.60062
ENSG00000185304,-0.85419,-1.16422,-1.16422,-1.64646
ENSG00000185338,0.552386,-0.403663,-0.385743,-0.558194
ENSG00000185339,0.288519,-2.80705,0.27004,-1.79394
ENSG00000185340,-3.21048,-1.43868,2.93281,1.05651
ENSG00000185344,-3.73445,-1.78366,-3.59359,-3.80229
ENSG00000185347,-1.46402,-2.0695,2.06897,-0.000376036
ENSG00000185359,-2.94955,1.9966,0.828292,1.9975
ENSG00000185361,-0.077907,-1.34839,-0.392632,-1.23109
ENSG00000185379,-0.433344,-0.627482,-1.14159,-1.25092
ENSG00000185404,-0.921082,-0.687341,1.89385,0.853129
ENSG00000185418,0.780195,1.42561,2.3405,2.66304
ENSG00000185420,1.63356,-0.656188,-2.81704,-2.45594
ENSG00000185432,3.38594,-0.329818,-2.85881,-2.2547
ENSG00000185437,3.68063,0.685441,-2.16664,-1.04737
ENSG00000185442,0.684119,1.01753,0.188563,0.852833
ENSG00000185453,-0.817899,0.831521,0.888744,1.21641
ENSG00000185477,2.89608,-0.396852,1.02374,0.44328
ENSG00000185480,0.981347,-0.214679,-0.689409,-0.639286
ENSG00000185482,2.67983,4.31957,4.31957,6.10879
ENSG00000185499,1.4846,-0.0786147,-0.0786147,-0.111178
ENSG00000185507,-0.490272,-0.777083,2.48835,1.21005
ENSG00000185513,1.37915,4.16721,0.725881,3.45994
ENSG00000185522,-0.406176,0.761378,-2.76467,-1.41654
ENSG00000185527,1.4714,-1.56048,0.385554,-0.830797
ENSG00000185591,-2.71241,-3.5835,-3.56356,-5.05373
ENSG00000185608,-0.793679,-2.4362,3.43362,0.705284
ENSG00000185614,4.6227,0.407094,-0.407094,-3.92523e-17
ENSG00000185619,-2.6616,-5.70726,1.89784,-2.69366
ENSG00000185621,0.924976,-1.1092,0.846397,-0.185828
ENSG00000185630,2.20587,0.979724,1.5382,1.78044
ENSG00000185633,-1.77584,-4.67456,-2.27616,-4.9149
ENSG00000185651,2.60659,2.02759,2.02698,2.86701
ENSG00000185658,1.29623,-0.153332,-0.655299,-0.571789
ENSG00000185684,-0.336346,-0.433096,-0.0877122,-0.368267
ENSG00000185686,0.850132,-0.977767,0.144029,-0.589542
ENSG00000185689,4.12253,0.135243,2.58535,1.92375
ENSG00000185697,3.08196,1.89744,-1.18848,0.501306
ENSG00000185716,0.534888,-1.77483,1.83683,0.04384
ENSG00000185721,-0.200164,0.17677,-2.7324,-1.8071
ENSG00000185736,-0.498879,-1.29843,-1.7982,-2.18965
ENSG00000185745,0.0498405,-2.46303,1.08702,-0.972985
ENSG00000185798,2.36864,0.90931,-2.18629,-0.902961
ENSG00000185800,-1.69619,-1.29828,0.161089,-0.804113
ENSG00000185818,-0.215595,0.167874,-1.99996,-1.29548
ENSG00000185838,1.13531,0.943291,1.719,1.88253
ENSG00000185864,-0.898531,-0.792365,0.254805,-0.380112
ENSG00000185869,0.858579,-1.6565,-1.6565,-2.34265
ENSG00000185875,-2.25231,-0.813741,-1.13151,-1.3755
ENSG00000185880,-0.530636,-0.709375,-0.119978,-0.586441
ENSG00000185885,2.86877,1.40085,-0.0104172,0.983186
ENSG00000185900,2.14696,-0.788226,0.132292,-0.463815
ENSG00000185905,-1.89188,-0.960496,-0.960496,-1.35835
ENSG00000185909,4.3445,3.69991,2.97796,4.72197
ENSG00000185917,-0.803404,-0.0701334,0.967676,0.634658
ENSG00000185920,0.648655,1.71353,-1.03721,0.478226
ENSG00000185924,2.4585,2.01769,2.3622,3.09705
ENSG00000185946,-1.23941,-0.582418,-0.586128,-0.826287
ENSG00000185947,0.949564,-0.123851,-0.123851,-0.175151
ENSG00000185963,0.859535,0.674703,-0.849108,-0.123323
ENSG00000185989,-2.74666,-0.999734,1.04319,0.0307269
ENSG00000186001,-0.441428,-2.05979,2.05979,-3.14018e-16
ENSG00000186010,7.21637,7.87719,4.99109,9.09925
ENSG00000186017,0.304862,0.823979,1.62005,1.72819
ENSG00000186020,1.60022,-1.39246,2.27354,0.623015
ENSG00000186026,-0.313538,0.267383,-0.593964,-0.230928
ENSG00000186047,-0.919451,0.0236908,-0.0236908,-2.45327e-18
ENSG00000186088,3.70855,2.06947,-1.85775,0.149709
ENSG00000186130,1.80808,1.59143,0.470204,1.45779
ENSG00000186132,1.93311,1.74678,-2.54663,-0.565582
ENSG00000186153,-1.83169,-0.0198523,0.12001,0.0708219
ENSG00000186184,-2.21036,-2.25528,-2.91257,-3.65422
ENSG00000186185,3.65499,-1.81059,-0.674782,-1.75743
ENSG00000186187,-1.09339,1.12199,-1.36787,-0.173865
ENSG00000186188,0.43531,0.485869,-0.182987,0.21417
ENSG00000186193,0.927059,-0.756287,0.53218,-0.158468
ENSG00000186204,1.31399,0.965453,0.715316,1.18848
ENSG00000186230,2.40128,-1.94376,-1.76782,-2.62449
ENSG00000186231,0.73062,0.802342,-2.07398,-0.899185
ENSG00000186272,-0.339448,-2.17862,2.18373,0.00361079
ENSG00000186281,-2.43639,-0.314,-1.03322,-0.952628
ENSG00000186283,-2.32498,-0.277927,-2.28611,-1.81304
ENSG00000186300,-2.67527,0.758782,-0.785121,-0.0186251
ENSG00000186314,1.85639,-0.812971,-0.812971,-1.14971
ENSG00000186318,-1.04396,0.0456329,0.0543614,0.0707067
ENSG00000186350,1.4312,1.18829,1.16963,1.6673
ENSG00000186395,-0.126586,-0.375276,-0.0299121,-0.286511
ENSG00000186409,-0.504596,-0.511174,0.897961,0.2735
ENSG00000186431,1.15352,-0.0860529,0.360888,0.194337
ENSG00000186432,-0.437153,-0.778782,-0.902946,-1.18916
ENSG00000186446,-2.24636,0.215201,0.0752882,0.205407
ENSG00000186448,-1.90634,-0.043317,-2.17221,-1.56661
ENSG00000186468,2.87743,1.87955,1.5299,2.41085
ENSG00000186470,12.8841,10.6696,10.5396,14.9971
ENSG00000186480,0.0463977,-0.137321,1.69569,1.10194
ENSG00000186496,-0.683621,-2.05404,-0.7309,-1.96925
ENSG00000186501,3.55368,4.54146,3.90346,5.97146
ENSG00000186522,2.71669,3.24174,-0.0754613,2.2389
ENSG00000186529,-0.570007,0.866852,0.571134,1.01681
ENSG00000186532,-0.681081,0.50563,-1.13798,-0.447139
ENSG00000186567,-2.35537,-0.183774,-1.09395,-0.903485
ENSG00000186575,-2.20091,-2.65562,-1.04877,-2.6194
ENSG00000186591,-2.80766,-1.90117,-0.380043,-1.61306
ENSG00000186594,1.88204,-0.125081,0.125081,-1.96262e-17
ENSG00000186628,-1.24275,1.5176,1.16419,1.89631
ENSG00000186638,0.851199,-0.150704,2.09472,1.37463
ENSG00000186642,0.287094,-0.579367,-0.135139,-0.505232
ENSG00000186648,-2.78504,-2.13855,-2.39759,-3.20754
ENSG00000186660,3.01507,2.60154,-0.172285,1.71774
ENSG00000186666,4.4249,0.683555,0.546788,0.869984
ENSG00000186687,-1.26274,-0.735081,-0.650296,-0.979609
ENSG00000186716,0.276389,0.188308,-0.290715,-0.0724128
ENSG00000186765,-0.509279,-0.328952,-1.10378,-1.0131
ENSG00000186792,-0.730824,-2.33898,-3.05755,-3.81592
ENSG00000186806,-1.72942,-1.58402,2.02718,0.313366
ENSG00000186814,-1.47857,1.82221,1.40577,2.28253
ENSG00000186815,-1.91998,1.58668,-0.418927,0.825727
ENSG00000186818,-0.831542,-1.52544,-0.533409,-1.45583
ENSG00000186854,-0.603597,-0.735707,-0.539809,-0.901925
ENSG00000186862,-4.36891,-1.08012,-1.24009,-1.64063
ENSG00000186866,3.82307,-0.310816,2.61481,1.62917
ENSG00000186868,5.0347,5.27079,-1.46174,2.69341
ENSG00000186889,-2.39949,-1.29805,-0.710587,-1.42032
ENSG00000186891,-1.77957,-0.389721,-1.81603,-1.5597
ENSG00000186998,0.636014,-0.591133,0.846696,0.180711
ENSG00000187010,0.858164,1.44489,1.35752,1.98161
ENSG00000187017,-2.38438,0.0799061,0.566921,0.457376
ENSG00000187037,2.04283,2.01064,1.92417,2.78233
ENSG00000187049,-1.98266,-2.42789,-0.947058,-2.38645
ENSG00000187091,-2.83229,1.08696,-1.08696,0
ENSG00000187097,1.96889,1.31063,0.494077,1.27612
ENSG00000187098,-3.59872,-3.46556,0.884999,-1.82473
ENSG00000187105,1.80312,0.709046,1.04793,1.24237
ENSG00000187118,0.393658,-0.351641,-0.408923,-0.5378
ENSG00000187134,0.205322,0.734611,-1.27467,-0.381877
ENSG00000187164,0.934823,0.808276,0.72497,1.08417
ENSG00000187166,-0.816154,-0.489887,-2.03754,-1.78716
ENSG00000187187,2.43645,-0.0541233,0.525318,0.333185
ENSG00000187189,1.02046,-1.7642,0.0810873,-1.19014
ENSG00000187193,-0.889603,0.873683,0.715922,1.12402
ENSG00000187210,2.61483,2.83216,-0.653106,1.54082
ENSG00000187239,0.96619,0.98044,0.424486,0.993433
ENSG00000187244,0.175228,1.33948,0.22472,1.10606
ENSG00000187260,-0.27282,-1.18917,0.708773,-0.339691
ENSG00000187474,-0.318831,0.348117,1.18424,1.08354
ENSG00000187486,-4.90792,-3.07998,-0.724489,-2.69017
ENSG00000187513,0.0559107,-1.28687,-0.712518,-1.41378
ENSG00000187522,1.17907,-0.43467,-0.43467,-0.614716
ENSG00000187535,-2.30041,-0.57022,-0.859807,-1.01118
ENSG00000187554,0.682474,-0.339599,-0.189809,-0.374348
ENSG00000187595,-1.10045,1.85167,2.16793,2.84229
ENSG00000187608,1.04498,0.353566,0.249478,0.426416
ENSG00000187609,-0.695623,0.490448,0.502269,0.701957
ENSG00000187624,-1.99494,-0.977393,-0.858426,-1.29812
ENSG00000187642,0.501687,2.08914,1.44696,2.5004
ENSG00000187650,1.62062,-0.372201,-0.744199,-0.789414
ENSG00000187676,0.512155,0.00934626,0.520187,0.374437
ENSG00000187688,-0.256347,0.720399,0.489299,0.855385
ENSG00000187713,-0.378689,0.888581,-1.75494,-0.612609
ENSG00000187726,-3.07882,-1.82419,-3.01771,-3.42374
ENSG00000187735,1.28369,1.04151,-2.38397,-0.949265
ENSG00000187741,-0.762218,-1.54248,-0.0953048,-1.15809
ENSG00000187742,1.17373,0.126085,-1.72646,-1.13164
ENSG00000187764,0.206926,-1.04974,0.900287,-0.105678
ENSG00000187775,1.64901,-0.393696,0.182519,-0.149324
ENSG00000187778,1.35898,1.26988,4.02634,3.74499
ENSG00000187800,2.54461,0.891594,-1.03715,-0.102923
ENSG00000187815,-3.56346,-1.40205,0.971291,-0.304594
ENSG00000187824,-0.559415,-0.556076,-0.651322,-0.853759
ENSG00000187837,-0.631349,-0.157878,-1.68651,-1.30418
ENSG00000187860,3.78598,4.21143,3.16856,5.21844
ENSG00000187862,0.177337,0.379649,0.37733,0.535265
ENSG00000187866,-0.128972,-0.375677,-0.375677,-0.531288
ENSG00000187902,0.25333,1.58516,-0.123528,1.03353
ENSG00000187961,1.23551,1.48855,1.36514,2.01787
ENSG00000187997,0.215425,-1.21303,-1.12867,-1.65584
ENSG00000188004,0.522136,0.0333283,-0.944292,-0.644149
ENSG00000188011,-0.127597,-2.14695,-2.14695,-3.03624
ENSG00000188015,-2.07249,0.534672,-1.96304,-1.01001
ENSG00000188026,3.07302,0.0542346,-0.275799,-0.15667
ENSG00000188051,1.99633,1.62337,-1.50588,0.0830829
ENSG00000188130,-0.906685,-1.3546,-1.13371,-1.7595
ENSG00000188171,0.349204,-0.52877,0.592093,0.0447761
ENSG00000188185,0.46304,0.505944,0.378244,0.625216
ENSG00000188186,-1.25134,0.298063,0.673284,0.686846
ENSG00000188211,1.77422,2.57682,4.34665,4.89563
ENSG00000188227,1.38884,0.896891,0.896891,1.2684
ENSG00000188282,-0.291249,-0.785691,-0.804073,-1.12413
ENSG00000188290,-1.89697,-0.247315,-0.806777,-0.745356
ENSG00000188295,-0.42541,-0.112794,0.0127668,-0.07073
ENSG00000188305,-3.57849,-0.37055,-3.0995,-2.45369
ENSG00000188313,-1.28953,-0.662075,-0.856647,-1.0739
ENSG00000188315,-2.96944,-3.75498,-1.19257,-3.49845
ENSG00000188321,0.706164,0.817062,0.342624,0.820022
ENSG00000188342,-0.0915242,0.168287,0.168287,0.237994
ENSG00000188372,-1.55401,-0.591485,0.221774,-0.261425
ENSG00000188385,-0.717186,-2.85669,0.390818,-1.74363
ENSG00000188389,-0.241354,-0.407228,0.909273,0.354999
ENSG00000188428,-0.589189,-0.752804,0.591732,-0.113895
ENSG00000188493,0.686144,0.747289,-0.279887,0.330503
ENSG00000188542,-1.41116,-0.426352,0.944335,0.366269
ENSG00000188549,3.27293,1.4876,1.56352,2.15747
ENSG00000188554,-2.24119,-2.3268,-2.26429,-3.24639
ENSG00000188566,-0.857598,0.580922,-3.15023,-1.81677
ENSG00000188582,-1.12035,1.56555,-1.00013,0.399814
ENSG00000188603,-2.7192,-1.28403,1.57275,0.204161
ENSG00000188612,3.00003,3.45286,5.08182,6.03493
ENSG00000188641,-2.68199,2.35623,-6.56273,-2.97444
ENSG00000188647,-0.0158547,-1.20705,-1.28045,-1.75893
ENSG00000188649,0.561147,1.70388,0.507956,1.564
ENSG00000188672,-0.651427,-0.336721,-0.172285,-0.359922
ENSG00000188677,1.20769,1.67398,0.340246,1.42428
ENSG00000188687,-1.53115,0.585455,0.797154,0.977652
ENSG00000188690,2.63619,2.93127,2.79556,4.04948
ENSG00000188732,-0.467497,1.44855,-14.4792,-9.21405
ENSG00000188747,-0.153472,0.732993,-0.247962,0.342969
ENSG00000188761,1.6462,-0.0544135,1.6251,1.11064
ENSG00000188779,3.648,3.94598,3.75856,5.44793
ENSG00000188785,1.8839,-0.167293,0.586087,0.296133
ENSG00000188811,1.08712,-1.24616,-0.119409,-0.965604
ENSG00000188818,0.539901,1.07593,0.204215,0.905203
ENSG00000188820,-1.43391,-1.15282,-1.17003,-1.6425
ENSG00000188825,0.29093,2.3243,0.311692,1.86393
ENSG00000188846,-0.8325,-1.0155,-0.913627,-1.3641
ENSG00000188868,1.52846,-1.57813,-1.57813,-2.23182
ENSG00000188878,-0.749237,1.13457,1.15882,1.62168
ENSG00000188895,-2.30323,0.358245,2.29989,1.87958
ENSG00000188897,-1.80587,-2.09002,-1.21216,-2.33499
ENSG00000188906,1.94006,-0.431651,-0.118958,-0.38934
ENSG00000188921,1.47228,0.567776,0.486785,0.745687
ENSG00000188938,-4.08592,-4.22434,-1.99561,-4.39817
ENSG00000188976,-1.01539,-0.455437,-1.21955,-1.1844
ENSG00000188986,-0.167404,0.601506,1.26876,1.32248
ENSG00000188994,0.352256,1.00023,1.00023,1.41454
ENSG00000188997,1.87329,-2.05872,3.91374,1.31169
ENSG00000189007,0.754072,0.478129,1.33271,1.28046
ENSG00000189042,-1.10958,2.82048,-2.82048,0
ENSG00000189043,0.973482,-1.70763,-3.10696,-3.40443
ENSG00000189046,-1.02579,-0.304433,-0.304433,-0.430533
ENSG00000189050,-2.21946,-1.62793,-1.61507,-2.29315
ENSG00000189057,-1.40341,0.371278,0.371278,0.525066
ENSG00000189077,1.49426,0.324733,1.13675,1.03342
ENSG00000189129,-1.69682,-1.31243,-1.4939,-1.98438
ENSG00000189134,-7.69877,-2.12922,0.225294,-1.34628
ENSG00000189143,0.695691,-0.285315,0.418528,0.094196
ENSG00000189171,-3.28708,-0.647189,-0.883804,-1.08257
ENSG00000189182,1.66813,1.19982,0.762552,1.38761
ENSG00000189190,0.407285,-0.772001,-0.763433,-1.08572
ENSG00000189227,-2.79147,-1.16752,-2.67685,-2.71838
ENSG00000189233,2.61231,-0.552691,-1.36562,-1.35645
ENSG00000189241,-1.7776,-0.844759,0.603815,-0.170373
ENSG00000189269,2.54143,0.934039,0.821071,1.24105
ENSG00000189280,-2.42638,-0.396057,0.283661,-0.0794755
ENSG00000189298,-10.9944,-7.41307,1.55584,-4.14169
ENSG00000189306,-0.49947,1.13777,1.08261,1.57005
ENSG00000189308,0.812261,3.14842,3.14842,4.45253
ENSG00000189350,1.33236,0.305992,0.603025,0.642772
ENSG00000189362,1.84666,1.18694,-0.0881956,0.776933
ENSG00000189376,0.871599,1.50424,-0.444745,0.749176
ENSG00000189409,-0.244552,0.604339,1.14838,1.23936
ENSG00000189419,0.872731,0,-0.555736,-0.392965
ENSG00000189430,-0.813838,0.567566,0.100868,0.472655
ENSG00000196072,-1.88616,-1.34255,-2.58311,-2.77586
ENSG00000196074,0.310315,-0.383381,0.779852,0.280347
ENSG00000196110,-1.68665,-1.73133,-1.87693,-2.55142
ENSG00000196116,-1.60911,-2.0438,-0.0319197,-1.46776
ENSG00000196123,-3.19105,-1.12067,-0.739105,-1.31506
ENSG00000196139,0.796382,-0.433513,0.984294,0.389462
ENSG00000196150,1.35391,-1.74375,1.74375,-3.14018e-16
ENSG00000196151,0.896868,0.461391,0.903282,0.96497
ENSG00000196152,-3.43525,-3.36408,-1.19266,-3.2221
ENSG00000196154,-1.71518,-0.472241,-0.801339,-0.900557
ENSG00000196155,4.92792,2.96191,2.96191,4.18877
ENSG00000196172,-0.661372,-1.58029,-1.65155,-2.28525
ENSG00000196177,-1.52435,0.454316,-1.01009,-0.39299
ENSG00000196187,-0.199744,0.229863,-0.473715,-0.172429
ENSG00000196189,-1.12702,-1.98819,-1.793,-2.6737
ENSG00000196199,0.551399,0.713027,0.883605,1.12899
ENSG00000196209,2.29312,0.123639,-0.512197,-0.274752
ENSG00000196214,1.55861,-0.569872,-2.03831,-1.84426
ENSG00000196218,-1.13017,0.158195,0.218036,0.266036
ENSG00000196230,-13.5484,1.474,1.474,2.08454
ENSG00000196236,6.57829,4.87467,4.87467,6.89382
ENSG00000196247,0.740789,-0.973512,5.21255,2.99745
ENSG00000196262,1.9548,2.50367,2.84143,3.77955
ENSG00000196263,1.20868,-0.18982,3.87494,2.60577
ENSG00000196267,-0.541239,2.27629,2.27629,3.21915
ENSG00000196284,-0.930421,-0.949152,-1.53813,-1.75878
ENSG00000196313,1.01342,2.40198,0.694268,2.18937
ENSG00000196329,-0.10623,-0.564681,0.455946,-0.0768877
ENSG00000196345,-2.13966,-1.51119,-0.876991,-1.6887
ENSG00000196352,0.401976,0.446681,0.218599,0.470424
ENSG00000196357,-1.51195,-2.01322,-1.96577,-2.81357
ENSG00000196363,-2.19203,-1.80625,-1.84808,-2.584
ENSG00000196365,3.42199,2.58061,2.39582,3.51887
ENSG00000196371,-0.762267,1.09044,0.970532,1.45733
ENSG00000196372,1.95293,1.14628,-1.81665,-0.474021
ENSG00000196378,-1.56813,-1.58596,-3.12525,-3.33133
ENSG00000196381,0.558795,1.19582,2.4004,2.54291
ENSG00000196388,-3.18614,0.0114937,0.45875,0.332512
ENSG00000196405,-0.231873,0.901005,1.87196,1.96079
ENSG00000196407,2.4438,-0.705002,1.22317,0.366401
ENSG00000196411,-1.93674,-1.38824,-1.65396,-2.15116
ENSG00000196417,-1.36514,2.1418,5.87631,5.66966
ENSG00000196418,0.0223716,0.280871,-0.451325,-0.120529
ENSG00000196419,-3.20397,-0.820845,-1.11176,-1.36656
ENSG00000196420,-3.04329,-0.976012,0.96859,-0.00524808
ENSG00000196421,0.107575,-1.82492,-2.65018,-3.16437
ENSG00000196422,1.32325,-0.909932,-0.116777,-0.725993
ENSG00000196428,0.323322,-1.51887,-0.663221,-1.54297
ENSG00000196453,-2.38697,-0.0804879,-0.135235,-0.152539
ENSG00000196455,2.60216,2.20044,2.60018,3.39455
ENSG00000196460,1.24223,-0.448945,-0.430611,-0.62194
ENSG00000196476,-2.07806,-1.23797,-1.98819,-2.28124
ENSG00000196502,1.39614,0.221338,-1.41264,-0.842375
ENSG00000196504,-2.31394,-2.43329,0.752543,-1.18847
ENSG00000196505,2.2217,1.5345,0.368362,1.34553
ENSG00000196510,-7.1901,4.48615,3.87692,5.91358
ENSG00000196511,7.48885,2.52752,-1.05389,1.04201
ENSG00000196517,1.26647,-1.69545,-0.106436,-1.27413
ENSG00000196526,0.704501,0.63291,-0.0376,0.420948
ENSG00000196531,-0.36517,-0.249172,-0.389706,-0.451755
ENSG00000196535,-1.0976,1.95664,-2.38658,-0.304017
ENSG00000196544,-2.68458,1.70439,-1.70439,1.57009e-16
ENSG00000196557,-2.92843,-3.46922,-0.812871,-3.0279
ENSG00000196562,0.124803,0.331835,0.363549,0.491711
ENSG00000196569,-1.13091,2.95882,2.95882,4.1844
ENSG00000196576,-1.04067,-2.23915,3.06619,0.584809
ENSG00000196584,0.708663,0.628738,0.668232,0.917096
ENSG00000196586,0.0772389,1.4061,-0.0103057,0.986975
ENSG00000196605,0.287689,-0.378483,0.251559,-0.0897488
ENSG00000196611,-1.86704,-0.472609,-0.514523,-0.698007
ENSG00000196636,0.438499,-0.741907,0.624837,-0.082781
ENSG00000196652,1.78576,1.53879,1.44499,2.10985
ENSG00000196653,-2.21013,-0.281567,-0.302438,-0.412953
ENSG00000196655,2.01838,2.7224,2.10558,3.41389
ENSG00000196663,1.85081,0.174119,0.0242988,0.140303
ENSG00000196670,1.19331,2.3735,2.95662,3.76897
ENSG00000196678,1.49434,1.32289,-1.36179,-0.0275054
ENSG00000196683,-0.341452,-0.54275,-0.370153,-0.64552
ENSG00000196689,-0.360265,-0.7538,-0.464895,-0.861748
ENSG00000196693,0.557072,0.527368,0.949363,1.04421
ENSG00000196700,0.383422,-2.02764,-0.70324,-1.93102
ENSG00000196704,-1.56781,-0.718512,-0.190748,-0.642944
ENSG00000196705,0.398088,0.100136,0.248866,0.246781
ENSG00000196712,0.0759456,0.114808,-0.135644,-0.0147333
ENSG00000196715,-0.422358,0.730702,1.35633,1.47576
ENSG00000196724,-0.867402,0.225416,1.37042,1.12843
ENSG00000196730,-0.0167232,-0.0130562,0.309852,0.209866
ENSG00000196743,-0.253956,-1.03554,-0.62996,-1.17769
ENSG00000196776,-3.56722,-4.17026,-0.53452,-3.32678
ENSG00000196792,-0.741493,-0.71357,-2.36975,-2.18024
ENSG00000196793,1.05348,-0.715127,-0.284869,-0.707104
ENSG00000196812,-12.1383,-0.00890287,-11.159,-7.89689
ENSG00000196814,2.64429,2.82575,3.21385,4.27065
ENSG00000196821,3.04078,-0.0973641,-0.0973641,-0.137694
ENSG00000196839,2.92636,-0.0292339,-0.244459,-0.19353
ENSG00000196843,-3.63183,-2.37033,-2.3473,-3.33586
ENSG00000196865,-0.910201,-0.58232,0.58232,7.85046e-17
ENSG00000196867,-3.16111,-3.313,0.15026,-2.23639
ENSG00000196876,3.1466,2.59032,1.84139,3.13369
ENSG00000196878,-0.985175,0.296499,2.23752,1.79182
ENSG00000196890,1.23162,-0.143129,0.564988,0.298299
ENSG00000196914,1.4235,1.80633,1.80633,2.55453
ENSG00000196935,-1.54496,0.0676196,0.173105,0.170218
ENSG00000196937,3.22097,2.13668,2.7535,3.45788
ENSG00000196943,-0.639164,-0.784593,-0.784593,-1.10958
ENSG00000196950,1.87028,1.70612,1.96498,2.59586
ENSG00000196954,-1.50796,1.9342,-0.634314,0.91916
ENSG00000196961,-3.09356,0.218184,-2.61632,-1.69574
ENSG00000196968,-0.00920542,-0.0243939,0.548487,0.37059
ENSG00000196981,0.377386,0.57822,0.85432,1.01296
ENSG00000197006,-3.90605,-3.8851,-0.571293,-3.15115
ENSG00000197008,-0.379355,1.36453,-1.3279,0.0259033
ENSG00000197016,-3.64695,-2.25835,1.14184,-0.789492
ENSG00000197020,-1.16345,-3.32915,-2.28417,-3.96922
ENSG00000197037,0.279175,-0.0579712,-0.116184,-0.123147
ENSG00000197043,1.40823,0.382733,1.6207,1.41664
ENSG00000197054,-1.51067,1.19889,-0.606121,0.419154
ENSG00000197056,-5.36823,-0.305781,1.09901,0.560896
ENSG00000197062,10.4027,9.53073,9.48047,13.4429
ENSG00000197070,-0.0582164,-0.136027,-0.218801,-0.250902
ENSG00000197081,2.20795,-0.691701,-0.341405,-0.730516
ENSG00000197093,2.5968,2.12379,-1.57297,0.389489
ENSG00000197114,-0.173109,-1.29815,-1.28665,-1.82773
ENSG00000197121,1.08043,-1.80311,-3.03618,-3.42189
ENSG00000197122,3.27664,0.170459,0.170459,0.241065
ENSG00000197124,-1.58346,-0.0741037,-0.0555799,-0.0917002
ENSG00000197128,-0.99303,-0.210983,-0.477478,-0.486816
ENSG00000197134,0.0539566,-0.139693,-0.205732,-0.244253
ENSG00000197136,-3.56182,-5.23021,-5.11231,-7.31326
ENSG00000197142,1.8669,2.88089,-0.687311,1.55109
ENSG00000197147,3.48004,1.33962,-0.502368,0.592025
ENSG00000197150,-1.57541,1.31213,0.0418972,0.957439
ENSG00000197157,-1.02647,-2.60797,-2.59845,-3.6815
ENSG00000197165,2.62557,2.12854,1.48065,2.55208
ENSG00000197183,1.41326,0.249381,0.276956,0.372177
ENSG00000197191,1.07752,-0.7292,-0.658405,-0.981185
ENSG00000197217,-1.59605,0.457018,0.853114,0.926403
ENSG00000197226,1.21471,-0.39254,0.376771,-0.0111503
ENSG00000197249,0.242664,0.587929,0.27865,0.612764
ENSG00000197253,-1.28898,2.4949,1.83305,3.06032
ENSG00000197256,-0.13661,-0.583544,-1.42048,-1.41706
ENSG00000197279,-11.2644,-7.99169,8.60916,0.436621
ENSG00000197302,0.644184,0.989006,-0.952002,0.0261652
ENSG00000197312,-1.2778,-1.19197,-1.3582,-1.80324
ENSG00000197321,-0.147971,-1.69777,-1.37992,-2.17625
ENSG00000197324,-0.506363,-0.637707,1.58539,0.670111
ENSG00000197343,1.97174,1.48675,-0.436895,0.742356
ENSG00000197355,0.699394,0.293083,-0.44422,-0.10687
ENSG00000197361,1.02901,2.86511,1.73734,3.25443
ENSG00000197362,-1.46556,-1.67728,-1.58196,-2.30463
ENSG00000197363,1.39992,1.72214,-1.76899,-0.0331307
ENSG00000197372,0.971574,0.33408,0.185566,0.367445
ENSG00000197375,1.60849,2.64953,2.97344,3.97604
ENSG00000197381,2.54198,-0.232352,-0.665316,-0.634747
ENSG00000197385,-3.77908,-0.997026,-1.63873,-1.86376
ENSG00000197386,-0.0429742,1.54628,1.07002,1.85001
ENSG00000197417,-1.01505,1.28512,-0.0488803,0.874152
ENSG00000197448,-0.854893,-3.09044,-3.43941,-4.6173
ENSG00000197451,-3.06836,-1.83645,-2.75404,-3.24596
ENSG00000197457,-1.15153,-1.72097,-1.84977,-2.5249
ENSG00000197461,-2.50073,0.42943,0.109573,0.381133
ENSG00000197465,1.63191,1.21766,1.1761,1.69265
ENSG00000197497,1.22042,0.336164,0.400499,0.520899
ENSG00000197498,1.72834,1.08694,0.489785,1.11491
ENSG00000197530,-0.262977,1.53686,1.28093,1.99248
ENSG00000197535,3.93885,3.53339,2.38461,4.18466
ENSG00000197540,-0.781708,-1.32378,0.127164,-0.846135
ENSG00000197548,1.25585,0.709619,-0.2434,0.329666
ENSG00000197555,-1.63827,-2.38927,1.91202,-0.337468
ENSG00000197558,0.891151,1.42689,0.741225,1.53309
ENSG00000197561,0.725428,-2.69601,-0.0459219,-1.93884
ENSG00000197562,0.14548,0.991815,-0.527896,0.32804
ENSG00000197563,3.12342,1.25097,1.08088,1.64887
ENSG00000197568,1.88401,1.56066,1.72441,2.32289
ENSG00000197579,1.87439,0.337091,-0.350655,-0.00959092
ENSG00000197580,1.53517,1.39148,-2.06329,-0.475041
ENSG00000197586,0.637069,-1.62836,-2.43696,-2.87461
ENSG00000197599,0.472086,0.106544,0.630779,0.521366
ENSG00000197603,-2.23839,0.766615,0.704265,1.04007
ENSG00000197622,-3.76576,-2.62625,-2.62625,-3.71408
ENSG00000197629,-0.863413,0.101404,-0.488507,-0.273723
ENSG00000197646,-0.0240244,-0.0311877,0.247174,0.152725
ENSG00000197647,2.32817,-2.73021,2.73021,3.14018e-16
ENSG00000197653,2.06627,2.60347,5.4621,5.70322
ENSG00000197705,0.666697,-0.0196118,-0.253038,-0.192793
ENSG00000197712,-0.357573,-0.108043,-1.76428,-1.32393
ENSG00000197724,-4.80052,0.487009,2.53362,2.13591
ENSG00000197756,2.59071,0.388281,0.566533,0.675155
ENSG00000197763,1.26183,1.84605,0.309908,1.52449
ENSG00000197766,0.21311,-1.2312,0.506343,-0.512555
ENSG00000197771,0.655507,-0.369137,-0.704051,-0.758859
ENSG00000197780,1.84489,1.88911,1.52565,2.4146
ENSG00000197782,-0.11313,-0.701827,-0.719144,-1.00478
ENSG00000197798,0.743934,-1.28519,-2.26929,-2.5134
ENSG00000197816,0.861767,-0.301378,-1.88378,-1.54514
ENSG00000197818,0.341169,-0.396969,1.45422,0.747589
ENSG00000197841,-0.672374,-0.488462,-0.642951,-0.80003
ENSG00000197852,0.306504,1.60447,-0.897118,0.500176
ENSG00000197857,-2.44618,-1.62281,1.37568,-0.174753
ENSG00000197863,2.31567,0.765106,0.827135,1.12588
ENSG00000197885,-1.37593,2.24538,2.47267,3.33616
ENSG00000197894,0.692132,-0.0804879,-0.517069,-0.422537
ENSG00000197903,-5.90569,2.2457,-5.77126,-2.49295
ENSG00000197928,-2.01961,-2.29129,-2.28155,-3.23349
ENSG00000197933,6.4495,6.2735,6.26886,8.86878
ENSG00000197937,-0.41232,-0.653562,2.40054,1.2353
ENSG00000197943,0.782127,0.769966,1.11665,1.33404
ENSG00000197948,-0.697857,2.56444,0.305856,2.0296
ENSG00000197951,-3.91968,-2.71766,-2.63985,-3.78833
ENSG00000197956,0.933189,-0.297128,-0.83972,-0.803873
ENSG00000197958,4.3832,5.15815,5.30237,7.3967
ENSG00000197959,0.482454,-1.39889,-1.50172,-2.05104
ENSG00000197961,-2.47852,-2.02688,1.22519,-0.566885
ENSG00000197965,-0.271359,0.77572,0.42134,0.84645
ENSG00000197969,2.47942,2.25816,1.90939,2.9469
ENSG00000198000,1.96583,1.41252,0.927112,1.65437
ENSG00000198015,-1.74321,-0.192688,-1.70313,-1.34055
ENSG00000198018,-0.0900383,-1.86933,0.719433,-0.813098
ENSG00000198026,1.71672,1.53089,-2.95209,-1.00494
ENSG00000198039,1.963,-2.04115,0.0561725,-1.40359
ENSG00000198042,-2.0352,-0.649171,-1.49752,-1.51794
ENSG00000198053,-2.58948,-0.492865,-1.02291,-1.07182
ENSG00000198056,0.138966,-1.80868,-1.80868,-2.55787
ENSG00000198060,2.14879,-0.824473,0.8825,0.0410311
ENSG00000198087,-1.47302,-1.05719,-1.92005,-2.10523
ENSG00000198089,-2.26889,-1.52637,-0.929909,-1.73685
ENSG00000198093,-3.05676,-2.57588,-1.81786,-3.10684
ENSG00000198105,-0.255042,0.036613,0.803084,0.593755
ENSG00000198121,0.588664,1.38437,1.19047,1.82069
ENSG00000198131,2.11593,2.84255,2.81278,3.99893
ENSG00000198133,-0.462554,-1.54775,0.0228193,-1.07829
ENSG00000198142,3.6942,3.24491,3.41117,4.70656
ENSG00000198146,-0.251285,0.785292,-0.785292,0
ENSG00000198160,-1.39323,-0.0333794,-0.267326,-0.212631
ENSG00000198162,2.21248,2.17313,2.00948,2.95755
ENSG00000198168,0.876983,1.59284,2.56363,2.93907
ENSG00000198169,-1.93137,0.845921,-0.265622,0.410333
ENSG00000198171,-0.746908,-1.19793,-1.1096,-1.63167
ENSG00000198182,-1.34618,-1.55634,-1.37859,-2.07531
ENSG00000198189,0.817482,-0.230488,-2.76454,-2.1178
ENSG00000198198,-0.791945,1.34228,3.91008,3.71398
ENSG00000198208,5.3199,2.75254,2.75254,3.89268
ENSG00000198216,0.101329,-1.08257,-1.03489,-1.49727
ENSG00000198218,2.3841,0.889685,0.989546,1.32882
ENSG00000198225,2.8801,-2.47963,-1.03208,-2.48315
ENSG00000198231,-2.37477,-2.01115,-1.84312,-2.72538
ENSG00000198246,-0.813404,-0.393388,0.200399,-0.136464
ENSG00000198252,-0.224022,-1.08924,0.584339,-0.357018
ENSG00000198258,-0.245674,-1.15023,1.15023,0
ENSG00000198265,0.880581,0.840707,0.577373,1.00273
ENSG00000198270,0.51369,0.722771,1.59782,1.64091
ENSG00000198276,-0.0884281,2.15412,0.68164,2.00519
ENSG00000198286,0.305023,-0.37972,-1.75009,-1.506
ENSG00000198315,-11.3194,0.0710163,-1.30386,-0.871754
ENSG00000198324,0.345267,0.587196,-1.60081,-0.71673
ENSG00000198331,-0.696378,1.50003,0.793815,1.62199
ENSG00000198336,-0.817351,1.29313,1.29313,1.82876
ENSG00000198346,0.448541,-1.28562,-0.605919,-1.33752
ENSG00000198355,-0.956262,2.75901,1.65807,3.12335
ENSG00000198363,-0.4224,-0.620664,-2.45053,-2.17166
ENSG00000198380,-0.468282,-0.699616,-1.61856,-1.6392
ENSG00000198399,-3.45009,-3.17719,-1.73361,-3.47246
ENSG00000198400,2.68211,-0.474636,0.852793,0.267398
ENSG00000198408,-0.436791,-0.398829,-0.398829,-0.564029
ENSG00000198417,-2.18275,0.128103,0.15963,0.203458
ENSG00000198420,-3.79498,0.547758,0.758604,0.923737
ENSG00000198429,1.6559,1.1477,0.0649041,0.85744
ENSG00000198440,-2.54551,1.32817,1.18854,1.77958
ENSG00000198453,0.359536,-0.533848,1.55065,0.71899
ENSG00000198464,-0.710268,-0.235841,-0.352839,-0.416259
ENSG00000198466,-0.112338,0.354168,-0.41877,-0.0456806
ENSG00000198467,-0.280399,1.24815,1.19576,1.72811
ENSG00000198468,0.745881,0.712082,0.716243,1.00998
ENSG00000198482,-1.17799,0.196355,-0.0705778,0.0889383
ENSG00000198492,-1.24101,1.04571,0.402488,1.02403
ENSG00000198513,-1.12357,-1.42864,-1.42864,-2.0204
ENSG00000198517,-4.89192,-0.517254,0.536262,0.0134407
ENSG00000198521,-0.236028,1.01072,-1.57668,-0.400192
ENSG00000198522,4.33211,-2.72115,-1.45322,-2.95173
ENSG00000198554,2.64169,2.49457,3.48799,4.23031
ENSG00000198556,0.280456,1.20289,1.48961,1.90388
ENSG00000198561,4.30755,5.25284,-5.1144,0.0978926
ENSG00000198563,0.160277,-1.35911,3.87587,1.77962
ENSG00000198574,0.0270438,-0.279207,1.04112,0.538752
ENSG00000198576,0.119257,1.77247,1.03799,1.98729
ENSG00000198585,0.106301,-0.483658,-0.717428,-0.849296
ENSG00000198586,1.17068,1.06872,1.55192,1.85308
ENSG00000198590,-2.56217,-1.39114,-0.904931,-1.62357
ENSG00000198598,-2.60262,-1.35437,-1.46781,-1.99558
ENSG00000198624,-0.633731,-0.306796,0.404797,0.0692965
ENSG00000198625,1.23794,-2.79516,-3.01559,-4.10882
ENSG00000198673,-0.284679,-0.275635,-0.912246,-0.839959
ENSG00000198677,0.924292,0.766851,0.696614,1.03483
ENSG00000198680,2.47889,-0.144901,-1.2971,-1.01965
ENSG00000198682,0.856733,-1.90715,-0.750198,-1.87903
ENSG00000198690,1.19953,0.967149,0.40037,0.966982
ENSG00000198700,-2.51945,0.692944,1.19935,1.33806
ENSG00000198707,0.42761,0.0755875,-1.42158,-0.951761
ENSG00000198715,-0.906617,-0.162905,-0.998696,-0.821376
ENSG00000198718,-1.54958,-1.64072,-1.64072,-2.32033
ENSG00000198721,2.39014,2.97769,2.59573,3.941
ENSG00000198722,-3.98196,-1.48811,-2.07629,-2.52041
ENSG00000198728,0.288842,-0.15618,2.84648,1.90233
ENSG00000198730,-1.06664,-1.78155,-1.42047,-2.26417
ENSG00000198732,-0.656213,-1.11987,1.38887,0.190206
ENSG00000198734,0.864812,1.21392,0.370482,1.12034
ENSG00000198752,1.41839,0.489115,-0.789411,-0.212341
ENSG00000198755,-1.79196,-0.240684,-0.374794,-0.435209
ENSG00000198756,-0.345061,0.563399,-1.23045,-0.471675
ENSG00000198771,-1.85764,-1.22044,0.370272,-0.601156
ENSG00000198780,0.269894,-0.308271,0.518403,0.148586
ENSG00000198783,1.20366,2.44473,0.720271,2.23799
ENSG00000198791,1.39949,-0.594946,1.44097,0.598229
ENSG00000198792,2.43964,1.05541,1.75305,1.98588
ENSG00000198796,0.895529,-1.64167,0.540199,-0.778854
ENSG00000198799,3.02601,0.36717,0.36717,0.519257
ENSG00000198805,-0.981827,-0.387703,-0.551155,-0.663873
ENSG00000198815,-1.30056,0.0379462,1.2808,0.932494
ENSG00000198816,-0.329858,-0.501812,0.762677,0.184459
ENSG00000198818,0.312173,1.35485,0.866395,1.57066
ENSG00000198821,0.917229,0.550981,1.61308,1.53022
ENSG00000198825,-1.20089,-0.048476,-0.408689,-0.323264
ENSG00000198830,-3.20076,0.437375,0.475942,0.645813
ENSG00000198832,-1.94761,0.378279,-3.4473,-2.17012
ENSG00000198833,-0.211546,0.593135,0.502718,0.774885
ENSG00000198837,2.70788,1.91378,1.91294,2.7059
ENSG00000198841,-0.801298,-0.716351,-0.488148,-0.851709
ENSG00000198843,1.30264,-1.68905,-1.41055,-2.19175
ENSG00000198846,1.4883,-0.357205,-0.136966,-0.349432
ENSG00000198848,1.31231,0.961708,1.18853,1.52045
ENSG00000198853,3.77396,2.93774,1.08741,2.84622
ENSG00000198860,-1.67939,-1.55622,-1.03557,-1.83267
ENSG00000198865,0.783673,-0.478709,-0.645586,-0.794997
ENSG00000198870,0.522521,0.464915,-1.39918,-0.660623
ENSG00000198874,-0.609439,-0.942507,-1.27481,-1.56788
ENSG00000198879,-1.39216,-0.388037,-0.624252,-0.715797
ENSG00000198885,-0.609299,0.584582,-2.00296,-1.00295
ENSG00000198892,0.342486,-2.00034,2.26105,0.184349
ENSG00000198898,-1.33519,-0.218184,-2.10856,-1.64526
ENSG00000198900,-2.9887,-0.768672,-1.33648,-1.48857
ENSG00000198901,3.73091,0.342657,2.07836,1.71192
ENSG00000198909,2.60929,1.53099,1.73944,2.31254
ENSG00000198912,0.778623,-5.98069,-3.87827,-6.97133
ENSG00000198917,1.17168,5.09235,3.50118,6.07654
ENSG00000198919,1.25883,1.91501,1.61755,2.4979
ENSG00000198920,-1.54988,-0.423319,-1.11943,-1.09088
ENSG00000198924,-0.962491,0.509226,-0.695844,-0.131958
ENSG00000198925,1.66875,-0.503103,-0.788997,-0.913653
ENSG00000198929,1.57839,-1.83178,-0.364985,-1.55335
ENSG00000198933,0.33424,2.46292,0.659446,2.20785
ENSG00000198939,0.105987,0.01515,0.0502196,0.0462233
ENSG00000198945,0.0523278,0.701178,0.484694,0.838538
ENSG00000198948,1.92245,-1.24634,-0.778228,-1.43159
ENSG00000198951,6.00013,5.30551,16.0676,15.1131
ENSG00000198952,-1.09708,-0.232791,-0.938394,-0.828153
ENSG00000198959,-1.00459,0.910929,-0.550339,0.254976
ENSG00000198961,4.55287,4.34258,0.60385,3.49765
ENSG00000198964,-1.23118,0.542585,-0.500157,0.0300011
ENSG00000203326,-1.70514,-1.61453,1.0311,-0.412551
ENSG00000203485,0.674201,-1.3761,-0.773084,-1.5197
ENSG00000203666,-0.978993,0.566822,-1.53774,-0.68654
ENSG00000203697,-0.710619,-0.812871,-1.16483,-1.39845
ENSG00000203705,-0.243673,0.389378,-0.127977,0.184839
ENSG00000203710,0.0374361,0.178077,-0.0101005,0.118778
ENSG00000203747,0.624337,-0.546474,-0.57416,-0.792408
ENSG00000203760,0.0617185,0.402742,0.402742,0.569563
ENSG00000203772,0.687535,1.24016,-1.02084,0.155082
ENSG00000203778,0.326614,-1.28167,-1.28167,-1.81255
ENSG00000203791,-2.16969,-0.366986,-2.07867,-1.72934
ENSG00000203797,-2.3603,-4.41559,-4.37261,-6.2142
ENSG00000203801,-2.52383,0.0927418,0.772369,0.611726
ENSG00000203872,1.23958,1.519,1.79737,2.34503
ENSG00000203880,1.49967,1.26025,0.599341,1.31493
ENSG00000203965,-0.475258,0.335965,0.335965,0.475126
ENSG00000203999,1.11921,0.848763,1.28702,1.51023
ENSG00000204001,1.18357,1.52345,0.55717,1.47122
ENSG00000204010,0.633491,-2.41091,-1.94161,-3.0777
ENSG00000204084,1.47883,-0.0437018,-1.70154,-1.23407
ENSG00000204104,0.140879,-0.761357,0.133934,-0.443656
ENSG00000204120,1.39585,-1.76831,3.85975,1.47887
ENSG00000204130,0.952814,-0.7694,0.564843,-0.144644
ENSG00000204138,-2.36975,-0.656488,-2.50165,-2.23314
ENSG00000204147,0.980489,1.42896,0.429995,1.31448
ENSG00000204160,-2.96035,-2.82412,-3.09752,-4.18723
ENSG00000204161,0.142553,0.580779,-0.110353,0.332641
ENSG00000204178,1.06301,1.03421,-0.336721,0.493202
ENSG00000204186,2.94188,2.57022,0.670478,2.29152
ENSG00000204209,-9.09527,-4.59045,-0.305286,-3.46181
ENSG00000204219,2.09528,1.4299,0.0150023,1.0217
ENSG00000204227,3.61717,1.51975,1.51975,2.14925
ENSG00000204228,-2.84913,-2.90788,-3.84402,-4.77431
ENSG00000204231,5.3603,1.58592,-1.58592,0
ENSG00000204237,0.0106088,-0.340708,-0.167637,-0.359454
ENSG00000204241,3.09865,1.8992,0.933354,2.00292
ENSG00000204248,-2.48864,-0.767794,0.192591,-0.40673
ENSG00000204252,-8.12621,-2.46622,-0.839253,-2.33732
ENSG00000204257,-7.56767,-9.48061,-8.81809,-12.9391
ENSG00000204261,6.40353,1.22343,1.43438,1.87936
ENSG00000204262,0.0360004,0.513137,-1.14722,-0.448365
ENSG00000204264,3.58411,-2.21979,-1.93516,-2.938
ENSG00000204267,-0.141217,0.172565,-2.14944,-1.39786
ENSG00000204291,-0.362121,-1.38612,0.936303,-0.318069
ENSG00000204301,-9.1953,1.4569,5.20742,4.71239
ENSG00000204305,-9.19118,-10.0866,-10.6546,-14.6662
ENSG00000204308,5.62849,1.3905,9.053,7.38467
ENSG00000204310,0.228689,6.74673,-5.14037,1.13587
ENSG00000204311,2.36375,0.340415,-0.650993,-0.219612
ENSG00000204314,-10.3969,-0.906966,-2.40332,-2.34072
ENSG00000204315,6.23025,-2.42416,0.338364,-1.47488
ENSG00000204316,0.627732,0.966857,0.120487,0.768868
ENSG00000204344,-7.16867,2.52244,2.03814,3.22482
ENSG00000204347,-1.58679,0.0795176,-0.362971,-0.200432
ENSG00000204348,1.24091,-3.11194,-2.70463,-4.11294
ENSG00000204351,5.27931,1.56566,1.75543,2.34837
ENSG00000204356,7.48905,-1.39887,-0.449657,-1.30711
ENSG00000204381,-0.430706,0.411459,1.40446,1.28405
ENSG00000204386,13.0718,10.6647,6.26046,11.9679
ENSG00000204387,7.41483,1.34971,0.929559,1.61169
ENSG00000204392,8.86123,2.82004,2.80341,3.97638
ENSG00000204394,-10.184,-1.77395,-5.52125,-5.15849
ENSG00000204396,2.67385,1.50117,-1.26647,0.165956
ENSG00000204397,-0.0734185,-0.102124,-1.63318,-1.22704
ENSG00000204406,-0.78814,-0.754801,0.543749,-0.149236
ENSG00000204410,1.51722,0.853514,8.56724,6.66148
ENSG00000204420,-7.84788,-1.56204,-1.56204,-2.20906
ENSG00000204421,1.58492,0.60578,-0.60578,7.85046e-17
ENSG00000204435,-7.27185,-7.26084,-6.9144,-10.0234
ENSG00000204438,12.246,6.07762,10.6977,11.8619
ENSG00000204439,2.49537,-0.448067,-0.448067,-0.633663
ENSG00000204444,14.2001,10.6484,10.6484,15.0591
ENSG00000204463,2.71636,-1.16071,1.35323,0.136132
ENSG00000204469,11.0679,6.65148,2.65073,6.57766
ENSG00000204472,7.12406,1.88515,1.39228,2.3175
ENSG00000204475,-5.61784,-0.811195,-0.686389,-1.05895
ENSG00000204482,-4.11305,-0.538494,-0.552973,-0.771784
ENSG00000204498,-7.48453,-2.74175,-3.89515,-4.69299
ENSG00000204516,5.28389,0.314677,-4.98952,-3.30561
ENSG00000204520,0.83439,-0.0379622,1.82056,1.26049
ENSG00000204524,0.0758052,0.276194,0.19981,0.336586
ENSG00000204525,-9.78936,-2.71679,-1.47326,-2.96281
ENSG00000204536,-11.7719,-5.62568,-7.53755,-9.30781
ENSG00000204564,-2.31712,-0.828738,-0.834741,-1.17626
ENSG00000204568,1.50979,-0.249874,1.91028,1.17409
ENSG00000204577,0.844796,-0.902545,2.00989,0.783012
ENSG00000204580,3.42376,3.49402,6.42462,7.01353
ENSG00000204599,-4.05176,-2.53569,-1.78059,-3.05207
ENSG00000204604,-1.02898,0.148934,1.8333,1.40165
ENSG00000204618,5.65244,-0.0144209,1.44522,1.01173
ENSG00000204619,2.83115,0.55541,-2.64981,-1.48097
ENSG00000204628,0.272966,-0.0102014,0.488488,0.3382
ENSG00000204632,4.76641,-3.34744,-1.18935,-3.20799
ENSG00000204642,-0.820564,-0.716949,2.37098,1.16957
ENSG00000204644,-7.6086,-7.21205,-7.57667,-10.4572
ENSG00000204653,-2.41688,-3.09567,-2.68079,-4.08457
ENSG00000204681,-8.92038,-8.24043,0.703458,-5.32945
ENSG00000204713,-5.25636,-0.506135,-0.54958,-0.746503
ENSG00000204792,0.236526,-0.352182,-0.352182,-0.498061
ENSG00000204839,1.16364,0.394709,1.95555,1.66188
ENSG00000204842,0.440954,0.540938,0.0306594,0.40418
ENSG00000204843,-3.22994,-0.57603,-0.565767,-0.807373
ENSG00000204851,1.01418,0.915563,0.913477,1.29333
ENSG00000204852,0.333915,2.41851,7.38672,6.93334
ENSG00000204859,-2.06235,-2.0024,-3.98715,-4.23525
ENSG00000204882,-0.811772,0.202113,-0.122455,0.0563262
ENSG00000204920,0.437562,-0.485222,-0.370086,-0.604794
ENSG00000204923,-1.01799,-0.415228,-0.18796,-0.426519
ENSG00000204936,-0.182517,-1.25675,-0.755123,-1.42261
ENSG00000204946,-1.32052,0.619307,0.328287,0.67005
ENSG00000204947,-2.22774,-2.72376,-2.72376,-3.85197
ENSG00000204954,-2.32106,-0.827321,2.30134,1.04229
ENSG00000204977,-1.17957,-1.69496,-1.11665,-1.98811
ENSG00000204983,0.454846,0.238386,-0.0164433,0.156937
ENSG00000204991,-6.89075,1.52975,-7.17204,-3.9897
ENSG00000205038,0.968662,-1.57534,-2.71069,-3.03068
ENSG00000205045,1.33847,1.14417,0.809326,1.38133
ENSG00000205056,2.10527,0.299577,-0.29337,0.00438902
ENSG00000205060,0.883448,-0.310765,0.401851,0.0644079
ENSG00000205078,-0.30046,-0.103304,0.136931,0.0237779
ENSG00000205084,-2.12627,1.23339,0.503846,1.22841
ENSG00000205089,0.9243,1.95149,1.95149,2.75982
ENSG00000205138,0.0251568,-1.31614,-1.37236,-1.90106
ENSG00000205181,-0.666884,-0.290826,0.779447,0.345507
ENSG00000205220,-2.6149,-3.70192,-3.70192,-5.2353
ENSG00000205221,-5.60179,-2.42904,-0.119595,-1.80216
ENSG00000205250,-0.571085,3.66933,3.61408,5.15015
ENSG00000205269,2.50515,3.09936,3.27367,4.50641
ENSG00000205309,-5.41253,-2.6456,-1.25894,-2.76093
ENSG00000205336,-1.05575,-1.36261,-0.0418201,-0.993082
ENSG00000205339,1.1589,-1.55824,0.877362,-0.481455
ENSG00000205352,-3.26182,-3.51076,2.96482,-0.386039
ENSG00000205356,-0.643097,1.08808,0.642421,1.22365
ENSG00000205426,0.116933,2.8524,0.771208,2.56228
ENSG00000205464,-2.79537,-1.58573,-1.60675,-2.25743
ENSG00000205476,-1.74315,1.20911,0.528191,1.22846
ENSG00000205517,1.553,0.788159,1.03208,1.2871
ENSG00000205531,0.492028,0.430464,-1.86402,-1.01368
ENSG00000205544,1.12391,-2.9033,-2.70369,-3.96474
ENSG00000205560,-2.91653,-0.961101,-0.727005,-1.19367
ENSG00000205581,3.20785,-2.13023,0.356947,-1.2539
ENSG00000205593,-1.59573,-4.87072,1.53381,-2.35955
ENSG00000205611,-0.461414,0.920451,-1.6065,-0.48511
ENSG00000205643,-0.712158,-0.442256,-0.272432,-0.505361
ENSG00000205659,-0.536425,-0.407526,-0.745986,-0.815656
ENSG00000205683,1.17651,2.38458,1.29927,2.60488
ENSG00000205707,-0.32383,-1.43322,-0.69319,-1.5036
ENSG00000205710,0.10365,1.46283,1.95419,2.4162
ENSG00000205726,-4.25641,-3.516,2.92884,-0.415185
ENSG00000205791,3.70422,1.45005,0.551031,1.41497
ENSG00000205808,1.2503,2.038,1.88171,2.77166
ENSG00000205837,0.477935,-1.05941,-1.49333,-1.80506
ENSG00000205853,-1.01125,-1.186,-0.254831,-1.01882
ENSG00000205903,-2.77366,-2.12047,-2.56028,-3.30979
ENSG00000205927,-0.544313,-0.178997,0.296985,0.0834296
ENSG00000205937,-2.48938,0.235708,-0.813135,-0.408303
ENSG00000205959,1.6184,1.81072,1.78302,2.54116
ENSG00000205978,2.36974,1.8128,0.449011,1.59934
ENSG00000206013,0.120369,-2.05886,-1.12166,-2.24897
ENSG00000206052,-1.02928,0.565776,1.50522,1.46441
ENSG00000206113,-2.60409,-2.57807,0.0598081,-1.78068
ENSG00000206190,-0.351544,0.788911,0.827057,1.14266
ENSG00000206344,-1.00138,1.41256,-0.890087,0.369441
ENSG00000206418,0.63105,-0.901631,-0.200255,-0.779151
ENSG00000206503,4.97308,6.05244,2.09185,5.75889
ENSG00000206527,1.18714,0.0844175,0.875039,0.678438
ENSG00000206530,1.16022,1.39001,1.73991,2.21319
ENSG00000206535,-0.484646,-1.15439,-1.15279,-1.63143
ENSG00000206560,-0.80535,-0.683933,0.43776,-0.174071
ENSG00000206561,-1.70209,-0.134346,0.345115,0.149036
ENSG00000211445,1.01711,-1.37951,-0.528667,-1.34928
ENSG00000211452,-1.46721,-0.134158,-0.293014,-0.302056
ENSG00000211455,0.707368,0.0246557,0.356959,0.269842
ENSG00000211456,1.74199,0.351804,-0.221636,0.0920429
ENSG00000211584,1.49736,0.902651,1.60906,1.77605
ENSG00000212123,-0.207513,-1.93504,-1.96545,-2.75806
ENSG00000212127,-0.261885,-1.08746,-0.644898,-1.22496
ENSG00000212694,-1.92755,-1.38217,-1.69978,-2.17926
ENSG00000212719,-0.829229,-0.0352282,-2.91114,-2.0834
ENSG00000212743,-0.643061,-0.473198,0.13183,-0.241384
ENSG00000212916,1.19383,-0.315926,-0.84981,-0.8243
ENSG00000212993,-0.456218,0.0601011,-1.5836,-1.07728
ENSG00000213024,-1.66267,1.01816,-1.01816,0
ENSG00000213057,3.28039,2.81074,2.24704,3.57639
ENSG00000213064,0.499921,-0.325811,-0.0329621,-0.253691
ENSG00000213066,2.5318,0.665163,0.258971,0.653461
ENSG00000213085,1.44793,1.93309,1.93309,2.7338
ENSG00000213123,-2.05542,-1.656,-1.30954,-2.09695
ENSG00000213139,-0.211285,-1.01301,-0.434063,-1.02323
ENSG00000213145,0.565555,0.459802,0.459802,0.650258
ENSG00000213160,-0.905228,2.75681,0.941035,2.61477
ENSG00000213185,-0.205342,-0.64396,1.26813,0.441353
ENSG00000213199,-1.936,1.56706,-1.1175,0.317885
ENSG00000213203,-0.212589,-0.59729,-0.440297,-0.733685
ENSG00000213214,-3.4813,-0.898885,-0.84424,-1.23257
ENSG00000213221,0.572112,-1.3666,0.17007,-0.846074
ENSG00000213246,-2.92893,-2.65475,-2.65475,-3.75439
ENSG00000213279,-3.57644,0.249663,-0.390626,-0.0996761
ENSG00000213347,-1.12516,-0.0650001,-1.38978,-1.02869
ENSG00000213366,0.673798,1.13645,-0.144488,0.701426
ENSG00000213390,-1.61778,0.919122,-1.31475,-0.279751
ENSG00000213398,3.70156,2.01671,3.58574,3.96153
ENSG00000213420,2.39265,-0.455625,-0.563065,-0.720323
ENSG00000213445,-0.567362,1.03498,5.42508,4.56795
ENSG00000213462,-1.70461,-1.64447,-1.86521,-2.48171
ENSG00000213463,1.44642,0.356875,0.253152,0.431355
ENSG00000213465,0.813872,0.75082,4.35197,3.60822
ENSG00000213523,-3.73547,-1.15611,-3.74373,-3.46471
ENSG00000213533,-11.39,-6.04995,-6.23566,-8.68724
ENSG00000213551,0.833103,1.25465,1.25465,1.77434
ENSG00000213585,-2.03477,-1.11197,-1.02084,-1.50813
ENSG00000213593,5.76796,0.501308,-5.71415,-3.68604
ENSG00000213614,0.948818,-0.944407,-1.10135,-1.44657
ENSG00000213625,0.0709594,0.75308,-0.379831,0.263926
ENSG00000213638,-0.546263,0.175433,0.232908,0.288741
ENSG00000213639,7.54967,10.0714,9.74188,14.0101
ENSG00000213676,-6.61976,1.2022,2.05794,2.30526
ENSG00000213689,2.40477,0.0574569,0.0574569,0.0812563
ENSG00000213699,-5.29392,-4.21954,4.36407,0.102196
ENSG00000213719,4.75292,10.7311,11.5452,15.7517
ENSG00000213722,-2.71019,-0.296163,9.20629,6.30041
ENSG00000213741,1.972,-2.35756,-2.78285,-3.63482
ENSG00000213760,0.981602,-1.34027,-2.0074,-2.36716
ENSG00000213762,-1.40921,0.684293,-1.8131,-0.798187
ENSG00000213780,4.10448,0.754839,-0.530529,0.158611
ENSG00000213793,0.560332,0.200915,0.376849,0.408541
ENSG00000213799,-1.16083,-0.534625,-0.819731,-0.957674
ENSG00000213809,-2.07441,-1.91458,0.835577,-0.762972
ENSG00000213859,-1.70425,1.11344,0.612133,1.22017
ENSG00000213865,0.0565849,-1.63146,0.820747,-0.573264
ENSG00000213888,1.70596,-2.46973,-2.46973,-3.49273
ENSG00000213889,0.632824,1.47101,1.20209,1.89016
ENSG00000213901,2.90767,5.77895,5.76833,8.16516
ENSG00000213906,0.345348,-0.390295,-0.353409,-0.525878
ENSG00000213918,-2.14075,-1.52042,-1.54305,-2.1662
ENSG00000213928,2.08408,1.46876,-0.689375,0.551111
ENSG00000213930,0.0547245,-1.36107,-1.76668,-2.21165
ENSG00000213949,-1.29104,-0.936606,0.224241,-0.503718
ENSG00000213965,-0.0721025,-1.23009,-3.92396,-3.64447
ENSG00000213967,1.3395,-0.763631,-0.924404,-1.19362
ENSG00000213977,3.73627,2.26144,-1.76523,0.350872
ENSG00000213983,0.142921,0.0577573,0.0549293,0.0796815
ENSG00000213995,0.377636,-1.83581,-2.74255,-3.23739
ENSG00000213999,1.18355,-0.0459862,-0.0459862,-0.0650343
ENSG00000214013,-1.98121,0.681772,-2.6731,-1.40808
ENSG00000214021,0.586436,0.454507,0.0193573,0.335073
ENSG00000214026,1.3428,0.643265,0.643265,0.909714
ENSG00000214029,2.59181,-3.48871,-1.7792,-3.72498
ENSG00000214046,-1.30571,-0.453338,-0.37927,-0.588743
ENSG00000214063,0.580069,1.6871,0.529853,1.56762
ENSG00000214078,-1.46635,-1.31507,-1.29565,-1.84606
ENSG00000214087,1.71905,1.4319,1.13229,1.81316
ENSG00000214113,2.08433,0.945807,1.43614,1.68429
ENSG00000214140,-1.84385,-1.39976,-2.95334,-3.07811
ENSG00000214212,0.858982,0.496844,0.919253,1.00133
ENSG00000214226,2.69689,2.3184,1.71264,2.85038
ENSG00000214253,-1.23621,-0.694029,-0.708961,-0.992064
ENSG00000214274,-3.84273,-1.82577,2.61703,0.559505
ENSG00000214279,1.41885,1.99993,1.22408,2.27972
ENSG00000214293,0.0433088,1.7338,1.67865,2.41297
ENSG00000214357,1.27524,-3.54125,0.918941,-1.85425
ENSG00000214402,-1.52615,1.58253,1.63449,2.27478
ENSG00000214413,-0.826425,-1.07096,-1.65631,-1.92847
ENSG00000214435,4.92412,7.02242,4.59598,8.21545
ENSG00000214456,1.61872,2.00596,1.34851,2.37197
ENSG00000214530,-1.01049,-0.793833,-0.697516,-1.05454
ENSG00000214655,1.09534,-0.0403125,0.0403125,4.90654e-18
ENSG00000214688,-1.21383,1.06308,0.5797,1.16162
ENSG00000214756,-1.19801,1.09515,1.09515,1.54878
ENSG00000214776,-0.432725,0.253365,0.148009,0.283814
ENSG00000214787,-0.82597,-1.08045,-0.0113631,-0.772026
ENSG00000214870,1.2455,-1.9791,2.88934,0.64363
ENSG00000214872,1.42298,-1.43696,-1.43696,-2.03216
ENSG00000214900,1.32039,-2.16106,-0.00342447,-1.53052
ENSG00000214944,-0.721675,-1.47101,-1.65704,-2.21186
ENSG00000214954,-1.61083,0.768723,0.768723,1.08714
ENSG00000215012,-0.710732,-0.728592,-0.73075,-1.03191
ENSG00000215014,1.81027,1.87677,-0.941871,0.661076
ENSG00000215021,0.748489,-0.170938,-0.146718,-0.224617
ENSG00000215041,1.25972,-0.0215075,-1.72214,-1.23295
ENSG00000215045,2.44945,0.196056,1.30494,1.06136
ENSG00000215114,-2.86668,-2.69093,-3.37295,-4.28781
ENSG00000215193,-1.41942,-1.12544,-0.861393,-1.4049
ENSG00000215244,-0.309583,-0.45771,-0.128889,-0.414788
ENSG00000215252,-1.47807,-0.979535,-0.976076,-1.38283
ENSG00000215305,-2.68836,-1.15819,0.918229,-0.169679
ENSG00000215375,-3.84734,-2.06486,0.757121,-0.924712
ENSG00000215421,-0.893756,-4.29241,-3.88285,-5.78079
ENSG00000215440,-2.09752,-2.07297,2.21915,0.103362
ENSG00000215529,-0.0153202,-0.102113,0.594484,0.348159
ENSG00000215595,0.0550547,-0.623542,0.560401,-0.0446477
ENSG00000215717,-0.641296,1.01923,-1.21015,-0.134999
ENSG00000215788,3.80389,0.993971,-0.635797,0.253268
ENSG00000215845,0.268665,0.198464,0.149456,0.246017
ENSG00000215883,-1.23723,0.412005,0.457851,0.615081
ENSG00000215912,1.646,2.44924,2.32658,3.37701
ENSG00000215915,-3.08394,0.734578,0.53962,0.900994
ENSG00000216490,1.56447,0.883348,0.728329,1.13963
ENSG00000216937,-2.7403,-1.67169,-1.79,-2.44779
ENSG00000217555,2.77525,1.20294,1.04026,1.58619
ENSG00000217702,0.661025,-0.609716,-0.931298,-1.08966
ENSG00000217930,-4.13647,-1.6838,-1.82893,-2.48388
ENSG00000218357,-0.552815,1.18134,-0.0823856,0.777077
ENSG00000218510,-2.02891,-3.40835,-1.72818,-3.63208
ENSG00000218739,1.38113,0.966892,1.76442,1.93133
ENSG00000218891,0.0180489,0.463433,0.117193,0.410565
ENSG00000219200,0.0267801,-0.0849079,1.0563,0.68688
ENSG00000219481,2.50908,1.08763,1.08763,1.53813
ENSG00000219545,0.729726,-0.482621,-0.529306,-0.71554
ENSG00000219607,-1.94845,-1.94782,-0.340798,-1.6183
ENSG00000219626,-2.56819,1.92206,-0.0512974,1.32283
ENSG00000220201,-0.178752,-1.09927,-0.490854,-1.12439
ENSG00000220205,3.00132,0.889103,-0.213881,0.477454
ENSG00000221821,-0.77011,-0.377818,-0.355444,-0.518495
ENSG00000221823,1.6183,3.70404,-2.88792,0.57708
ENSG00000221838,-1.4487,-1.61453,-1.61453,-2.28329
ENSG00000221890,0.477332,0.71061,-0.113961,0.421894
ENSG00000221916,4.17751,1.9338,1.32493,2.30427
ENSG00000221923,-0.13362,-0.870424,0.189631,-0.481393
ENSG00000221944,-1.85741,-1.15755,-1.09513,-1.59289
ENSG00000221949,0.51509,-0.941983,-0.693018,-1.15612
ENSG00000221963,0.211476,-0.303339,-1.49395,-1.27087
ENSG00000221968,0.624982,0.467453,-0.0085784,0.324473
ENSG00000221983,-1.30176,-0.499962,-0.499962,-0.707053
ENSG00000221988,-8.84348,-2.93732,0.152005,-1.96952
ENSG00000221995,-0.476723,0.280576,-1.45427,-0.82993
ENSG00000222009,-1.93978,-1.12295,-1.23105,-1.66452
ENSG00000222041,-1.37355,1.41899,0.542902,1.38727
ENSG00000223396,-0.0601672,0.124931,0.542233,0.471756
ENSG00000223496,1.69155,0.988838,0.988838,1.39843
ENSG00000223501,0.694798,-1.65339,0.586848,-0.754156
ENSG00000223547,-0.934191,2.18606,2.18606,3.09156
ENSG00000223573,1.54984,0.578054,-1.83427,-0.888282
ENSG00000223704,2.42537,-0.459862,-0.0403607,-0.353711
ENSG00000223768,-1.44056,-1.81743,-1.96761,-2.67643
ENSG00000223855,0.6284,2.44792,-1.50141,0.669287
ENSG00000223865,1.18086,-1.32486,-0.210221,-1.08546
ENSG00000223891,-0.847564,-1.33135,-0.676178,-1.41953
ENSG00000224051,-2.99346,-1.24378,-1.32791,-1.81846
ENSG00000224383,0.44238,-0.659487,-0.600992,-0.891293
ENSG00000224389,-11.7622,-10.4996,-3.59368,-9.96546
ENSG00000224397,-1.77121,-0.326203,0.323154,-0.0021562
ENSG00000224429,1.8718,0.980224,0.100395,0.764113
ENSG00000224470,1.56404,-1.44037,0.170939,-0.897624
ENSG00000224635,-0.241074,1.0177,1.10112,1.49823
ENSG00000224877,-4.12214,-0.301287,0.193829,-0.0759839
ENSG00000224934,-2.85579,1.18482,1.94745,2.21485
ENSG00000224940,-1.67338,1.50683,-1.24794,0.183063
ENSG00000224950,1.84359,1.4825,1.43937,2.06608
ENSG00000225190,-5.24488,2.75257,2.75257,3.89272
ENSG00000225331,-0.0198603,-0.474166,-0.474166,-0.670571
ENSG00000225399,-4.71738,1.62038,-3.83454,-1.56565
ENSG00000225489,-1.34373,-2.37404,-1.63302,-2.83342
ENSG00000225663,1.0795,2.49969,2.49969,3.53509
ENSG00000225783,0.32786,-0.219847,-0.358385,-0.408871
ENSG00000225791,-0.3782,-0.989903,0.206416,-0.554009
ENSG00000225828,-1.48751,-0.759941,-0.759941,-1.07472
ENSG00000225830,0.888095,0.508728,0.788512,0.917287
ENSG00000225873,0.214277,2.49718,2.09629,3.24807
ENSG00000225940,0.666484,2.12275,-0.369083,1.24003
ENSG00000225973,-2.09942,-2.9446,-2.02319,-3.51275
ENSG00000225975,2.28961,2.80952,0.468982,2.31825
ENSG00000225978,-1.76939,-0.410673,0.201654,-0.147798
ENSG00000226029,0.952371,-0.110194,-0.722176,-0.588575
ENSG00000226124,-6.06479,-5.81658,-2.53484,-5.90534
ENSG00000226125,-0.546944,-0.100677,-0.0505677,-0.106946
ENSG00000226137,2.71454,1.86873,1.8857,2.65478
ENSG00000226180,0.153099,-1.63534,-1.3254,-2.09356
ENSG00000226266,-4.0405,-1.53323,-2.36457,-2.75616
ENSG00000226321,-0.306905,-0.14295,-1.19568,-0.946556
ENSG00000226328,1.94533,1.98466,-0.876041,0.783909
ENSG00000226479,-0.466276,0.802812,0.802812,1.13535
ENSG00000226742,-2.04,1.18344,-1.69316,-0.360426
ENSG00000226763,-0.505848,-0.483883,-0.214839,-0.494071
ENSG00000226816,0.441742,2.03003,1.95648,2.81889
ENSG00000226822,0.236408,-0.337284,-0.0113614,-0.24653
ENSG00000226853,0.528208,2.96865,-2.96865,0
ENSG00000226979,-2.26918,0.398165,4.73712,3.6312
ENSG00000227051,-0.356999,0.198304,1.56453,1.24651
ENSG00000227057,0.627323,5.89646,5.07265,7.75633
ENSG00000227359,-0.985028,0.796938,0.0542041,0.601848
ENSG00000227403,-1.87363,-3.5161,-3.5161,-4.97251
ENSG00000227456,-2.90901,-0.857181,1.45258,0.421012
ENSG00000227500,-0.0144142,0.234884,1.99828,1.57909
ENSG00000227533,-0.317185,-1.48391,-1.1461,-1.85969
ENSG00000227740,-1.41327,-1.46051,-1.39087,-2.01624
ENSG00000228037,-0.458393,-2.01041,-1.85966,-2.73656
ENSG00000228058,3.90358,1.11868,1.11868,1.58205
ENSG00000228106,-1.41965,0.899483,-0.493459,0.287103
ENSG00000228265,-5.18877,-3.76158,-1.53795,-3.74733
ENSG00000228300,5.90402,-1.68549,-1.6794,-2.37934
ENSG00000228340,-1.38796,-1.86692,-1.57511,-2.43389
ENSG00000228486,1.66676,-0.88249,-0.150991,-0.730781
ENSG00000228594,-3.04658,-0.911415,-3.69868,-3.25983
ENSG00000228623,-1.71953,0.516245,1.1761,1.19667
ENSG00000228672,-0.897862,-1.85901,-1.32295,-2.24999
ENSG00000228727,2.85479,1.5446,6.29933,5.54649
ENSG00000228784,-1.65129,1.0226,0.231099,0.886499
ENSG00000228857,-1.04825,1.62742,-0.113665,1.07039
ENSG00000228889,0.416908,-0.374893,-0.426204,-0.566461
ENSG00000229017,-1.92222,-0.12992,-0.899854,-0.72816
ENSG00000229474,-4.76858,-1.05117,-1.61336,-1.88411
ENSG00000229671,0.701421,-0.0493976,-0.0493976,-0.0698587
ENSG00000229833,-0.318434,-0.397902,-0.397902,-0.562718
ENSG00000229894,-3.86408,-1.39183,1.39183,0
ENSG00000230124,2.36089,1.14818,1.82641,2.10335
ENSG00000230138,-0.0229134,0.60931,0.0118355,0.439216
ENSG00000230415,-1.46217,0.760364,-0.760364,-7.85046e-17
ENSG00000230438,-0.457252,0.904403,2.28327,2.25402
ENSG00000230487,6.99095,-0.595016,1.97066,0.97273
ENSG00000230537,2.7391,1.00987,1.87179,2.03764
ENSG00000230555,-1.05713,0.236033,-1.06375,-0.585282
ENSG00000230587,0.819449,0.376626,0.618758,0.703843
ENSG00000230733,0.473364,2.74166,1.06187,2.6895
ENSG00000230989,1.46703,0.379316,0.91594,0.915884
ENSG00000231133,-2.58802,-0.152503,-1.6634,-1.28404
ENSG00000231389,5.2703,0.404271,1.84979,1.59386
ENSG00000231453,2.4829,2.15488,2.62278,3.37832
ENSG00000231500,-4.57781,1.3298,1.37395,1.91184
ENSG00000231507,0.180337,-1.21262,0.103495,-0.78427
ENSG00000231595,-1.70767,-0.589032,-0.499063,-0.7694
ENSG00000231852,-12.2007,-10.5138,-1.78932,-8.69964
ENSG00000231925,9.29628,4.32405,0.00149939,3.05862
ENSG00000232063,-2.14081,0.53138,0.408997,0.664947
ENSG00000232104,0.75812,1.20537,1.3931,1.83739
ENSG00000232112,1.59296,-0.17455,-0.17455,-0.24685
ENSG00000232118,1.03046,-0.0454636,0.249725,0.144435
ENSG00000232229,-3.64534,-1.75749,-1.76204,-2.48868
ENSG00000232388,0.636571,-2.48729,2.48729,-3.14018e-16
ENSG00000232453,0.247408,0.211466,0.228866,0.311362
ENSG00000232677,1.60814,-1.06704,2.68237,1.14221
ENSG00000232774,0.21081,0.940313,-1.03906,-0.069828
ENSG00000232810,1.11679,0.390275,0.390275,0.551933
ENSG00000232850,0.583826,0.147008,0.248032,0.279335
ENSG00000232859,0.187714,0.568964,-0.55625,0.00899032
ENSG00000232931,-2.37735,-1.00582,0.155242,-0.601452
ENSG00000232956,0.851353,0.714099,-0.393308,0.226834
ENSG00000233198,0.401932,1.04247,-0.103434,0.663995
ENSG00000233276,-4.26064,-0.524945,3.24742,1.92508
ENSG00000233493,-0.845856,2.69121,2.69121,3.80594
ENSG00000233559,-1.96708,-0.730654,-0.297963,-0.727342
ENSG00000233791,0.564705,-1.25936,-1.29278,-1.80464
ENSG00000233822,-1.45533,8.72812,6.47448,10.7499
ENSG00000233895,-1.89615,-1.79415,1.36822,-0.301174
ENSG00000233901,-0.336056,0.853638,0.640372,1.05642
ENSG00000233927,-0.228474,-1.18424,-1.14902,-1.64986
ENSG00000234127,-7.32677,-1.47703,-4.63365,-4.3209
ENSG00000234147,-2.58732,-1.79379,-1.76283,-2.51491
ENSG00000234284,0.464309,0.698624,0.641094,0.947324
ENSG00000234292,-1.99759,-0.091624,0.946242,0.604306
ENSG00000234409,0.612828,-2.76839,2.254,-0.363732
ENSG00000234444,-1.07269,0.225728,0.234127,0.325167
ENSG00000234465,0.330975,-0.362733,-0.571148,-0.660353
ENSG00000234506,1.33286,-0.187129,0.923477,0.520677
ENSG00000234511,-1.0717,-0.735991,0.151261,-0.413467
ENSG00000234545,1.12364,-1.01279,-1.01279,-1.4323
ENSG00000234608,0.352404,0.333088,0.333088,0.471057
ENSG00000234616,-1.10564,3.28277,1.70391,3.52612
ENSG00000234630,1.61862,1.36946,1.36429,1.93305
ENSG00000234719,2.59876,3.92617,3.93231,5.55678
ENSG00000234745,-2.01951,-0.426658,-2.58373,-2.12866
ENSG00000234902,4.10594,-1.39287,-1.05484,-1.73079
ENSG00000235072,-1.47523,5.41277,0.507143,4.18601
ENSG00000235098,-2.89113,0.941044,0.67416,1.14212
ENSG00000235109,5.35122,0.466111,-9.036,-6.05983
ENSG00000235162,1.81987,1.80915,1.05533,2.0255
ENSG00000235169,-0.152367,-0.0124041,-1.28197,-0.915259
ENSG00000235194,3.01701,-0.630579,-0.630579,-0.891773
ENSG00000235475,-0.102322,0.61853,-0.123528,0.350019
ENSG00000235641,1.45695,1.44534,0.688023,1.50852
ENSG00000235750,-1.04145,-2.5853,-0.304331,-2.04327
ENSG00000235823,-0.515253,-1.59426,-0.390933,-1.40374
ENSG00000235888,-2.45206,-2.00765,2.82535,0.578206
ENSG00000236104,9.38711,4.25602,4.44191,6.15036
ENSG00000236255,-0.352383,-0.171686,-1.56257,-1.22631
ENSG00000236279,-0.852236,0.59895,2.38215,2.10796
ENSG00000236287,-0.756719,0.700965,2.10304,1.98273
ENSG00000236320,0.875279,0.453765,-0.955278,-0.354624
ENSG00000236423,0.655554,1.75691,-1.37507,0.270007
ENSG00000236609,-1.94397,-1.92051,-0.616156,-1.79369
ENSG00000236682,-1.27194,-1.07654,-1.07654,-1.52245
ENSG00000236882,-0.0278159,-0.966334,-1.04814,-1.42444
ENSG00000237172,3.79689,2.01793,-0.912874,0.781392
ENSG00000237190,1.88801,-1.81951,-1.82213,-2.57502
ENSG00000237310,-0.6937,-0.68008,-0.748194,-1.00994
ENSG00000237440,-1.54422,-1.96051,-1.39041,-2.36946
ENSG00000237489,-0.606002,1.61337,1.49663,2.1991
ENSG00000237513,8.49278,6.89719,6.89719,9.7541
ENSG00000237541,5.40537,-1.90842,2.68364,0.548165
ENSG00000237604,-0.428864,-0.707577,-0.46515,-0.829243
ENSG00000237753,1.54995,0.701573,1.14485,1.30561
ENSG00000237765,-2.67831,0.823271,-0.823271,0
ENSG00000237797,-0.270623,-0.717194,-0.717194,-1.01427
ENSG00000237879,1.42919,-1.59634,-0.450293,-1.44719
ENSG00000237927,-1.63584,-0.117885,-1.03356,-0.814193
ENSG00000237940,-1.95896,-1.45256,-2.01284,-2.45041
ENSG00000237989,0.147046,1.65537,0.152022,1.27802
ENSG00000238005,0.571361,-0.297642,-0.772563,-0.756749
ENSG00000238078,-0.617469,0.443689,-0.466625,-0.0162182
ENSG00000238121,-0.445739,-0.286847,-0.320409,-0.429395
ENSG00000238142,1.98274,-0.370091,1.6986,0.939399
ENSG00000238198,-1.33463,-0.228237,0.615929,0.274139
ENSG00000238227,1.47019,1.29562,-0.0453609,0.884067
ENSG00000238243,1.60116,-0.536551,-0.926176,-1.0343
ENSG00000239264,0.801556,0.697901,0.861844,1.10291
ENSG00000239282,-3.19539,-0.378784,3.28456,2.05469
ENSG00000239521,2.51502,1.55719,1.65811,2.27356
ENSG00000239672,-1.04717,-0.513669,-0.576688,-0.770999
ENSG00000239697,1.09465,0.678694,1.18298,1.3164
ENSG00000239713,-0.594965,0.686996,-0.141396,0.385797
ENSG00000239732,5.14255,1.9807,2.40665,3.10233
ENSG00000239779,-1.3113,-1.39496,-0.758899,-1.52301
ENSG00000239961,-0.632229,0.272806,0.0915481,0.257638
ENSG00000240038,-0.564322,-0.276679,-0.854639,-0.799963
ENSG00000240053,-5.64855,-0.196921,-1.00367,-0.848947
ENSG00000240065,-4.30582,-2.78769,-2.97867,-4.07743
ENSG00000240184,4.40539,-3.12136,-3.12136,-4.41427
ENSG00000240204,0.547809,2.1248,1.82391,2.79216
ENSG00000240230,-1.01017,1.17762,-2.81044,-1.15458
ENSG00000240344,0.627475,-1.06497,1.11319,0.034099
ENSG00000240583,-1.85389,-2.89524,0.0620411,-2.00338
ENSG00000240682,2.95424,2.0491,2.0491,2.89786
ENSG00000240771,1.11559,-1.42203,2.22359,0.566792
ENSG00000240857,0.341587,0.0974635,-1.674,-1.11478
ENSG00000240859,-1.46119,-0.827727,-0.991851,-1.28664
ENSG00000240875,0.50666,-0.370321,-0.460295,-0.587335
ENSG00000240891,0.461891,-1.04102,-1.26116,-1.62788
ENSG00000240972,0.208552,0.0568324,0.102319,0.112537
ENSG00000241043,2.54439,4.88807,2.99704,5.57561
ENSG00000241058,-0.284705,0.493033,-0.755211,-0.185388
ENSG00000241106,1.34091,1.43756,-0.0495394,0.981482
ENSG00000241127,-1.63209,0.238642,0.238642,0.337491
ENSG00000241258,-0.874763,-1.22282,-0.550903,-1.25421
ENSG00000241370,5.3635,0.726612,-0.191318,0.37851
ENSG00000241399,-3.66371,-1.81742,-0.710832,-1.78775
ENSG00000241404,-7.53587,-0.686509,-0.901828,-1.12312
ENSG00000241468,0.873128,-0.687167,1.41161,0.512256
ENSG00000241563,-1.79758,0.135509,2.05497,1.54891
ENSG00000241644,-0.0755701,0.450974,0.341798,0.560574
ENSG00000241685,1.02281,-0.395868,-0.270587,-0.471255
ENSG00000241837,-1.40212,-3.10532,-4.76345,-5.56406
ENSG00000241839,-1.32893,-0.31921,2.19237,1.32453
ENSG00000241852,-0.226647,0.316818,-0.862987,-0.3862
ENSG00000241878,-2.05481,-1.80277,-1.84958,-2.5826
ENSG00000241945,-1.45222,-0.0803988,-0.223521,-0.214903
ENSG00000241973,-1.23546,-1.48207,-1.41392,-2.04777
ENSG00000242247,-3.99966,-2.9474,0.838677,-1.49109
ENSG00000242252,-0.522639,1.54761,1.80089,2.36775
ENSG00000242265,-1.10383,0.528795,-0.186649,0.241933
ENSG00000242282,2.98932,-0.151291,0.415547,0.186857
ENSG00000242372,2.22934,-1.94275,1.59377,-0.246766
ENSG00000242474,-2.12287,-1.96012,0.209593,-1.23781
ENSG00000242485,2.95215,0.553205,1.4811,1.43847
ENSG00000242498,0.396185,-0.359145,0.0690193,-0.20515
ENSG00000242550,0.16671,0.382906,0.259966,0.454579
ENSG00000242574,4.98404,3.46197,1.13068,3.24749
ENSG00000242611,2.07,0.854127,0.804258,1.17266
ENSG00000242612,0.952721,0.517564,0.518273,0.732448
ENSG00000242616,3.41821,0.235708,0.235708,0.333341
ENSG00000242689,-0.362213,-2.1724,-1.8378,-2.83563
ENSG00000242802,-0.210021,-1.18728,-0.875114,-1.45833
ENSG00000242852,3.85551,-1.49227,1.57348,0.0574205
ENSG00000243156,2.08104,1.45853,-1.07025,0.274552
ENSG00000243284,2.44859,-0.311133,0.214963,-0.0680024
ENSG00000243317,3.64574,0.00854615,2.8731,2.03763
ENSG00000243335,-1.30599,-1.46262,-1.16375,-1.85713
ENSG00000243477,1.13581,2.25888,2.64459,3.46728
ENSG00000243566,-1.53288,-0.227116,-0.670154,-0.634466
ENSG00000243646,2.84074,-0.183257,-1.15834,-0.948653
ENSG00000243660,-0.232288,-0.890875,-1.53742,-1.71707
ENSG00000243678,0.0636861,1.07184,1.07102,1.51523
ENSG00000243708,-0.0637391,-1.02885,-0.353351,-0.977363
ENSG00000243709,-0.894168,-0.435428,-0.0909326,-0.372193
ENSG00000243725,0.554553,0.419095,0.660068,0.763083
ENSG00000243789,-0.103718,-0.54678,0.343265,-0.143907
ENSG00000243795,0.624275,1.46833,1.03181,1.76787
ENSG00000243927,-1.33369,-0.399777,0.49463,0.0670713
ENSG00000243989,0.435496,-1.54357,1.69678,0.108337
ENSG00000244041,0.368936,2.85663,3.5128,4.50387
ENSG00000244045,-1.34926,-1.37211,-1.46515,-2.00624
ENSG00000244165,-0.581388,-0.124921,-0.112941,-0.168194
ENSG00000244187,-0.00942407,0.0416583,0.158626,0.141623
ENSG00000244219,1.81562,1.4804,1.18315,1.88341
ENSG00000244242,-0.909485,-0.578855,-1.03281,-1.13962
ENSG00000244405,-4.02473,-1.74377,1.57681,-0.11806
ENSG00000244459,-1.40596,0.348091,0.620726,0.685057
ENSG00000244462,2.03315,-1.62313,0.877206,-0.527448
ENSG00000244482,0.923372,1.76483,1.95428,2.6298
ENSG00000244486,-0.716164,1.95078,-0.654651,0.916498
ENSG00000244509,1.66959,-0.450471,-1.16666,-1.14348
ENSG00000244607,-1.04969,-0.742856,-0.618825,-0.962854
ENSG00000244617,-1.7755,-0.656141,-1.34,-1.41149
ENSG00000244625,1.28371,1.45911,1.46994,2.07115
ENSG00000244687,-0.0756141,-1.0122,0.190286,-0.581184
ENSG00000244731,8.42291,12.7475,10.279,16.2822
ENSG00000244754,0.526635,1.74005,-0.673927,0.753864
ENSG00000245017,-1.53457,1.48998,0.132214,1.14707
ENSG00000245060,1.55317,0.510529,0.141346,0.460946
ENSG00000245149,1.13199,0.0164051,-0.953902,-0.66291
ENSG00000245317,-1.4704,-0.290715,-0.483981,-0.547793
ENSG00000245532,2.82381,0.814289,0.492063,0.92373
ENSG00000245556,0.452607,-0.690141,-0.290421,-0.693362
ENSG00000245719,-1.89478,-2.75699,-2.62556,-3.80604
ENSG00000245937,-2.53514,-1.00023,0.486,-0.363618
ENSG00000245954,2.55197,2.0023,1.78803,2.68017
ENSG00000246067,-2.38532,-0.442725,-0.300228,-0.525347
ENSG00000246100,-1.03632,-1.54776,0.494565,-0.744719
ENSG00000246430,0.222841,-2.09168,-2.09168,-2.95808
ENSG00000246526,-2.20324,1.42085,1.24673,1.88627
ENSG00000246548,-0.634165,0.630568,-0.822107,-0.135438
ENSG00000246898,-0.264308,1.39539,-3.59412,-1.55474
ENSG00000247077,-2.28352,0.765432,1.3867,1.52179
ENSG00000247095,-0.833986,-2.77557,-0.457426,-2.28608
ENSG00000247157,-0.315649,-0.131255,-0.291948,-0.29925
ENSG00000247363,0.561222,0.328593,-0.223518,0.0742995
ENSG00000247373,-1.88842,0.468903,0.931178,0.990007
ENSG00000247400,-4.22505,-0.727716,-2.42913,-2.23223
ENSG00000247516,0.572949,-0.832219,1.22857,0.280262
ENSG00000247596,8.70424,6.29548,-1.30123,3.53146
ENSG00000247982,1.71389,0.529833,-0.48953,0.0284986
ENSG00000248098,0.654294,3.66522,2.52326,4.37592
ENSG00000248099,-2.32685,0.785743,0.590993,0.973499
ENSG00000248485,0.385059,-1.28578,0.552302,-0.51865
ENSG00000248487,7.4761,0.233758,0.233758,0.330584
ENSG00000248489,-2.93585,-2.89709,-3.3124,-4.39077
ENSG00000248538,4.02113,0.239261,-0.447998,-0.147599
ENSG00000248712,0.907465,1.10662,1.10662,1.56499
ENSG00000248714,-2.87497,-1.0967,-1.0967,-1.55096
ENSG00000248810,-0.0961877,1.55071,0.841197,1.69133
ENSG00000248905,-0.237659,-1.25061,1.11481,-0.0960218
ENSG00000249096,-1.401,-0.127091,0.10005,-0.0191205
ENSG00000249115,0.429138,0.675646,0.272941,0.670753
ENSG00000249437,-0.163192,-0.496463,-0.402339,-0.635549
ENSG00000249471,1.48888,1.33609,0.00798767,0.950408
ENSG00000249685,-0.405128,0.643815,0.724115,0.967273
ENSG00000249846,1.18611,1.02127,0.971236,1.40892
ENSG00000249915,-0.128502,-0.61378,-0.515721,-0.798677
ENSG00000249992,-4.24525,-2.76834,0.902387,-1.31943
ENSG00000250067,-6.23617,-3.35752,-5.90306,-6.54822
ENSG00000250091,2.7926,5.29997,-0.836359,3.15625
ENSG00000250334,0.680193,-0.212344,0.0459631,-0.117649
ENSG00000250479,0.935337,-0.346104,-1.05356,-0.989714
ENSG00000250490,-1.4299,-0.72547,0.296964,-0.303
ENSG00000250506,0.0598724,-1.83584,-1.19921,-2.14611
ENSG00000250510,-1.67023,-1.39982,-0.45937,-1.31465
ENSG00000250565,1.75739,2.21113,3.42736,3.98701
ENSG00000250571,1.54692,-0.0205418,1.48807,1.0377
ENSG00000250742,-0.991253,-0.701304,-0.53044,-0.870975
ENSG00000250786,0.182384,-0.0511042,-0.089988,-0.0997673
ENSG00000250903,-1.85506,-1.09673,-0.569999,-1.17855
ENSG00000251230,0.625994,1.46626,2.26897,2.64121
ENSG00000251247,1.40444,0.858203,0.918406,1.25625
ENSG00000251259,2.27305,-1.73125,0.665987,-0.753257
ENSG00000251301,-2.75875,-2.43856,-1.54093,-2.81392
ENSG00000251323,-0.836787,-0.663933,-0.663933,-0.938943
ENSG00000251369,-0.960319,-0.907575,-0.931852,-1.30067
ENSG00000251417,-2.55373,-2.38816,-0.103108,-1.76159
ENSG00000251442,-1.18839,2.58978,0.868168,2.44514
ENSG00000251580,1.07279,-0.671611,-0.339024,-0.714627
ENSG00000251615,0.774401,1.56588,1.32267,2.04251
ENSG00000253250,1.88872,-0.595628,-0.0339815,-0.445201
ENSG00000253276,0.0153159,-1.11048,-0.257135,-0.967046
ENSG00000253305,1.95734,-1.95988,-1.44971,-2.41094
ENSG00000253309,1.02706,0.485612,0.485612,0.686759
ENSG00000253438,-0.220961,0.116169,-0.116169,0
ENSG00000253641,2.54207,2.71958,-0.482867,1.58159
ENSG00000253669,-0.61209,-1.25462,-1.25462,-1.7743
ENSG00000253710,0.0730892,1.74765,0.169607,1.35571
ENSG00000253719,-1.53046,-1.7742,-0.804857,-1.82367
ENSG00000253797,-0.416532,-1.47013,-1.63377,-2.19479
ENSG00000253967,-0.737805,-1.32136,-1.29357,-1.84903
ENSG00000254087,-1.1514,-1.14562,-2.89947,-2.86031
ENSG00000254281,-0.385446,1.56992,-0.922818,0.457568
ENSG00000254288,-1.50382,0.152084,1.35212,1.06363
ENSG00000254415,-0.33136,0.454523,0.449237,0.639055
ENSG00000254427,-3.6718,-1.33714,-1.22521,-1.81185
ENSG00000254469,-1.22973,-1.04202,-2.16474,-2.26752
ENSG00000254470,3.28442,4.04634,7.47178,8.14455
ENSG00000254521,1.02652,1.0265,0.245407,0.899373
ENSG00000254531,-1.1146,-1.36886,-1.3716,-1.9378
ENSG00000254685,1.88916,1.84917,1.83773,2.60703
ENSG00000254802,-1.30136,0.949128,1.17981,1.50538
ENSG00000254810,1.72985,0.906118,-1.39758,-0.347516
ENSG00000254827,-1.25464,-0.764392,-0.764392,-1.08101
ENSG00000254858,-0.329492,-1.45082,-1.45082,-2.05177
ENSG00000254901,-0.618515,-0.48355,0.217774,-0.187932
ENSG00000254952,0.00404209,-1.16118,-1.1763,-1.65285
ENSG00000254986,3.25858,2.39094,1.95453,3.07271
ENSG00000254997,3.01485,0.195554,1.25916,1.02864
ENSG00000254999,1.5757,2.36542,0.432699,1.97857
ENSG00000255135,-1.0875,-0.97099,-0.442651,-0.999595
ENSG00000255150,3.49812,-0.523106,3.10359,1.82468
ENSG00000255198,2.6353,-1.13386,0.0826613,-0.743309
ENSG00000255284,-2.34032,1.74464,1.65472,2.40371
ENSG00000255328,2.7477,1.2678,1.77039,2.14832
ENSG00000255398,-2.80125,-1.82274,1.82274,0
ENSG00000255455,7.65587,3.79501,5.5855,6.63302
ENSG00000255529,-0.696506,-1.54583,-0.889898,-1.72232
ENSG00000255557,-3.92392,-1.76612,-1.76612,-2.49766
ENSG00000255561,-0.211133,0.0946942,-1.18856,-0.773478
ENSG00000255587,-0.389379,0.832424,-1.61349,-0.552298
ENSG00000255760,1.17474,1.11516,0.355771,1.0401
ENSG00000255833,-0.0303837,0.570537,0.0267513,0.422347
ENSG00000255837,-0.342268,-0.384187,-0.938876,-0.935547
ENSG00000256039,2.47316,0.809339,0.455387,0.894296
ENSG00000256043,0.324034,1.33739,2.08001,2.41647
ENSG00000256050,0.60082,0.732419,-0.216333,0.364928
ENSG00000256053,-4.1517,6.51544,-6.58286,-0.0476708
ENSG00000256073,0.375984,1.03518,0.696952,1.2248
ENSG00000256087,-1.82298,0.145973,-1.01544,-0.614805
ENSG00000256092,-6.24457,-4.38349,-4.23654,-6.09528
ENSG00000256128,3.90692,7.96769,2.3431,7.29083
ENSG00000256223,2.21946,1.64841,1.79554,2.43524
ENSG00000256269,1.78894,0.442907,1.20232,1.16335
ENSG00000256433,-0.918229,-0.412462,-0.881122,-0.914702
ENSG00000256525,1.05475,1.53626,0.513257,1.44923
ENSG00000256574,0.107348,-0.756357,-0.474532,-0.87037
ENSG00000256576,0.447445,2.04664,0.840445,2.04148
ENSG00000256591,2.13093,-0.452549,-0.512358,-0.682292
ENSG00000256683,1.22021,-0.767085,-0.741618,-1.06681
ENSG00000256771,-0.770107,1.37056,1.01479,1.6867
ENSG00000257093,0.597916,0.282344,0.812091,0.773882
ENSG00000257103,1.3265,-1.35504,-0.786914,-1.51459
ENSG00000257135,-0.649727,1.30436,-0.875732,0.303086
ENSG00000257151,1.91058,-0.453757,-0.453757,-0.641709
ENSG00000257218,0.520728,-1.08275,-0.732132,-1.28332
ENSG00000257261,-0.394163,-0.247126,-0.279882,-0.372651
ENSG00000257335,2.02277,1.81319,-1.13151,0.482024
ENSG00000257354,-0.537859,-0.566035,-0.144593,-0.50249
ENSG00000257556,-0.596539,0.67167,0.67167,0.949885
ENSG00000257594,-4.00814,0.728329,3.37887,2.90423
ENSG00000257595,0.299935,0.215924,0.6104,0.584299
ENSG00000257613,-3.51918,1.64711,-0.885967,0.538212
ENSG00000257698,0.810489,0.966617,0.966617,1.367
ENSG00000257727,-1.65801,-1.88822,-1.8825,-2.6663
ENSG00000257743,0.844712,1.1451,3.01182,2.93939
ENSG00000258289,0.545905,-0.402828,-0.235184,-0.451143
ENSG00000258301,-1.01502,-1.63079,-2.24933,-2.74366
ENSG00000258366,-0.0592946,-0.734901,-1.53392,-1.6043
ENSG00000258476,0.491975,0.645317,0.106542,0.531645
ENSG00000258572,0.834934,0.634135,0.965871,1.13138
ENSG00000258701,-0.483306,1.02676,1.01025,1.44038
ENSG00000258811,1.0869,1.04837,-1.8894,-0.5947
ENSG00000258819,-1.06021,0.0659143,0.206613,0.192706
ENSG00000258839,-5.37326,-2.49559,0.107133,-1.68889
ENSG00000258890,0.463489,-2.45839,-2.47895,-3.49123
ENSG00000258919,-0.367053,-1.39401,-0.454998,-1.30745
ENSG00000259004,-0.878273,-0.21344,-0.344222,-0.394327
ENSG00000259005,1.01173,-0.538718,-0.84889,-0.981187
ENSG00000259120,2.43703,-2.12902,-2.12902,-3.01089
ENSG00000259182,0.7429,-0.770392,-1.55706,-1.64576
ENSG00000259207,-1.37363,-0.239373,0.0782257,-0.113948
ENSG00000259330,2.46044,-0.416771,-0.28384,-0.495407
ENSG00000259363,0.591529,1.36977,1.00913,1.68214
ENSG00000259384,2.76896,-1.46168,-1.46168,-2.06712
ENSG00000259431,0.250334,-0.753405,-0.753405,-1.06548
ENSG00000259577,1.01776,-0.456595,-0.35,-0.570348
ENSG00000259673,-2.42732,-2.32244,-1.60729,-2.77874
ENSG00000259687,1.11679,0.407043,0.258943,0.470923
ENSG00000259719,-3.04205,-2.32451,0.23833,-1.47515
ENSG00000259772,-1.31246,-1.14688,1.58655,0.310893
ENSG00000259803,-0.523482,-0.792897,-2.15634,-2.08542
ENSG00000259820,-3.41809,1.69859,-1.82612,-0.0901778
ENSG00000259834,0.846443,-0.283836,-0.42525,-0.501399
ENSG00000259863,0.0395312,1.08726,2.70692,2.68289
ENSG00000259865,-0.412177,-0.173739,-1.24482,-1.00307
ENSG00000259959,3.0864,2.45613,-2.67965,-0.15805
ENSG00000260027,0.140715,0.0713786,0.245894,0.224346
ENSG00000260077,1.49437,0.456581,0.627507,0.766566
ENSG00000260101,0.59307,-1.28597,0.591308,-0.491203
ENSG00000260135,0.848596,0.944797,1.2907,1.58074
ENSG00000260136,-1.21336,-1.15516,-1.20326,-1.66765
ENSG00000260193,0.766102,-0.420693,-0.672302,-0.772864
ENSG00000260257,0.231654,0.62476,-0.62912,-0.00308302
ENSG00000260274,1.09276,0.848948,-2.12416,-0.901714
ENSG00000260306,-2.54559,-0.203928,-0.270841,-0.335712
ENSG00000260388,0.181129,1.15678,1.12773,1.61539
ENSG00000260456,1.75495,-1.65184,0.766041,-0.626357
ENSG00000260517,5.24577,2.0783,3.48925,3.93685
ENSG00000260563,0.45679,2.18108,0.140691,1.64174
ENSG00000260588,-0.312648,-1.78548,-1.11329,-2.04974
ENSG00000260778,-0.230975,-0.444665,-1.65918,-1.48765
ENSG00000260804,-0.141902,0.369113,1.26845,1.15793
ENSG00000260805,-0.143729,0.311532,0.0477156,0.254027
ENSG00000260807,1.76209,-0.782081,-3.57714,-3.08244
ENSG00000260808,-0.0107195,-1.90021,2.13994,0.169512
ENSG00000260910,-4.99682,-2.99196,-0.49295,-2.46421
ENSG00000260911,-0.800438,0.202429,-0.112303,0.0637287
ENSG00000260953,1.85415,0.730122,0.820173,1.09622
ENSG00000260977,-0.815391,-2.17026,1.68075,-0.346138
ENSG00000261019,-0.645611,3.04479,-2.06225,0.694763
ENSG00000261087,1.36346,0.838827,1.5767,1.70803
ENSG00000261098,-1.18861,-0.767706,-0.211165,-0.692166
ENSG00000261159,0.0252044,0.393279,-1.0801,-0.485654
ENSG00000261211,0.308329,1.07468,-1.29716,-0.157318
ENSG00000261218,0.650191,-0.477163,1.20485,0.514552
ENSG00000261222,2.86449,0.53766,2.46226,2.12126
ENSG00000261353,1.39595,10.6882,2.9772,9.6629
ENSG00000261423,1.81521,0.0668113,0.105037,0.121515
ENSG00000261455,0.625057,-0.369474,-0.633736,-0.709377
ENSG00000261526,-0.697193,2.41567,-2.41567,0
ENSG00000261652,-0.743466,-1.53464,-1.18908,-1.92596
ENSG00000261754,-0.00551287,0.126392,-0.38119,-0.18017
ENSG00000261770,0.983895,0.0583992,5.57447,3.98304
ENSG00000261824,-1.05047,-3.60054,-0.261806,-2.73109
ENSG00000261857,0.309572,-0.54408,0.54408,0
ENSG00000261888,0.599067,0.247849,0.247849,0.350512
ENSG00000261997,-1.13119,0.421154,0.378264,0.565274
ENSG00000262089,-0.0109615,-0.886307,-0.886307,-1.25343
ENSG00000262180,0.0301606,2.32449,1.79155,2.91048
ENSG00000262246,-3.81221,-1.75103,-3.70555,-3.85839
ENSG00000262370,-1.80585,-3.98093,0.605883,-2.38652
ENSG00000262468,-0.131525,-0.422779,-0.624255,-0.740365
ENSG00000262814,2.5401,1.67384,0.0411928,1.21271
ENSG00000262873,2.63719,0.348757,-0.348757,-3.92523e-17
ENSG00000262877,-0.73583,1.23962,1.55058,1.97297
ENSG00000263004,-1.22858,-1.70944,-1.59035,-2.3333
ENSG00000263033,-1.81002,-1.08922,-0.872259,-1.38697
ENSG00000263264,1.1104,-0.986357,0.682805,-0.214644
ENSG00000263753,2.29026,1.99463,0.843952,2.00718
ENSG00000263812,1.30463,-0.37191,0.378784,0.00486094
ENSG00000263874,-4.03622,-1.93299,-3.50258,-3.84353
ENSG00000264247,3.51361,3.91503,3.9698,5.57542
ENSG00000264278,-0.868497,-0.977211,-0.977211,-1.38199
ENSG00000264364,0.0987997,0.295515,0.584211,0.622061
ENSG00000264575,0.813237,-0.401619,-0.533306,-0.661092
ENSG00000264954,1.72554,-0.465999,-0.485019,-0.672471
ENSG00000264964,-0.990407,-0.690141,-0.690141,-0.976007
ENSG00000265478,-0.143005,0.174478,0.174478,0.246749
ENSG00000265681,0.172012,0.789638,0.0220456,0.573947
ENSG00000265692,0.10853,0.0519169,-0.0519169,0
ENSG00000265975,-1.34027,-1.00538,-1.327,-1.64924
ENSG00000266173,2.46035,2.08722,-0.46885,1.14436
ENSG00000266709,0.190824,-0.208957,-0.78796,-0.704927
ENSG00000266714,-0.917053,-0.885403,0.308422,-0.407987
ENSG00000266904,0.170594,1.3517,1.47005,1.99528
ENSG00000266970,1.5263,1.14882,-0.0434891,0.781585
ENSG00000267002,2.38752,2.32579,-0.245599,1.47092
ENSG00000267060,-0.943345,-0.596866,-0.596866,-0.844095
ENSG00000267100,0.801718,1.71307,1.94523,2.58681
ENSG00000267194,0.659893,-0.323797,3.17835,2.01847
ENSG00000267279,-0.00372832,-0.733603,0.936647,0.143574
ENSG00000267321,-0.386922,0.753898,-0.921837,-0.11875
ENSG00000267397,0.694602,0.539005,1.01139,1.0963
ENSG00000267416,-0.0221228,0.352652,1.64992,1.41604
ENSG00000267454,-3.20497,-1.62038,-2.37964,-2.82844
ENSG00000267475,-2.41099,-1.83471,-0.621321,-1.73668
ENSG00000267508,-0.977681,0.695844,0.92139,1.14356
ENSG00000267547,0.642108,1.94852,0.938594,2.0415
ENSG00000267575,1.07451,-3.29718,1.51269,-1.26182
ENSG00000267680,0.708869,-0.773937,-0.773937,-1.09451
ENSG00000267711,-0.550916,1.48602,0.0608069,1.09377
ENSG00000267731,-1.27383,-1.65636,-0.0885872,-1.23386
ENSG00000267767,-0.407368,1.06865,1.04571,1.49507
ENSG00000267796,1.27027,0.716404,0.716404,1.01315
ENSG00000267834,3.74299,-1.09986,-1.10133,-1.55648
ENSG00000267838,-1.5356,-0.00323048,0.0253757,0.015659
ENSG00000267855,-0.184376,-1.63408,-0.654995,-1.61862
ENSG00000267940,2.27567,0.853783,2.54358,2.4023
ENSG00000268027,1.71502,-0.366251,0.0333268,-0.235413
ENSG00000268087,-0.219643,-0.808383,-0.438909,-0.881968
ENSG00000268205,0.142579,-1.09072,-1.58676,-1.89326
ENSG00000268355,0.374824,-0.594595,-0.330087,-0.653849
ENSG00000268362,1.03002,2.42541,-0.0869131,1.65357
ENSG00000268471,0.679192,0.370563,-0.370563,3.92523e-17
ENSG00000268555,0.121979,0.408659,0.891266,0.919186
ENSG00000268573,-0.172416,0.164857,1.13649,0.920193
ENSG00000268658,1.8839,0.678061,-1.86015,-0.835862
ENSG00000268734,2.02808,-0.0284544,0.360888,0.235066
ENSG00000268912,3.8625,0.873849,0.809124,1.19004
ENSG00000269220,3.80937,-0.298162,-0.735866,-0.731168
ENSG00000269343,0.123335,1.58277,1.16762,1.94482
ENSG00000269399,-1.95303,0.100906,0.905761,0.711821
ENSG00000269514,-1.6992,-1.86841,-0.996567,-2.02584
ENSG00000269843,-0.862474,-0.990072,0.9421,-0.0339208
ENSG00000269858,-0.0735042,-0.0734981,-1.28922,-0.963589
ENSG00000269892,-1.29404,-1.90189,-1.37742,-2.31882
ENSG00000269893,-0.27185,1.54987,0.795738,1.65859
ENSG00000269903,-0.913626,-1.3247,-0.408693,-1.22569
ENSG00000269949,0.819023,0.905773,0.471477,0.973863
ENSG00000269973,1.80279,0.958839,0.391388,0.954754
ENSG00000269974,1.8492,-0.661419,-0.629983,-0.913159
ENSG00000270000,-1.08842,-0.495486,-1.41411,-1.35029
ENSG00000270019,-0.7949,0.243354,1.42988,1.18316
ENSG00000270020,0.037306,-0.095601,0.223099,0.090155
ENSG00000270030,2.2982,1.84259,1.36387,2.26731
ENSG00000270091,-2.98074,2.49935,-3.03662,-0.379909
ENSG00000270105,-0.184696,1.38836,1.03182,1.71132
ENSG00000270127,1.11075,2.07448,0.874164,2.085
ENSG00000270164,0.656723,-0.330087,-0.335121,-0.470373
ENSG00000270170,1.28556,2.40122,2.08721,3.1738
ENSG00000001036,,0.25643,,
ENSG00000001617,,,4.79696,
ENSG00000002330,,2.83119,,
ENSG00000002726,-0.130532,,2.33596,
ENSG00000002746,,,0.733694,
ENSG00000003393,1.42445,,,
ENSG00000003400,,,-0.703773,
ENSG00000003436,1.56136,,0.455376,
ENSG00000003509,-6.59422,,-4.86662,
ENSG00000003756,,,3.61611,
ENSG00000003987,3.73257,2.08285,,
ENSG00000003989,,,-0.514449,
ENSG00000004139,-1.65949,-1.73748,,
ENSG00000004468,,,-0.301438,
ENSG00000004478,,,-1.06915,
ENSG00000004487,0.138434,,0.215831,
ENSG00000004776,,0.471788,0.471788,0.66721
ENSG00000004777,-0.83097,-0.266987,,
ENSG00000004809,-2.13829,-0.448239,,
ENSG00000004838,,,-3.59388,
ENSG00000004846,,,0.805028,
ENSG00000004864,,-1.21545,,
ENSG00000004897,0.812624,-0.684285,,
ENSG00000004948,,,1.45638,
ENSG00000004975,,-3.31861,,
ENSG00000005001,,-2.22995,,
ENSG00000005059,,,-1.458,
ENSG00000005073,,,0.20058,
ENSG00000005075,,-0.38796,,
ENSG00000005108,,,-0.0604721,
ENSG00000005175,0.330403,,-0.746906,
ENSG00000005243,-0.310301,-1.33965,,
ENSG00000005339,-0.131116,,,
ENSG00000005421,,-1.19734,-0.964327,-1.52853
ENSG00000005436,,,0.329542,
ENSG00000005469,2.59206,,-1.59748,
ENSG00000005483,,-7.4045,,
ENSG00000005513,,,0.90664,
ENSG00000005700,3.54725,0.767231,,
ENSG00000005961,,0.91042,,
ENSG00000005981,,,-2.61903,
ENSG00000006015,0.00741804,,,
ENSG00000006016,,,1.60907,
ENSG00000006047,,1.71523,,
ENSG00000006062,0.425947,,,
ENSG00000006071,,,2.4253,
ENSG00000006118,,,2.45954,
ENSG00000006128,,,0.624837,
ENSG00000006194,1.00719,1.13849,,
ENSG00000006210,,,0.661275,
ENSG00000006377,,,-0.0527842,
ENSG00000006432,2.73895,2.90254,,
ENSG00000006453,-0.285839,0.0454455,,
ENSG00000006530,0.279012,-0.15468,,
ENSG00000006576,2.02717,1.16132,,
ENSG00000006715,1.06169,,1.26923,
ENSG00000006747,,,1.68935,
ENSG00000007038,1.67785,-0.0988566,,
ENSG00000007171,,,0.236618,
ENSG00000007237,1.59972,,,
ENSG00000007376,-0.627226,,,
ENSG00000007384,2.39809,,0.323742,
ENSG00000007392,,,-0.138097,
ENSG00000007541,0.238964,1.01128,,
ENSG00000007545,,0.345046,,
ENSG00000007908,,,-2.31166,
ENSG00000007933,,-1.29514,1.30732,0.00860713
ENSG00000007968,,,0.79369,
ENSG00000008118,,,0.63291,
ENSG00000008128,-0.506071,,-0.877771,
ENSG00000008196,,,1.87196,
ENSG00000008282,-3.55594,,0.171863,
ENSG00000008324,-1.65388,,1.17391,
ENSG00000008405,,-0.876349,,
ENSG00000008438,,0.164817,,
ENSG00000008710,-0.404616,,,
ENSG00000008952,2.28016,,-0.74777,
ENSG00000009307,,,-1.62935,
ENSG00000009335,,-0.423141,,
ENSG00000009844,-2.23079,-0.57149,,
ENSG00000009950,,,-2.70492,
ENSG00000010030,-1.90231,,0.818008,
ENSG00000010072,-2.22357,-2.23341,,
ENSG00000010256,,1.46125,,
ENSG00000010310,-1.69091,1.37759,,
ENSG00000010318,,,-1.36658,
ENSG00000010803,2.17294,,-1.62828,
ENSG00000010818,,,-1.26111,
ENSG00000010932,,,-0.516965,
ENSG00000011007,-0.117555,,0.724151,
ENSG00000011009,,-1.52147,,
ENSG00000011028,,,0.40235,
ENSG00000011083,,,0.190618,
ENSG00000011105,0.382623,,0.559747,
ENSG00000011243,0.467707,,,
ENSG00000011258,,-0.0145671,,
ENSG00000011275,-1.79193,,0.626864,
ENSG00000011295,-1.48454,,0.0734033,
ENSG00000011304,,-1.70389,,
ENSG00000011347,,,0.65587,
ENSG00000011405,,,-2.67563,
ENSG00000011465,,,1.63681,
ENSG00000011523,-1.13563,-0.612036,,
ENSG00000012048,,,2.32579,
ENSG00000012223,,,-0.636849,
ENSG00000012232,2.00688,,-0.333818,
ENSG00000012504,,,0.101078,
ENSG00000012983,0.570706,,0.620016,
ENSG00000013275,2.02176,-0.48427,,
ENSG00000013293,,,-0.700893,
ENSG00000013297,,,0.252537,
ENSG00000013364,-6.9657,,-3.26837,
ENSG00000013392,-0.645252,,1.35917,
ENSG00000013441,,0.661913,,
ENSG00000013588,,,-0.0791931,
ENSG00000014914,,,-1.15854,
ENSG00000015133,,,-1.26752,
ENSG00000015413,,1.77087,-4.27807,-1.77286
ENSG00000015475,,,1.4028,
ENSG00000015479,,,-0.381766,
ENSG00000015532,-1.73423,0.903641,,
ENSG00000015676,-4.18327,,,
ENSG00000016602,,0.309148,0.885321,0.844618
ENSG00000017260,-1.75421,,0.223574,
ENSG00000018236,,,-0.233183,
ENSG00000018408,,,-1.24448,
ENSG00000018625,,-0.699978,,
ENSG00000018869,,,3.50716,
ENSG00000019169,-2.64346,0.150527,,
ENSG00000019505,,,-0.60274,
ENSG00000019582,,,0.518048,
ENSG00000020181,,-0.79075,,
ENSG00000021776,-0.299025,1.32819,,
ENSG00000021826,1.53691,,-1.62393,
ENSG00000021852,,1.05982,,
ENSG00000022277,,,-0.252596,
ENSG00000023445,-2.1074,-0.12624,,
ENSG00000023734,-0.938849,-0.404792,,
ENSG00000025796,,,-1.1855,
ENSG00000026025,,,1.90997,
ENSG00000026103,,,-1.166,
ENSG00000026559,,,-3.12427,
ENSG00000027075,,0.206326,,
ENSG00000027869,,-1.21289,,
ENSG00000028116,,,-1.27166,
ENSG00000028277,,-0.53337,,
ENSG00000028310,-1.02323,0.107435,,
ENSG00000028839,0.0118691,,,
ENSG00000029534,,,-1.51413,
ENSG00000029559,,,-0.368001,
ENSG00000029639,,,-0.839672,
ENSG00000031003,-1.7855,,,
ENSG00000031691,-1.97839,,-0.196715,
ENSG00000032389,,2.82779,,
ENSG00000033030,4.28588,1.41109,,
ENSG00000033122,,,-2.18095,
ENSG00000033178,1.57502,,-0.379328,
ENSG00000033867,-1.37358,-0.448192,,
ENSG00000034053,,,-0.782742,
ENSG00000034239,,,-0.381546,
ENSG00000034510,-0.448933,,0.256149,
ENSG00000034533,1.73942,,1.94383,
ENSG00000034971,,-1.24847,-2.89199,-2.92775
ENSG00000035403,1.55925,0.428306,,
ENSG00000035681,0.330812,,-0.205666,
ENSG00000035720,-1.74095,,-0.17572,
ENSG00000036054,0.106789,0.509699,,
ENSG00000036530,,,1.90513,
ENSG00000036549,-2.05446,,-0.210737,
ENSG00000036672,,-0.117577,-0.92271,-0.735593
ENSG00000037241,,,0.0767544,
ENSG00000037280,,-1.02101,,
ENSG00000037749,,,0.201303,
ENSG00000037897,,-0.445824,,
ENSG00000038358,,3.64942,,
ENSG00000038382,,-0.868083,,
ENSG00000038532,,,-1.05528,
ENSG00000039068,,,-0.0736584,
ENSG00000039139,,,0.147823,
ENSG00000039537,,,0.397713,
ENSG00000040341,,,-0.230769,
ENSG00000040633,,-1.15728,,
ENSG00000040731,,,0.0805161,
ENSG00000041880,-4.30289,1.24997,,
ENSG00000041982,-0.126056,,0.595249,
ENSG00000042062,,,-0.591575,
ENSG00000043143,,,0.232445,
ENSG00000043591,,-0.0979435,,
ENSG00000044115,,,-1.1568,
ENSG00000044524,,,-1.74811,
ENSG00000044574,,,0.395314,
ENSG00000046889,,,2.46123,
ENSG00000047249,,,0.886887,
ENSG00000047315,1.49423,,2.31137,
ENSG00000047346,-5.34268,3.00024,,
ENSG00000047410,-0.760973,,,
ENSG00000047578,,,-1.55888,
ENSG00000047617,,,-0.860673,
ENSG00000047621,,,-0.55794,
ENSG00000047662,,1.31075,,
ENSG00000047849,1.88093,1.55964,,
ENSG00000048028,,,-1.52132,
ENSG00000048052,,,-1.78464,
ENSG00000048405,,,0.573769,
ENSG00000048540,,,-0.0682023,
ENSG00000048707,-0.915378,-0.190705,,
ENSG00000048740,,-1.18498,,
ENSG00000048828,,,2.72779,
ENSG00000049192,,1.6252,,
ENSG00000049246,,-0.469077,,
ENSG00000049249,,0.758657,,
ENSG00000049283,,,-1.51163,
ENSG00000049323,0.505546,-0.723323,,
ENSG00000049540,,,-0.605147,
ENSG00000049656,,,-2.42063,
ENSG00000049759,,0.46319,,
ENSG00000049860,-1.64313,-0.475294,,
ENSG00000050130,-4.10666,,-4.83377,
ENSG00000050327,-4.16608,,-1.51249,
ENSG00000050393,1.29974,-0.286086,,
ENSG00000050438,,0.614904,,
ENSG00000050628,,,2.68701,
ENSG00000050767,-0.720321,0.826573,,
ENSG00000050820,2.59276,,-1.45173,
ENSG00000051180,,,1.41627,
ENSG00000051341,,,0.177636,
ENSG00000051382,,,-2.12645,
ENSG00000051596,-0.4212,,,
ENSG00000052344,,1.60644,,
ENSG00000052841,,,-1.61794,
ENSG00000052850,,,1.9148,
ENSG00000053328,,,-2.05969,
ENSG00000053524,-3.06624,,,
ENSG00000053747,,,1.72503,
ENSG00000053770,0.918434,,,
ENSG00000054116,,-5.24418,,
ENSG00000054267,-1.6258,,,
ENSG00000054392,-0.31999,,0.0264373,
ENSG00000054598,,0.0434696,,
ENSG00000054965,0.359814,3.98309,,
ENSG00000054967,,2.72333,,
ENSG00000055070,,,1.20374,
ENSG00000055118,0.10771,,-1.85541,
ENSG00000055147,,-4.84087,,
ENSG00000055208,,,-0.136753,
ENSG00000055211,-2.0292,-2.07664,,
ENSG00000055609,,,0.293969,
ENSG00000055813,,,-1.1581,
ENSG00000056050,,-0.131664,,
ENSG00000056291,,,1.62728,
ENSG00000056487,,,-1.55572,
ENSG00000057294,2.16892,0.159872,,
ENSG00000057468,,,1.35705,
ENSG00000057593,,,-3.99477,
ENSG00000057657,,0.266313,,
ENSG00000057757,,,-0.391287,
ENSG00000058085,,,1.08378,
ENSG00000058262,,,0.350385,
ENSG00000058272,,-0.0620808,,
ENSG00000058335,,,-0.322224,
ENSG00000058404,,1.82058,,
ENSG00000058668,,,-0.582011,
ENSG00000058673,0.988002,,,
ENSG00000058804,1.51608,-0.44181,,
ENSG00000059145,,1.25562,,
ENSG00000059377,-1.28514,,,
ENSG00000059573,1.1459,0.553514,,
ENSG00000059728,,,1.74703,
ENSG00000059804,,,-3.09934,
ENSG00000060237,,,-0.453517,
ENSG00000060339,1.35258,,2.62486,
ENSG00000060566,,0.537377,,
ENSG00000060656,3.42238,,3.28168,
ENSG00000060688,,-1.96372,,
ENSG00000060709,,,-0.416766,
ENSG00000060971,-1.76346,,,
ENSG00000061676,0.116334,-0.0303076,,
ENSG00000062194,1.8167,,-1.48707,
ENSG00000062370,,,1.02825,
ENSG00000062524,-1.84696,,-1.60891,
ENSG00000063322,,,-1.02232,
ENSG00000063660,-1.05335,,1.13193,
ENSG00000063978,1.97575,,3.25091,
ENSG00000064115,-1.25911,,0.0092588,
ENSG00000064205,,1.92491,1.92491,2.72224
ENSG00000064270,-0.115822,-0.566679,,
ENSG00000064300,,,1.09388,
ENSG00000064393,1.96127,1.63103,,
ENSG00000064651,-0.495423,,,
ENSG00000064655,,,-0.0326136,
ENSG00000064787,-1.39725,-0.0260909,,
ENSG00000064932,,-1.44322,,
ENSG00000064995,,,1.00573,
ENSG00000065029,,1.10768,,
ENSG00000065057,,-0.141403,,
ENSG00000065135,,-0.123537,,
ENSG00000065243,-0.687384,,0.620808,
ENSG00000065320,-0.500565,,,
ENSG00000065325,,,0.198105,
ENSG00000065361,,0.896591,,
ENSG00000065609,,,1.8131,
ENSG00000065613,-2.45566,,-1.31335,
ENSG00000065618,,-0.990943,,
ENSG00000065675,-0.0295,-2.28309,,
ENSG00000065809,0.521305,,0.261665,
ENSG00000065911,,-4.59606,,
ENSG00000065970,,0.0532048,,
ENSG00000066056,-4.79798,-3.37876,,
ENSG00000066230,,-0.468642,,
ENSG00000066248,,,0.661517,
ENSG00000066279,,,-2.65619,
ENSG00000066322,,1.35035,,
ENSG00000066382,,,1.71327,
ENSG00000066405,,-1.51498,0.385159,-0.798907
ENSG00000066422,,,-0.344979,
ENSG00000066583,0.220047,,1.1803,
ENSG00000066629,,,1.8317,
ENSG00000066651,,,-0.804078,
ENSG00000066654,1.84481,,-0.864114,
ENSG00000067064,,-0.694261,,
ENSG00000067066,,,-1.21856,
ENSG00000067082,-0.0241527,-1.20764,,
ENSG00000067113,,0.979607,,
ENSG00000067141,2.81777,,0.730313,
ENSG00000067182,,-1.59755,,
ENSG00000067369,,,5.03109,
ENSG00000067560,,,1.46379,
ENSG00000067798,,,-0.782602,
ENSG00000068024,,-1.67697,,
ENSG00000068028,-1.47007,,2.15184,
ENSG00000068120,2.70132,,,
ENSG00000068724,1.33691,0.442959,,
ENSG00000068781,,,-2.67776,
ENSG00000068831,,,0.0405284,
ENSG00000068878,-4.20514,,2.25887,
ENSG00000068885,,,0.734268,
ENSG00000068903,,-1.04897,,
ENSG00000068912,-5.10359,0.0959437,,
ENSG00000068976,,,-0.166875,
ENSG00000069011,,1.17012,-0.792814,0.266793
ENSG00000069020,,-0.468762,,
ENSG00000069122,,-0.0613606,,
ENSG00000069248,1.02074,,0.150087,
ENSG00000069399,,,-0.441921,
ENSG00000069482,,-2.04266,-0.391545,-1.72124
ENSG00000069696,1.55487,,0.996861,
ENSG00000069956,,-0.824217,,
ENSG00000070010,-0.752015,,-1.61583,
ENSG00000070159,,,-1.86248,
ENSG00000070182,0.0480182,-0.404278,,
ENSG00000070366,2.22524,,-4.39562,
ENSG00000070367,0.103847,,,
ENSG00000070423,1.34782,,2.50866,
ENSG00000070444,1.10483,-0.347455,,
ENSG00000070501,,,0.603203,
ENSG00000070601,,,2.07028,
ENSG00000070614,,,0.294263,
ENSG00000070729,,-0.2164,,
ENSG00000070778,,,0.60804,
ENSG00000070785,1.00989,,0.0392235,
ENSG00000070808,,0.395568,0.143729,0.381341
ENSG00000070831,-1.85267,-1.20882,,
ENSG00000070961,-0.900384,,1.28953,
ENSG00000070985,,,0.345647,
ENSG00000071051,,,2.11104,
ENSG00000071054,-0.0794133,,-1.40452,
ENSG00000071073,,,0.24166,
ENSG00000071082,,,3.15271,
ENSG00000071127,-1.99462,,2.82224,
ENSG00000071189,,,0.828706,
ENSG00000071242,,0.836887,,
ENSG00000071282,,,0.113729,
ENSG00000071564,-1.89185,,-2.13067,
ENSG00000071626,,,3.51566,
ENSG00000071909,,,1.03777,
ENSG00000072134,,,-5.79538,
ENSG00000072182,,,1.09857,
ENSG00000072201,,,-0.632091,
ENSG00000072310,-4.78254,-4.06834,,
ENSG00000072401,1.27311,,-1.40581,
ENSG00000072571,,,0.522722,
ENSG00000072778,-3.6123,,,
ENSG00000072786,1.23731,0.567897,,
ENSG00000072858,-1.67881,-0.572403,,
ENSG00000072954,-1.83724,,-0.930884,
ENSG00000073060,,-0.138594,,
ENSG00000073067,,,-0.237062,
ENSG00000073111,-2.85343,,,
ENSG00000073146,,,-0.625761,
ENSG00000073282,,,0.318777,
ENSG00000073417,,,-0.671404,
ENSG00000073670,0.682851,,2.26036,
ENSG00000073712,,-1.14945,,
ENSG00000073792,,,-2.27139,
ENSG00000073910,,1.02639,,
ENSG00000073969,-5.40213,0.792057,,
ENSG00000074047,,,1.07979,
ENSG00000074181,,-0.0924699,,
ENSG00000074219,,-0.0814238,,
ENSG00000074317,,,1.7477,
ENSG00000074527,,,-1.04836,
ENSG00000074603,,,-0.0350947,
ENSG00000074657,-0.943298,,,
ENSG00000074695,-2.0901,-1.62084,,
ENSG00000074696,-0.864259,,-0.952783,
ENSG00000074706,,,-0.796524,
ENSG00000074855,1.29487,-1.92324,,
ENSG00000074935,,,1.28167,
ENSG00000074964,,,-0.899355,
ENSG00000075035,,,-0.812366,
ENSG00000075131,0.137171,,-0.475397,
ENSG00000075218,-0.281612,,0.00699441,
ENSG00000075290,,,-0.225231,
ENSG00000075292,,,4.34102,
ENSG00000075336,,-1.26101,,
ENSG00000075388,,,1.73927,
ENSG00000075407,-1.19336,-0.773713,,
ENSG00000075461,,,3.15841,
ENSG00000075539,,,-3.74915,
ENSG00000075624,-3.19476,,-1.71265,
ENSG00000075643,,,-1.41957,
ENSG00000075711,,,3.47311,
ENSG00000075826,-0.137989,0.126132,,
ENSG00000075856,1.35628,,-0.94267,
ENSG00000075886,,,0.599784,
ENSG00000075945,,1.37815,,
ENSG00000076003,1.62522,,-0.325364,
ENSG00000076043,0.0698016,-2.3038,,
ENSG00000076201,,,1.25003,
ENSG00000076604,-2.89058,,,
ENSG00000076641,2.76532,3.34089,,
ENSG00000076685,-5.53243,-3.79588,,
ENSG00000076826,1.2712,0.987949,,
ENSG00000076864,-4.06139,-2.88051,,
ENSG00000076924,-0.033031,0.693598,,
ENSG00000076928,,0.0795733,,
ENSG00000077009,,-0.693637,-0.576616,-0.898204
ENSG00000077063,,,0.336992,
ENSG00000077147,,,-2.8912,
ENSG00000077150,2.0722,2.94072,,
ENSG00000077232,2.66184,,2.20936,
ENSG00000077254,,1.18337,,
ENSG00000077380,-3.76595,,0.493292,
ENSG00000077420,0.440709,,,
ENSG00000077454,,,1.19205,
ENSG00000077522,,0.344383,0.344383,0.487031
ENSG00000077684,,-0.673823,,
ENSG00000077800,,,0.773807,
ENSG00000077935,,,0.351728,
ENSG00000077942,,,2.87495,
ENSG00000078081,,,0.948266,
ENSG00000078098,,,0.383651,
ENSG00000078114,2.62286,0.53427,,
ENSG00000078140,-2.31711,,,
ENSG00000078237,2.16867,0.913912,,
ENSG00000078269,,,-1.75693,
ENSG00000078304,0.556805,-2.27874,,
ENSG00000078369,-1.65909,1.94911,,
ENSG00000078487,1.8816,,-1.50547,
ENSG00000078579,,,-1.49344,
ENSG00000078668,-1.86351,0.533649,,
ENSG00000078687,-1.38466,1.2479,,
ENSG00000078699,,,0.919302,
ENSG00000078725,,,-3.69688,
ENSG00000078747,5.16956,,-4.46547,
ENSG00000078795,,,2.1289,
ENSG00000078804,0.880099,,,
ENSG00000078808,3.51516,0.9512,,
ENSG00000078900,,-2.75849,,
ENSG00000079102,,,-0.269608,
ENSG00000079112,,,-1.75338,
ENSG00000079134,,0.659818,,
ENSG00000079308,,0.0215075,,
ENSG00000079385,0.0334931,,,
ENSG00000079387,1.99991,,,
ENSG00000079435,,1.0818,,
ENSG00000079805,0.141921,,-0.695596,
ENSG00000079841,,,-3.48061,
ENSG00000079974,-3.00488,,,
ENSG00000080031,-0.587099,,0.992021,
ENSG00000080166,,,-1.50271,
ENSG00000080298,0.169912,,,
ENSG00000080371,,,1.71362,
ENSG00000080511,,,2.11937,
ENSG00000080546,,,-0.213965,
ENSG00000080608,,,0.929701,
ENSG00000080618,,-0.199711,,
ENSG00000080822,,,-0.455152,
ENSG00000080824,,,-0.956809,
ENSG00000080986,,0.124306,,
ENSG00000081019,,,-1.6514,
ENSG00000081026,-2.07871,,0.288524,
ENSG00000081041,,,0.635867,
ENSG00000081059,,,0.557469,
ENSG00000081087,,,0.533786,
ENSG00000081148,,-1.12069,,
ENSG00000081154,,-0.548591,,
ENSG00000081181,,1.57587,,
ENSG00000081189,1.26937,,,
ENSG00000081237,,,-1.30634,
ENSG00000081248,,,2.2555,
ENSG00000081277,,,1.45736,
ENSG00000081307,-0.458568,,,
ENSG00000081803,,,1.13784,
ENSG00000081853,,,2.33368,
ENSG00000081913,2.50686,0.984422,,
ENSG00000081985,-1.13876,,1.82942,
ENSG00000082014,,,0.891299,
ENSG00000082153,0.64395,0.0208365,,
ENSG00000082175,,,0.194654,
ENSG00000082397,,2.28268,,
ENSG00000082438,,1.43129,,
ENSG00000082482,,,-2.64649,
ENSG00000082516,,,-0.00627222,
ENSG00000082684,,,-1.99772,
ENSG00000082701,,2.11695,,
ENSG00000083067,,,0.122289,
ENSG00000083168,0.0504778,,,
ENSG00000083223,0.964589,1.57655,,
ENSG00000083444,,-0.630232,,
ENSG00000083454,,-1.39589,,
ENSG00000083535,,,0.0921387,
ENSG00000083635,,,-0.683144,
ENSG00000083642,-1.22025,,0.932222,
ENSG00000083807,,,-1.058,
ENSG00000083814,0.0802288,0.323725,,
ENSG00000083817,,,-0.761638,
ENSG00000083857,,,1.63981,
ENSG00000084070,,,2.0203,
ENSG00000084072,1.2228,0.253038,,
ENSG00000084112,,0.546446,,
ENSG00000084207,-1.85531,,-0.322291,
ENSG00000084234,,,-0.650109,
ENSG00000084444,2.0583,1.59825,,
ENSG00000084623,,0.653702,,
ENSG00000084628,,,-0.237113,
ENSG00000084636,,-0.259035,-0.0250808,-0.200901
ENSG00000084674,,,0.0352282,
ENSG00000084710,1.39985,,1.0325,
ENSG00000084731,1.38355,,,
ENSG00000084734,,0.726541,0.726541,1.02748
ENSG00000084764,-5.55221,,-4.25834,
ENSG00000085274,,,0.0205104,
ENSG00000085365,-2.41761,,-3.04901,
ENSG00000085514,,,-1.11732,
ENSG00000085644,-1.30566,,0.137545,
ENSG00000085662,1.92522,0.917445,,
ENSG00000085721,-2.22893,,,
ENSG00000085741,,-0.84989,,
ENSG00000085788,-5.30564,,,
ENSG00000085840,,,-0.571487,
ENSG00000085999,,,-1.02072,
ENSG00000086102,1.47441,,,
ENSG00000086159,,,0.511045,
ENSG00000086189,,,1.19784,
ENSG00000086205,,,2.77218,
ENSG00000086232,0.676054,,0.322336,
ENSG00000086475,0.265105,0.906834,,
ENSG00000086504,-0.98961,,2.03293,
ENSG00000086548,,-1.08865,,
ENSG00000086570,-1.1027,0.543403,,
ENSG00000086666,,,-3.56934,
ENSG00000086848,,,-1.18856,
ENSG00000086967,,,1.95511,
ENSG00000087087,,,4.02749,
ENSG00000087088,1.22532,,1.53928,
ENSG00000087095,,,0.78567,
ENSG00000087111,-1.93432,,-0.989271,
ENSG00000087116,,3.19095,,
ENSG00000087152,-2.03734,,,
ENSG00000087191,0.141863,,1.79594,
ENSG00000087237,,,-0.330242,
ENSG00000087245,,1.92284,0.449532,1.67752
ENSG00000087250,,,1.80277,
ENSG00000087269,,-1.84616,,
ENSG00000087299,-1.03588,,0.883699,
ENSG00000087303,,2.92052,,
ENSG00000087365,0.137085,0.694546,,
ENSG00000087448,,,-0.149522,
ENSG00000087460,-0.977641,-0.803711,,
ENSG00000087470,,,0.0240036,
ENSG00000087495,,,-0.721131,
ENSG00000087510,,,-0.70811,
ENSG00000087589,-0.176506,-2.30409,,
ENSG00000088205,,,2.2177,
ENSG00000088256,,0.725739,,
ENSG00000088325,,,-0.184602,
ENSG00000088386,,,-0.589338,
ENSG00000088538,,0.0793254,,
ENSG00000088543,0.697633,,0.00787441,
ENSG00000088727,,,1.43185,
ENSG00000088756,,,0.175051,
ENSG00000088766,0.491841,,-1.46158,
ENSG00000088808,-6.02883,,-7.13048,
ENSG00000088827,,-0.0995371,,
ENSG00000088836,-0.840905,-1.24735,,
ENSG00000088926,,,-0.509422,
ENSG00000089009,-0.270342,,,
ENSG00000089022,0.554908,,,
ENSG00000089057,,,-0.44765,
ENSG00000089094,3.30193,,,
ENSG00000089101,,,-0.598105,
ENSG00000089127,-1.54971,-1.30789,,
ENSG00000089159,,-0.183426,,
ENSG00000089199,,,0.50261,
ENSG00000089250,,,4.01173,
ENSG00000089486,5.17315,,-4.05086,
ENSG00000089558,,,-0.960961,
ENSG00000089685,,-2.24226,,
ENSG00000089775,,,-1.4208,
ENSG00000089818,,,-0.422843,
ENSG00000089876,2.69966,,,
ENSG00000090006,2.4444,2.07344,,
ENSG00000090060,-1.81047,,2.70727,
ENSG00000090061,3.86789,2.73833,,
ENSG00000090263,3.91602,,6.84278,
ENSG00000090273,2.21798,,-2.30454,
ENSG00000090316,3.45795,2.18102,,
ENSG00000090339,,0.329392,,
ENSG00000090470,,,-0.711106,
ENSG00000090520,,,0.336035,
ENSG00000090554,,,-3.22623,
ENSG00000090659,,,1.6306,
ENSG00000090661,0.0504909,2.2637,,
ENSG00000090857,-1.40722,1.20016,,
ENSG00000090863,-2.47037,3.4733,,
ENSG00000090905,,1.65611,,
ENSG00000090971,-0.349329,0.190427,,
ENSG00000090975,,6.44623,,
ENSG00000091010,,,-1.082,
ENSG00000091073,-2.46156,-0.886307,,
ENSG00000091128,,,-0.240285,
ENSG00000091136,,,0.237142,
ENSG00000091137,,,-0.782866,
ENSG00000091157,0.033549,0.815826,,
ENSG00000091181,,0.185747,,
ENSG00000091428,,,0.570425,
ENSG00000091436,1.37319,,1.17759,
ENSG00000091513,,,1.32021,
ENSG00000091527,,,0.539338,
ENSG00000091536,,,4.24146,
ENSG00000091583,,-0.930398,-0.930398,-1.31578
ENSG00000091622,,-1.33537,,
ENSG00000091656,,,-1.83769,
ENSG00000091704,,0.410513,0.410513,0.580553
ENSG00000091831,,,-0.22339,
ENSG00000091844,-0.861366,-1.76802,,
ENSG00000091879,,,-0.167995,
ENSG00000091986,,0.279746,-0.459205,-0.126897
ENSG00000092009,,,-0.410628,
ENSG00000092051,,,2.45252,
ENSG00000092068,,0.778785,,
ENSG00000092140,3.32079,,,
ENSG00000092199,1.81984,,-0.846106,
ENSG00000092201,,,-1.57162,
ENSG00000092208,0.812252,,,
ENSG00000092330,,-1.1776,,
ENSG00000092445,,,0.908686,
ENSG00000092529,,-0.360671,,
ENSG00000092841,,1.09142,,
ENSG00000092850,-4.74322,,0.145801,
ENSG00000092964,2.20208,,1.67788,
ENSG00000092969,,,0.171906,
ENSG00000093183,-0.50275,,-0.613172,
ENSG00000094755,,,1.40736,
ENSG00000094796,,,-0.817308,
ENSG00000094914,-1.23894,,,
ENSG00000094916,,-2.77751,,
ENSG00000094963,,-0.329046,0.378161,0.0347296
ENSG00000095059,1.32527,,,
ENSG00000095203,,-0.0751504,,
ENSG00000095261,-1.52281,,,
ENSG00000095380,1.37461,,-2.06863,
ENSG00000095464,0.760064,,-0.389729,
ENSG00000095585,,,0.950676,
ENSG00000095587,,,1.30604,
ENSG00000095596,,,-0.0113631,
ENSG00000095637,,,1.81352,
ENSG00000095713,,-0.693384,0.573584,-0.084711
ENSG00000095752,,,-1.3653,
ENSG00000095777,,,-1.24751,
ENSG00000095787,-0.505905,,2.29123,
ENSG00000095906,2.54316,-0.339911,,
ENSG00000095917,-1.45159,,2.74766,
ENSG00000095932,,-0.0107972,,
ENSG00000095951,,,4.22302,
ENSG00000096006,,-1.19037,,
ENSG00000096060,,0.536525,,
ENSG00000096070,,,-2.56768,
ENSG00000096080,,0.625709,,
ENSG00000096088,,,-1.82426,
ENSG00000096092,,1.45044,,
ENSG00000096093,2.7345,,-2.69765,
ENSG00000096401,0.392827,,1.04975,
ENSG00000096696,0.24827,,1.03505,
ENSG00000096968,0.566619,,-0.156177,
ENSG00000096996,-0.15109,0.614235,,
ENSG00000097033,,0.990664,,
ENSG00000097096,,,-0.526152,
ENSG00000099139,,0.738467,,
ENSG00000099194,,,0.133828,
ENSG00000099204,,,-0.878939,
ENSG00000099256,0.0592776,,,
ENSG00000099260,,,0.363079,
ENSG00000099377,2.22027,1.01128,,
ENSG00000099625,,,-1.06289,
ENSG00000099783,0.293238,,1.01121,
ENSG00000099812,,,1.53635,
ENSG00000099822,-2.55007,,,
ENSG00000099849,-2.42426,,,
ENSG00000099860,,-2.38425,,
ENSG00000099875,-0.454812,,,
ENSG00000099899,-2.7745,,1.04571,
ENSG00000099910,-0.239527,,,
ENSG00000099917,-0.767105,,-0.915898,
ENSG00000099953,,-1.63637,,
ENSG00000099956,1.31975,,1.62376,
ENSG00000099958,1.28801,1.17907,,
ENSG00000099991,,,1.90858,
ENSG00000100003,,3.74071,,
ENSG00000100012,,-2.33436,,
ENSG00000100027,2.40033,,-2.72689,
ENSG00000100028,,,1.9194,
ENSG00000100033,,,-1.69886,
ENSG00000100034,,1.42873,,
ENSG00000100053,,,1.13403,
ENSG00000100055,1.14497,0.407964,,
ENSG00000100065,,,-0.3579,
ENSG00000100105,-1.99582,,,
ENSG00000100116,-0.178241,-0.505782,,
ENSG00000100124,0.981385,,,
ENSG00000100129,-0.535014,-0.37409,,
ENSG00000100138,,-5.7563,,
ENSG00000100139,,,0.210716,
ENSG00000100142,,,1.09179,
ENSG00000100156,,,0.491371,
ENSG00000100162,,,-5.10163,
ENSG00000100167,,,5.74971,
ENSG00000100170,,,0.628719,
ENSG00000100191,,,1.06818,
ENSG00000100196,0.721257,,,
ENSG00000100197,-8.4683,,-6.47072,
ENSG00000100201,-0.28625,-0.421261,,
ENSG00000100206,,,-0.755756,
ENSG00000100207,,-3.25802,,
ENSG00000100209,3.19077,3.81462,,
ENSG00000100220,1.96864,,0.731814,
ENSG00000100226,0.364306,,0.288004,
ENSG00000100253,,0.709771,,
ENSG00000100266,3.71251,,0.519728,
ENSG00000100280,-4.57257,,,
ENSG00000100284,-0.85858,-0.627035,,
ENSG00000100294,1.74108,,0.0957016,
ENSG00000100302,,-1.81174,-2.45346,-3.01595
ENSG00000100307,-1.10772,-1.18917,,
ENSG00000100311,,-1.98819,,
ENSG00000100312,,,0.637859,
ENSG00000100320,1.30563,,-1.54401,
ENSG00000100335,,,-2.24778,
ENSG00000100345,-1.29314,,-0.351899,
ENSG00000100351,,,0.914108,
ENSG00000100359,,,-0.325371,
ENSG00000100362,,0.768075,,
ENSG00000100368,,2.11285,,
ENSG00000100372,,,4.6365,
ENSG00000100373,,-1.36994,,
ENSG00000100395,,2.35943,,
ENSG00000100399,1.88378,,1.69121,
ENSG00000100413,3.61785,,1.712,
ENSG00000100425,,-3.24679,,
ENSG00000100426,4.54663,2.90137,,
ENSG00000100427,,-0.206711,,
ENSG00000100433,,,2.58989,
ENSG00000100442,,,-1.2836,
ENSG00000100448,-0.735314,,-0.938277,
ENSG00000100450,,-0.654628,,
ENSG00000100478,1.72601,1.74383,,
ENSG00000100483,-2.73442,,,
ENSG00000100503,-0.160544,-1.21792,,
ENSG00000100522,1.61979,,0.291062,
ENSG00000100528,1.48432,0.64163,,
ENSG00000100568,1.55806,,,
ENSG00000100575,,,1.07179,
ENSG00000100583,4.04167,1.91562,,
ENSG00000100591,1.92197,,-1.81369,
ENSG00000100593,,,1.43398,
ENSG00000100600,,-0.761082,,
ENSG00000100604,,,0.292738,
ENSG00000100612,-2.32969,,-0.427877,
ENSG00000100614,,,0.395045,
ENSG00000100626,,,-1.07582,
ENSG00000100644,1.72558,,,
ENSG00000100664,,-4.86482,,
ENSG00000100678,,,-1.2644,
ENSG00000100711,,,1.35541,
ENSG00000100721,,-1.126,,
ENSG00000100722,-2.43568,,-3.27492,
ENSG00000100739,,,-1.26457,
ENSG00000100784,,,-1.67705,
ENSG00000100813,,-0.354957,,
ENSG00000100814,-0.38215,,-1.23071,
ENSG00000100836,-2.07486,,,
ENSG00000100842,,,-2.79799,
ENSG00000100883,,,3.68305,
ENSG00000100884,,-0.500012,,
ENSG00000100890,,3.36043,-4.59515,-0.873078
ENSG00000100897,2.04733,-0.472609,,
ENSG00000100908,-0.790747,,-0.559563,
ENSG00000100918,-0.0884637,-1.43023,,
ENSG00000100926,,-0.928396,,
ENSG00000100938,,1.22782,,
ENSG00000100968,,,2.1156,
ENSG00000100985,,1.46039,,
ENSG00000100987,,,0.731569,
ENSG00000100997,,,-1.65101,
ENSG00000101000,,,-4.92104,
ENSG00000101003,1.44619,-1.14417,,
ENSG00000101098,,,0.956025,
ENSG00000101115,,,2.90889,
ENSG00000101126,1.96913,0.925851,,
ENSG00000101132,0.535591,,,
ENSG00000101134,,,-0.942146,
ENSG00000101144,,,1.78121,
ENSG00000101146,1.65838,,0.311538,
ENSG00000101150,-0.470265,,2.39228,
ENSG00000101152,0.385306,,,
ENSG00000101182,-0.565042,,-2.28726,
ENSG00000101188,,-1.36166,,
ENSG00000101198,,,-1.00893,
ENSG00000101204,,,-0.901407,
ENSG00000101210,,-3.10369,,
ENSG00000101222,,,0.921149,
ENSG00000101230,1.00343,0.912568,,
ENSG00000101251,,,-0.221912,
ENSG00000101276,,,1.34477,
ENSG00000101280,,,0.960205,
ENSG00000101294,-1.98453,,,
ENSG00000101298,-3.90264,,,
ENSG00000101306,,-0.177814,-0.462859,-0.453024
ENSG00000101311,,,0.189888,
ENSG00000101331,,-1.67826,-1.27523,-2.08843
ENSG00000101333,,,-0.94898,
ENSG00000101336,,-1.57352,,
ENSG00000101337,1.25828,,0.256488,
ENSG00000101342,,-0.78554,,
ENSG00000101384,,0.709936,,
ENSG00000101391,,,0.955793,
ENSG00000101400,0.55868,1.75226,,
ENSG00000101405,,0.927409,,
ENSG00000101412,,,-0.00994925,
ENSG00000101413,-1.95963,,,
ENSG00000101421,-5.02401,-1.23255,,
ENSG00000101439,-0.702771,,-0.545139,
ENSG00000101440,,,-1.41821,
ENSG00000101443,0.851837,,1.21532,
ENSG00000101444,-4.83963,,1.4618,
ENSG00000101445,,7.61943,,
ENSG00000101447,,,3.98186,
ENSG00000101463,,,-1.8009,
ENSG00000101489,,,-1.28313,
ENSG00000101542,,,0.548709,
ENSG00000101544,-0.262586,,2.33763,
ENSG00000101546,-1.05967,,-0.259816,
ENSG00000101558,,0.360097,,
ENSG00000101596,2.68767,,,
ENSG00000101680,,,-0.795619,
ENSG00000101695,,0.206954,,
ENSG00000101745,,,1.40467,
ENSG00000102452,,,-2.40849,
ENSG00000102468,,,-1.76356,
ENSG00000102683,,,-0.596628,
ENSG00000102710,0.889341,,,
ENSG00000102743,-0.0626504,,,
ENSG00000102755,,-0.544911,,
ENSG00000102760,,-1.12142,,
ENSG00000102802,,1.07591,1.31333,1.68945
ENSG00000102879,,,3.97673,
ENSG00000102893,,,-0.666676,
ENSG00000102921,,0.526888,,
ENSG00000102924,,,-0.314802,
ENSG00000102984,,,0.0243377,
ENSG00000103021,,,1.49277,
ENSG00000103024,,,-0.934681,
ENSG00000103034,,,4.91865,
ENSG00000103037,-3.58592,3.38935,,
ENSG00000103043,-2.01019,-0.811474,,
ENSG00000103044,-3.90793,,,
ENSG00000103056,,,2.73064,
ENSG00000103145,,,-0.0112354,
ENSG00000103175,,,0.314269,
ENSG00000103194,0.636575,,0.69956,
ENSG00000103197,,,1.56656,
ENSG00000103226,-0.222623,,,
ENSG00000103227,-1.71279,-1.39234,,
ENSG00000103269,1.03069,,1.14428,
ENSG00000103274,,0.2202,,
ENSG00000103343,,0.0349231,,
ENSG00000103356,1.52034,-0.692425,,
ENSG00000103375,,0.0147631,0.0147631,0.0208782
ENSG00000103404,-1.29557,,-4.63809,
ENSG00000103429,0.793834,,,
ENSG00000103449,,,-0.875031,
ENSG00000103490,,,-0.354347,
ENSG00000103494,-2.22284,,2.69819,
ENSG00000103512,-0.20056,,,
ENSG00000103599,,,0.911436,
ENSG00000103653,,3.57101,,
ENSG00000103710,,,-0.198801,
ENSG00000103740,,,-0.0337028,
ENSG00000103769,-1.45869,-0.859765,,
ENSG00000103855,1.79513,,-1.85068,
ENSG00000103994,,,0.678785,
ENSG00000103995,-1.50977,-1.77966,,
ENSG00000104043,,-0.429863,,
ENSG00000104044,,,0.906952,
ENSG00000104055,,-4.89153,3.90427,-0.698098
ENSG00000104059,,,-2.14278,
ENSG00000104064,-0.765815,,1.42489,
ENSG00000104093,-3.53004,,-3.00416,
ENSG00000104112,,,0.250294,
ENSG00000104213,,-0.269996,0.681499,0.290977
ENSG00000104221,,,0.676095,
ENSG00000104231,,,0.0947989,
ENSG00000104267,-0.394073,,0.420094,
ENSG00000104299,,,-0.429863,
ENSG00000104356,,,-0.819323,
ENSG00000104369,,,-2.6811,
ENSG00000104371,,,1.08656,
ENSG00000104375,0.326656,-1.90283,,
ENSG00000104415,,,0.522831,
ENSG00000104432,,0.181793,,
ENSG00000104435,,,1.20191,
ENSG00000104442,-2.67887,,-2.8642,
ENSG00000104472,2.07265,-1.33949,,
ENSG00000104522,,,-4.38472,
ENSG00000104524,,,-1.04993,
ENSG00000104537,,,-0.364034,
ENSG00000104643,2.32418,,1.86407,
ENSG00000104687,,,0.400049,
ENSG00000104691,-0.346061,,,
ENSG00000104714,0.901828,0.0749293,,
ENSG00000104722,1.68364,,,
ENSG00000104723,,,-2.26957,
ENSG00000104756,,1.44491,,
ENSG00000104760,,-0.118539,0.0457847,-0.051445
ENSG00000104804,,,0.279547,
ENSG00000104808,-3.20476,1.41407,,
ENSG00000104823,4.01321,,-0.794783,
ENSG00000104824,1.30338,-2.30151,,
ENSG00000104879,,,1.3271,
ENSG00000104884,-0.875351,,-1.93107,
ENSG00000104888,,,-1.6297,
ENSG00000104889,,-1.93415,,
ENSG00000104892,,0.631315,,
ENSG00000104894,0.319735,,0.151261,
ENSG00000104897,-2.84819,,-3.92026,
ENSG00000104901,,,-0.22624,
ENSG00000104938,,-0.631759,,
ENSG00000104946,-1.18201,-1.02266,,
ENSG00000104967,,,-0.549378,
ENSG00000104970,,-1.80516,,
ENSG00000104976,,-1.48138,,
ENSG00000104979,0.406897,-0.125069,,
ENSG00000105011,2.11575,,,
ENSG00000105058,1.01736,,,
ENSG00000105085,0.0295557,,,
ENSG00000105088,,,1.63698,
ENSG00000105127,,,-0.460257,
ENSG00000105131,,-0.0447787,,
ENSG00000105137,0.32006,2.24704,,
ENSG00000105141,,-1.05163,-1.05163,-1.48723
ENSG00000105171,-0.897094,-1.08912,,
ENSG00000105173,-1.06465,,,
ENSG00000105205,,0.0463079,,
ENSG00000105219,,,0.892968,
ENSG00000105229,,,1.30669,
ENSG00000105246,,-0.766754,,
ENSG00000105251,,0.0215032,,
ENSG00000105278,,-0.682353,,
ENSG00000105281,0.337084,,-1.65555,
ENSG00000105289,-2.87288,0.466089,,
ENSG00000105290,,,0.691988,
ENSG00000105325,,,-0.392821,
ENSG00000105357,,-0.668112,-1.96278,-1.86032
ENSG00000105366,,-0.277835,,
ENSG00000105370,,1.16262,,
ENSG00000105372,0.539023,0.494164,,
ENSG00000105379,-1.82481,-1.23561,,
ENSG00000105383,-0.151371,-0.500485,,
ENSG00000105398,,-0.0508627,,
ENSG00000105401,,,1.2644,
ENSG00000105426,,,2.24069,
ENSG00000105464,-1.02932,,-1.27017,
ENSG00000105507,,0.708544,,
ENSG00000105523,,,3.25021,
ENSG00000105538,,3.87309,,
ENSG00000105576,0.866929,-1.3955,,
ENSG00000105609,0.29538,,,
ENSG00000105610,,2.21074,,
ENSG00000105612,0.238786,,0.364296,
ENSG00000105613,,,-0.45364,
ENSG00000105617,0.499781,,0.722732,
ENSG00000105618,,,-0.239261,
ENSG00000105619,-0.176091,-0.667693,,
ENSG00000105639,,,-2.11395,
ENSG00000105642,,,-1.56807,
ENSG00000105643,,,-0.658451,
ENSG00000105647,,,-1.19005,
ENSG00000105650,,,1.68157,
ENSG00000105655,-4.99164,-1.63349,,
ENSG00000105668,,1.62444,2.45687,2.88592
ENSG00000105675,,,0.16769,
ENSG00000105676,1.32057,-0.760757,,
ENSG00000105677,1.88105,0.913568,,
ENSG00000105696,,,0.811866,
ENSG00000105697,,1.90839,0.0932399,1.41537
ENSG00000105698,,,-1.41647,
ENSG00000105705,6.3996,,,
ENSG00000105717,,3.61706,,
ENSG00000105726,6.70487,3.74227,,
ENSG00000105732,,0.500132,,
ENSG00000105737,,,0.34209,
ENSG00000105755,,,0.224247,
ENSG00000105771,1.24325,,0.883621,
ENSG00000105810,,,1.5163,
ENSG00000105821,,,1.08374,
ENSG00000105825,,-1.04564,,
ENSG00000105829,,,-0.800443,
ENSG00000105835,0.615603,,-1.86869,
ENSG00000105849,-0.449397,,-1.0926,
ENSG00000105851,,,0.553565,
ENSG00000105852,,,1.55137,
ENSG00000105855,,,-2.44579,
ENSG00000105865,,,-0.784503,
ENSG00000105875,,,-1.33299,
ENSG00000105877,,,1.25836,
ENSG00000105879,,,-0.551548,
ENSG00000105880,,,1.26757,
ENSG00000105887,1.0614,-0.574821,,
ENSG00000105894,,,-4.50634,
ENSG00000105971,,,0.438337,
ENSG00000105974,-1.09425,,,
ENSG00000105991,-1.39956,-0.391287,,
ENSG00000105996,,-0.0741085,,
ENSG00000106006,,,-0.274798,
ENSG00000106012,2.48472,,1.78142,
ENSG00000106013,,,1.8383,
ENSG00000106018,,,0.210316,
ENSG00000106028,,0.37448,,
ENSG00000106052,0.0953706,-2.61402,,
ENSG00000106078,,,-1.86417,
ENSG00000106080,-2.45578,-0.773212,,
ENSG00000106105,,,1.2175,
ENSG00000106113,,,-1.05285,
ENSG00000106125,,0.0279832,0.561783,0.417028
ENSG00000106178,,0.463478,0.347278,0.573291
ENSG00000106211,-0.502832,-0.506414,,
ENSG00000106268,,,0.128791,
ENSG00000106278,,,0.190044,
ENSG00000106336,,-1.19772,,
ENSG00000106341,,0.149067,,
ENSG00000106346,,0.177469,,
ENSG00000106397,,-0.0776388,,
ENSG00000106462,2.00943,,,
ENSG00000106477,,,0.908176,
ENSG00000106479,-1.27367,-2.54534,,
ENSG00000106511,,,-0.126537,
ENSG00000106536,,,1.7849,
ENSG00000106537,,,-0.306583,
ENSG00000106538,,,0.380542,
ENSG00000106541,,,-0.733755,
ENSG00000106546,,0.535185,,
ENSG00000106571,,,-1.4067,
ENSG00000106615,-3.58492,,,
ENSG00000106617,,0.327403,,
ENSG00000106633,,,-1.21779,
ENSG00000106635,2.05695,,,
ENSG00000106682,1.95538,0.276956,,
ENSG00000106688,,,-3.25516,
ENSG00000106689,,,-0.0318492,
ENSG00000106701,-0.940579,,0.2292,
ENSG00000106714,-0.639504,-3.25006,,
ENSG00000106804,2.10112,2.74752,,
ENSG00000106809,,,-1.26921,
ENSG00000106823,,,1.29099,
ENSG00000106927,,0.176933,-0.0141347,0.115116
ENSG00000106948,,,1.42069,
ENSG00000106952,,-1.2374,,
ENSG00000106991,,-1.5234,,
ENSG00000106992,,,1.20507,
ENSG00000107147,0.235634,0.0109896,,
ENSG00000107159,,,-2.31131,
ENSG00000107165,,,0.369733,
ENSG00000107186,,,0.925748,
ENSG00000107223,,,-0.877636,
ENSG00000107262,,,0.0809816,
ENSG00000107281,-1.06483,,-0.220207,
ENSG00000107282,,,0.663376,
ENSG00000107290,,,0.377125,
ENSG00000107295,,,0.784461,
ENSG00000107331,-1.0506,,-0.209752,
ENSG00000107438,,-0.39914,,
ENSG00000107447,,-1.11132,,
ENSG00000107643,,,0.19922,
ENSG00000107719,,0.699002,,
ENSG00000107731,,1.0573,,
ENSG00000107758,0.62716,,-1.15023,
ENSG00000107779,,,0.674377,
ENSG00000107815,0.872406,0.376175,,
ENSG00000107831,,1.14759,1.47756,1.85626
ENSG00000107863,,-0.297456,,
ENSG00000107872,3.76153,,,
ENSG00000107874,,,-2.50928,
ENSG00000107949,,,3.29495,
ENSG00000107954,,,3.4959,
ENSG00000107968,1.7698,,,
ENSG00000108010,,-0.1925,,
ENSG00000108055,,0.452873,,
ENSG00000108094,,-3.45139,,
ENSG00000108100,,-2.80337,,
ENSG00000108106,,-0.272079,,
ENSG00000108175,,,1.24563,
ENSG00000108176,,1.84155,-1.49411,0.245677
ENSG00000108179,,0.51721,,
ENSG00000108231,,,0.103334,
ENSG00000108239,0.771868,,-0.415723,
ENSG00000108244,-1.06867,-0.0875067,,
ENSG00000108262,,-2.41367,,
ENSG00000108298,-3.14043,,,
ENSG00000108306,3.65378,,,
ENSG00000108312,1.6121,0.0916163,,
ENSG00000108342,,,1.53885,
ENSG00000108375,,,-2.54173,
ENSG00000108381,,,0.610338,
ENSG00000108387,,0.0153408,,
ENSG00000108389,,,0.146162,
ENSG00000108423,,,-1.51212,
ENSG00000108448,-3.88136,,-0.101309,
ENSG00000108474,,,0.875031,
ENSG00000108506,-2.11229,,,
ENSG00000108510,,,-2.17786,
ENSG00000108557,2.87408,,,
ENSG00000108559,4.79307,4.4943,,
ENSG00000108588,,,1.68724,
ENSG00000108590,0.882813,,1.66222,
ENSG00000108602,,-1.61751,,
ENSG00000108641,,,-4.91583,
ENSG00000108666,,-4.59762,,
ENSG00000108679,1.02995,-0.238458,,
ENSG00000108691,,,1.40943,
ENSG00000108733,-0.345391,,1.36689,
ENSG00000108759,,,-0.776446,
ENSG00000108784,-0.0716329,,1.07184,
ENSG00000108821,,,1.49692,
ENSG00000108823,-2.03147,,-2.14905,
ENSG00000108829,,,-2.96025,
ENSG00000108839,-0.0802417,0.177211,,
ENSG00000108846,-2.05955,-0.279873,,
ENSG00000108848,,1.9895,,
ENSG00000108852,-1.05565,0.00441378,,
ENSG00000108861,,-0.684604,,
ENSG00000108932,1.05263,0.982758,,
ENSG00000108947,,,0.734431,
ENSG00000108953,,,2.20349,
ENSG00000108961,1.20724,,-2.08274,
ENSG00000109046,,,-1.06256,
ENSG00000109062,0.21907,,-0.0881824,
ENSG00000109072,,,1.48699,
ENSG00000109083,,-0.659446,,
ENSG00000109099,,0.0344879,,
ENSG00000109103,,,-1.17393,
ENSG00000109111,-0.0835045,,0.676044,
ENSG00000109158,,,-0.296251,
ENSG00000109163,,,-2.64649,
ENSG00000109189,,,-1.70413,
ENSG00000109220,3.35878,,,
ENSG00000109255,,2.22099,1.23208,2.44169
ENSG00000109265,,,0.161414,
ENSG00000109270,3.59998,,1.45241,
ENSG00000109272,,-0.183585,,
ENSG00000109321,1.57491,-0.914461,,
ENSG00000109339,,,-0.159619,
ENSG00000109452,,,1.32682,
ENSG00000109458,,1.98839,,
ENSG00000109472,,-0.539542,-1.51614,-1.45359
ENSG00000109475,1.5427,,1.86062,
ENSG00000109534,,,1.34324,
ENSG00000109536,0.583502,,0.638506,
ENSG00000109576,,,1.00529,
ENSG00000109586,-0.371998,,0.605463,
ENSG00000109606,,,-2.69936,
ENSG00000109610,,1.18245,0.415706,1.13007
ENSG00000109654,,,0.148853,
ENSG00000109705,,,-1.79273,
ENSG00000109736,1.71921,,,
ENSG00000109743,1.22901,,1.22134,
ENSG00000109758,,,-1.69233,
ENSG00000109787,,,2.82237,
ENSG00000109832,,,0.28958,
ENSG00000109846,,,-1.09888,
ENSG00000109919,,,-1.56668,
ENSG00000109920,0.607458,1.53148,,
ENSG00000109943,,,-0.319205,
ENSG00000110002,,,0.57054,
ENSG00000110025,-0.555393,,-0.562023,
ENSG00000110063,0.269639,2.50977,,
ENSG00000110066,-0.0861394,,0.358863,
ENSG00000110077,,0.286129,,
ENSG00000110090,,,-1.95611,
ENSG00000110148,,,-0.444374,
ENSG00000110195,,0.619272,1.39219,1.42232
ENSG00000110315,-1.97109,,-0.687605,
ENSG00000110324,,0.567513,,
ENSG00000110328,,-2.15394,-2.15394,-3.04613
ENSG00000110427,,,1.94638,
ENSG00000110429,,-0.307262,,
ENSG00000110436,,,-0.582011,
ENSG00000110442,,2.16815,,
ENSG00000110492,,,-7.5261,
ENSG00000110675,,,0.465717,
ENSG00000110696,,,-1.50827,
ENSG00000110711,-2.28919,,,
ENSG00000110713,,-0.538827,,
ENSG00000110723,,,0.405705,
ENSG00000110777,,0.696582,,
ENSG00000110786,,,-1.03733,
ENSG00000110841,,,1.53417,
ENSG00000110900,,,-0.893285,
ENSG00000110944,-2.12195,-1.86483,,
ENSG00000110958,,,-1.25132,
ENSG00000110975,,,0.52641,
ENSG00000111011,,-3.42405,,
ENSG00000111012,,,0.619968,
ENSG00000111058,,,1.17596,
ENSG00000111142,0.856198,,0.791647,
ENSG00000111145,,0.214304,,
ENSG00000111218,,,0.553692,
ENSG00000111231,,7.12335,,
ENSG00000111245,,-0.0701721,-0.0701721,-0.0992384
ENSG00000111252,,0.242675,,
ENSG00000111261,-0.266399,-1.35413,,
ENSG00000111262,,,1.01416,
ENSG00000111266,,-0.985912,,
ENSG00000111269,,,-0.828045,
ENSG00000111300,0.482089,0.702968,,
ENSG00000111319,,,2.3424,
ENSG00000111335,,,-0.292076,
ENSG00000111339,,-0.916019,,
ENSG00000111361,-1.29498,,-1.92297,
ENSG00000111432,,,-0.0555417,
ENSG00000111445,,,1.21382,
ENSG00000111530,2.7171,,-1.6696,
ENSG00000111602,-0.617958,,2.07324,
ENSG00000111605,-0.605448,,-2.06731,
ENSG00000111640,,,-0.794282,
ENSG00000111641,,,0.0102046,
ENSG00000111642,-1.38409,,0.882772,
ENSG00000111669,,,-0.679289,
ENSG00000111676,0.962132,,0.309312,
ENSG00000111678,-0.673315,,,
ENSG00000111700,,,-1.36496,
ENSG00000111713,,,0.175118,
ENSG00000111726,,,0.0842442,
ENSG00000111729,,1.74956,-0.868731,0.622844
ENSG00000111732,,,1.59148,
ENSG00000111737,2.68344,1.71239,,
ENSG00000111785,,-0.839716,,
ENSG00000111796,1.1135,,,
ENSG00000111816,,,-2.27812,
ENSG00000111817,0.551702,,0.197426,
ENSG00000111843,-0.241759,,1.34425,
ENSG00000111859,,,1.40635,
ENSG00000111860,,2.14682,,
ENSG00000111863,-0.764927,,,
ENSG00000111879,,,-2.20911,
ENSG00000111880,-0.871933,-1.6847,,
ENSG00000111907,,,0.930705,
ENSG00000111911,-1.19129,-2.12597,,
ENSG00000111913,0.894292,,0.0561657,
ENSG00000111961,-0.451395,-0.296452,,
ENSG00000111962,,2.21338,,
ENSG00000111981,,,0.344265,
ENSG00000112031,-2.63484,,-2.82827,
ENSG00000112039,,,1.16722,
ENSG00000112041,,,0.947581,
ENSG00000112077,1.05232,-1.08896,,
ENSG00000112081,1.96515,2.05743,,
ENSG00000112137,,-1.50053,,
ENSG00000112146,,,-0.439154,
ENSG00000112164,,,-0.379114,
ENSG00000112175,,,0.910881,
ENSG00000112183,,0.461666,-0.442127,0.0138165
ENSG00000112186,,,0.375533,
ENSG00000112210,,-1.99999,,
ENSG00000112212,,-1.72408,,
ENSG00000112218,,,1.11158,
ENSG00000112232,2.2283,,,
ENSG00000112234,-1.27355,,1.52447,
ENSG00000112242,,,0.415085,
ENSG00000112276,,,0.889181,
ENSG00000112280,,,1.13998,
ENSG00000112305,-5.21693,-1.87206,,
ENSG00000112312,,-3.32373,,
ENSG00000112319,,,1.48002,
ENSG00000112333,,-0.456392,,
ENSG00000112378,,,0.549724,
ENSG00000112379,,,-0.234028,
ENSG00000112406,,-2.11999,,
ENSG00000112414,,,-1.17088,
ENSG00000112425,-0.508055,,0.503224,
ENSG00000112530,,,-0.500818,
ENSG00000112541,,,0.322291,
ENSG00000112561,0.188914,,-1.32228,
ENSG00000112562,,-2.14687,0.179355,-1.39124
ENSG00000112576,,,0.485346,
ENSG00000112651,-2.47803,-2.06393,,
ENSG00000112679,-0.269997,,,
ENSG00000112706,,,-0.899093,
ENSG00000112715,,-0.174915,,
ENSG00000112742,,,-0.613479,
ENSG00000112769,,,0.114885,
ENSG00000112782,-0.244846,1.61113,,
ENSG00000112796,,,0.0968769,
ENSG00000112852,,,-3.29227,
ENSG00000112902,,,-0.178833,
ENSG00000112936,,1.17808,-1.79166,-0.433871
ENSG00000112981,,,-2.06564,
ENSG00000112984,,-0.311547,,
ENSG00000113068,,,-1.42486,
ENSG00000113088,,,-0.908856,
ENSG00000113140,,,1.20754,
ENSG00000113205,,,-4.01899,
ENSG00000113209,,,-3.30667,
ENSG00000113212,,,2.45399,
ENSG00000113248,,,-0.225911,
ENSG00000113262,,,-0.310622,
ENSG00000113263,0.245669,,-0.339858,
ENSG00000113282,0.40331,2.0402,,
ENSG00000113296,,-0.790531,,
ENSG00000113303,,0.306387,,
ENSG00000113319,,2.06026,,
ENSG00000113361,,,0.106928,
ENSG00000113387,,,0.832216,
ENSG00000113389,-0.258808,0.246205,,
ENSG00000113456,-0.486028,,,
ENSG00000113494,,,-1.75642,
ENSG00000113520,,-0.591259,,
ENSG00000113522,1.35468,,-0.274673,
ENSG00000113532,,,-2.13713,
ENSG00000113555,2.64656,,0.60506,
ENSG00000113575,-1.42374,,1.67999,
ENSG00000113578,,-0.74165,,
ENSG00000113594,,-0.0434203,0.242054,0.140456
ENSG00000113595,,,1.46694,
ENSG00000113643,,,1.27074,
ENSG00000113648,2.06066,,-1.67875,
ENSG00000113722,,,0.537311,
ENSG00000113732,3.77063,,-1.27871,
ENSG00000113742,,1.27308,,
ENSG00000113758,2.71506,,2.51057,
ENSG00000113763,-1.63186,,,
ENSG00000113790,,1.89122,,
ENSG00000113838,-0.830895,,0.435628,
ENSG00000113905,,0.488233,,
ENSG00000113924,,,1.10551,
ENSG00000113946,,,1.28278,
ENSG00000113966,,,3.07998,
ENSG00000114013,,0.325062,,
ENSG00000114019,,-2.21578,,
ENSG00000114021,1.71327,,,
ENSG00000114115,,-1.13366,1.67244,0.380982
ENSG00000114120,,,0.213967,
ENSG00000114124,,,0.109721,
ENSG00000114125,-1.10673,0.696773,,
ENSG00000114126,-0.677663,1.03255,,
ENSG00000114127,,,0.550335,
ENSG00000114204,,,-0.290335,
ENSG00000114251,,,0.309927,
ENSG00000114279,,,0.47044,
ENSG00000114346,,,-0.108587,
ENSG00000114353,0.105096,-1.219,,
ENSG00000114378,0.331022,,1.1615,
ENSG00000114388,2.95831,,,
ENSG00000114395,1.25452,3.59388,,
ENSG00000114416,5.96729,,,
ENSG00000114439,-1.27923,1.70865,,
ENSG00000114446,,-3.78965,,
ENSG00000114529,-0.0144163,,,
ENSG00000114547,,,-2.01019,
ENSG00000114573,,,1.83281,
ENSG00000114638,,,-0.232145,
ENSG00000114646,,,-0.603854,
ENSG00000114654,1.66537,,1.15884,
ENSG00000114656,,,1.64327,
ENSG00000114698,,,-0.826584,
ENSG00000114742,0.307181,,-0.65051,
ENSG00000114757,,,0.108451,
ENSG00000114784,0.563801,,-1.64558,
ENSG00000114805,,,-0.574999,
ENSG00000114812,,0.477502,,
ENSG00000114841,,,2.15995,
ENSG00000114859,,0.343515,,
ENSG00000114867,-1.39474,,0.058235,
ENSG00000114904,10.1691,-7.01161,,
ENSG00000114933,,,0.327748,
ENSG00000114982,,,-2.56564,
ENSG00000115008,,,1.36655,
ENSG00000115009,,-0.0490074,-0.255507,-0.215324
ENSG00000115041,,,-0.530638,
ENSG00000115053,,0.972011,,
ENSG00000115091,0.543241,,-0.91123,
ENSG00000115138,1.47796,,,
ENSG00000115145,-3.07818,,-0.172921,
ENSG00000115159,1.18705,,2.25297,
ENSG00000115163,,,-3.45082,
ENSG00000115183,-3.47185,,-0.312138,
ENSG00000115207,,-0.0177813,,
ENSG00000115221,,,-4.15544,
ENSG00000115232,0.616122,,0.707506,
ENSG00000115233,1.1763,,-0.0724276,
ENSG00000115241,-4.52433,,-3.10219,
ENSG00000115252,,,2.37911,
ENSG00000115255,0.284852,0.394382,,
ENSG00000115266,,,3.43369,
ENSG00000115268,,,-0.246231,
ENSG00000115274,-1.29545,-1.60791,,
ENSG00000115286,,,0.811413,
ENSG00000115289,,0.484494,,
ENSG00000115295,-4.63141,-1.03221,,
ENSG00000115317,,-0.425969,,
ENSG00000115318,,-0.651422,,
ENSG00000115353,,,-0.758412,
ENSG00000115363,,,-0.520152,
ENSG00000115364,-0.811813,,,
ENSG00000115368,,,1.25011,
ENSG00000115380,,0.880621,,
ENSG00000115415,0.138838,,-1.5083,
ENSG00000115423,,,1.35734,
ENSG00000115425,-0.052419,,0.0390923,
ENSG00000115457,-1.51005,-1.81982,,
ENSG00000115468,,-1.02716,,
ENSG00000115474,,,-8.1907,
ENSG00000115504,,,2.05538,
ENSG00000115514,,,0.844898,
ENSG00000115520,,,-6.75571,
ENSG00000115593,,1.22855,-1.17485,0.0379703
ENSG00000115594,,,0.202998,
ENSG00000115596,1.06649,0.831156,,
ENSG00000115598,,-0.583359,0.583359,0
ENSG00000115648,,,0.423484,
ENSG00000115705,,,-1.01755,
ENSG00000115718,,0.795408,,
ENSG00000115738,-2.42042,,,
ENSG00000115762,2.00981,,2.64655,
ENSG00000115816,,,4.71886,
ENSG00000115884,,,1.86062,
ENSG00000115942,,1.25894,,
ENSG00000115977,,,-0.176282,
ENSG00000115993,,,0.914397,
ENSG00000116005,-0.965895,-0.485429,,
ENSG00000116014,,-1.53592,,
ENSG00000116017,1.02937,,-0.566702,
ENSG00000116030,,-0.643175,,
ENSG00000116031,,,-0.120965,
ENSG00000116035,,,-0.202429,
ENSG00000116039,,,-0.202429,
ENSG00000116044,-2.26366,,,
ENSG00000116096,,,-0.443219,
ENSG00000116117,,,0.403558,
ENSG00000116120,0.631883,0.995197,,
ENSG00000116128,,,0.549969,
ENSG00000116132,,-0.124925,-0.124925,-0.176671
ENSG00000116138,1.16312,,1.24699,
ENSG00000116141,,,-0.599602,
ENSG00000116176,,,0.632718,
ENSG00000116194,,,-0.0239569,
ENSG00000116237,2.12113,1.33289,,
ENSG00000116273,3.9984,,,
ENSG00000116285,,0.771063,,
ENSG00000116329,,-2.02509,,
ENSG00000116353,4.95081,,-1.01525,
ENSG00000116396,,1.43644,,
ENSG00000116455,0.485897,,-0.790331,
ENSG00000116459,-1.23126,,,
ENSG00000116514,-1.41209,-0.43292,,
ENSG00000116521,,,1.808,
ENSG00000116525,,,-2.03968,
ENSG00000116544,,1.91331,,
ENSG00000116574,-1.48553,,-0.118958,
ENSG00000116580,-2.17951,,0.077143,
ENSG00000116641,1.47967,,1.82692,
ENSG00000116667,-1.51643,,1.38906,
ENSG00000116675,,,0.451484,
ENSG00000116678,,-1.08257,,
ENSG00000116690,,,-1.57162,
ENSG00000116701,,,-0.491231,
ENSG00000116703,,,0.247682,
ENSG00000116731,,,-0.609686,
ENSG00000116747,,,3.23059,
ENSG00000116750,-3.3385,,,
ENSG00000116761,,-0.545281,,
ENSG00000116783,,-0.321676,-0.593838,-0.647366
ENSG00000116785,,,-1.00701,
ENSG00000116809,,-0.735572,,
ENSG00000116824,,,-0.912073,
ENSG00000116833,,,0.423516,
ENSG00000116863,,4.18771,,
ENSG00000116871,,-5.49968,,
ENSG00000116885,1.73846,,,
ENSG00000116898,0.215698,,-0.350405,
ENSG00000116954,,,0.45181,
ENSG00000116981,,,0.371171,
ENSG00000116985,-3.25,,0.814037,
ENSG00000117013,0.290817,,-0.760378,
ENSG00000117016,,,-1.19118,
ENSG00000117036,-2.82329,,1.58564,
ENSG00000117069,,,-0.253114,
ENSG00000117118,2.24785,,,
ENSG00000117122,,,-5.03494,
ENSG00000117152,,,1.47805,
ENSG00000117153,0.75661,,0.48726,
ENSG00000117154,,,-1.64953,
ENSG00000117245,,,-1.05083,
ENSG00000117262,2.32707,,,
ENSG00000117281,1.24762,,,
ENSG00000117308,0.0948808,,-0.736777,
ENSG00000117318,,1.181,,
ENSG00000117395,,-0.71713,,
ENSG00000117400,,,4.62916,
ENSG00000117407,,,3.55425,
ENSG00000117477,,,0.647162,
ENSG00000117481,0.325905,,0.84932,
ENSG00000117525,,,0.730194,
ENSG00000117560,,-0.241573,,
ENSG00000117569,3.14935,1.99145,,
ENSG00000117600,,,1.25204,
ENSG00000117616,,1.35752,,
ENSG00000117625,0.782465,1.57613,,
ENSG00000117632,,,-0.107257,
ENSG00000117640,,,-0.731586,
ENSG00000117676,,,0.141722,
ENSG00000117691,-0.825487,0.212745,,
ENSG00000117707,,,-2.6179,
ENSG00000117791,,1.99282,,
ENSG00000117862,-0.503938,,,
ENSG00000117983,,,-1.31023,
ENSG00000117984,,0.648077,,
ENSG00000118004,,,1.33763,
ENSG00000118017,,,-1.1745,
ENSG00000118058,,,-0.34553,
ENSG00000118094,,,1.36303,
ENSG00000118113,,0.586551,,
ENSG00000118156,,-0.67367,,
ENSG00000118160,,,1.28524,
ENSG00000118162,-1.10767,,,
ENSG00000118193,-2.6228,-0.243708,,
ENSG00000118197,-0.790749,,-0.08625,
ENSG00000118242,,,-0.251633,
ENSG00000118257,,-0.223002,,
ENSG00000118260,4.41326,,,
ENSG00000118263,,-1.00927,,
ENSG00000118271,,1.509,,
ENSG00000118292,-1.74915,,0.441154,
ENSG00000118308,,,-1.30916,
ENSG00000118322,,,0.94284,
ENSG00000118407,,,0.757118,
ENSG00000118432,-3.17843,-1.43171,,
ENSG00000118507,3.75857,-0.747913,,
ENSG00000118508,2.38258,,,
ENSG00000118526,,,1.88065,
ENSG00000118557,2.92356,-0.438149,,
ENSG00000118579,1.22944,1.73011,,
ENSG00000118596,2.28933,,0.0370444,
ENSG00000118600,,,1.36929,
ENSG00000118655,-1.38174,,1.18789,
ENSG00000118680,-0.125546,-0.410776,,
ENSG00000118689,,,0.716635,
ENSG00000118729,,,-1.56985,
ENSG00000118777,1.48058,-0.83293,,
ENSG00000118849,,0.239048,1.37868,1.1439
ENSG00000118894,1.11624,,2.20558,
ENSG00000118946,,,-0.298569,
ENSG00000118997,,,0.858402,
ENSG00000119013,,,1.53185,
ENSG00000119125,,,0.166792,
ENSG00000119138,0.167443,0.781247,,
ENSG00000119280,,,-0.837751,
ENSG00000119333,-2.48209,,3.14085,
ENSG00000119396,,,-2.65928,
ENSG00000119411,,1.15177,,
ENSG00000119508,,,0.898346,
ENSG00000119514,2.06293,,,
ENSG00000119535,,1.97858,,
ENSG00000119559,,0.653441,,
ENSG00000119574,-1.06094,,-0.474166,
ENSG00000119596,,,3.28678,
ENSG00000119608,,,-3.58272,
ENSG00000119616,-0.228311,-0.0480889,,
ENSG00000119650,1.85357,,-0.193346,
ENSG00000119661,3.28017,,0.614762,
ENSG00000119669,-1.04723,0.706395,,
ENSG00000119681,,-2.18553,,
ENSG00000119698,,,0.708575,
ENSG00000119705,0.317569,,0.113663,
ENSG00000119707,,-1.60403,,
ENSG00000119714,,,-1.77164,
ENSG00000119715,,,-2.06617,
ENSG00000119720,,,0.449502,
ENSG00000119737,-1.93664,-2.70092,,
ENSG00000119777,,3.89791,,
ENSG00000119820,,,-0.126948,
ENSG00000119865,,,0.197364,
ENSG00000119878,-1.17261,,-0.385538,
ENSG00000119888,,-1.32631,-1.23751,-1.81289
ENSG00000119899,0.610519,,0.356875,
ENSG00000119912,,,-0.95713,
ENSG00000119922,,,-1.4937,
ENSG00000119927,,1.47292,,
ENSG00000119929,,-1.1398,,
ENSG00000119938,,-0.166792,-0.566258,-0.518344
ENSG00000119946,,,-1.70121,
ENSG00000119950,,1.23599,,
ENSG00000119986,0.573656,,,
ENSG00000120051,,,-1.9679,
ENSG00000120063,2.63396,2.28686,,
ENSG00000120075,,,1.33353,
ENSG00000120137,-0.851179,-2.22062,,
ENSG00000120149,,,-1.32334,
ENSG00000120160,,,1.98319,
ENSG00000120162,,1.60882,,
ENSG00000120251,,,1.60669,
ENSG00000120253,-2.01512,,2.08768,
ENSG00000120254,,,-0.0317397,
ENSG00000120256,,,-0.647885,
ENSG00000120265,1.98933,,-0.224592,
ENSG00000120306,-4.16085,,,
ENSG00000120314,5.39615,,-1.02923,
ENSG00000120318,3.33448,,1.51791,
ENSG00000120322,,,0.2714,
ENSG00000120324,,,1.69945,
ENSG00000120327,,,1.68181,
ENSG00000120328,,,-4.22439,
ENSG00000120329,,2.63611,2.63611,3.72803
ENSG00000120332,,,-1.53279,
ENSG00000120334,,,-0.84858,
ENSG00000120337,,,-0.933447,
ENSG00000120341,,0.402672,-0.498246,-0.0675808
ENSG00000120440,,,0.980761,
ENSG00000120471,,,-0.0679386,
ENSG00000120519,2.58089,,1.08045,
ENSG00000120526,,0.614492,,
ENSG00000120549,,,-0.508393,
ENSG00000120616,,,-1.04402,
ENSG00000120647,1.70245,,2.05152,
ENSG00000120658,,,0.529379,
ENSG00000120669,,,0.999633,
ENSG00000120686,-0.283853,-1.82303,,
ENSG00000120705,6.3705,4.92266,,
ENSG00000120733,-4.88797,,,
ENSG00000120742,,-0.912418,,
ENSG00000120800,,,-1.3999,
ENSG00000120802,,,0.890735,
ENSG00000120833,,,-0.645213,
ENSG00000120868,,,-0.121681,
ENSG00000120885,,,-1.86533,
ENSG00000120889,-1.58226,,,
ENSG00000120903,,-2.56085,,
ENSG00000120907,,,1.02277,
ENSG00000120925,1.75218,0.854443,,
ENSG00000120937,,-1.38583,,
ENSG00000121005,,,0.891543,
ENSG00000121053,,,-1.36286,
ENSG00000121058,0.460684,-0.621321,,
ENSG00000121060,,,-0.616265,
ENSG00000121064,2.11919,1.24775,,
ENSG00000121068,,1.01611,3.03128,2.86194
ENSG00000121207,,,-0.217045,
ENSG00000121210,-1.44591,-0.361638,,
ENSG00000121281,,,1.5192,
ENSG00000121297,,1.88673,,
ENSG00000121318,,,-0.666439,
ENSG00000121335,,,1.26931,
ENSG00000121361,,-0.0198765,-0.0198765,-0.0281096
ENSG00000121454,-2.81788,,0.333947,
ENSG00000121570,,1.00034,,
ENSG00000121579,,0.491133,,
ENSG00000121644,0.545301,,0.501664,
ENSG00000121653,,-0.6957,,
ENSG00000121671,,1.17013,,
ENSG00000121680,,,-2.40863,
ENSG00000121741,,,-1.18343,
ENSG00000121766,,-2.47149,,
ENSG00000121775,1.23681,,,
ENSG00000121797,,,-0.902902,
ENSG00000121858,,-0.421185,,
ENSG00000121864,,,0.0376393,
ENSG00000121898,,-0.659876,-0.934477,-1.12738
ENSG00000121900,,-1.97101,-1.89624,-2.73456
ENSG00000121903,,,2.40927,
ENSG00000121904,,,-0.844302,
ENSG00000121905,,-0.231295,-0.231295,-0.327101
ENSG00000122008,2.59267,,2.87633,
ENSG00000122012,,,-1.44206,
ENSG00000122035,-1.55492,,0.610667,
ENSG00000122042,,,0.998266,
ENSG00000122043,,-1.58386,,
ENSG00000122224,,,0.191662,
ENSG00000122257,,,-1.68022,
ENSG00000122304,,-0.550482,,
ENSG00000122367,,,1.24856,
ENSG00000122375,,,0.228391,
ENSG00000122386,,,1.00023,
ENSG00000122406,,1.34719,,
ENSG00000122545,0.202886,,-1.31133,
ENSG00000122548,,,1.49451,
ENSG00000122565,,,-0.0662286,
ENSG00000122574,,,1.36932,
ENSG00000122592,,,-0.0863267,
ENSG00000122641,,,-0.686343,
ENSG00000122691,,,1.60529,
ENSG00000122729,-1.48567,,-0.301504,
ENSG00000122756,,,0.433597,
ENSG00000122778,,,1.9746,
ENSG00000122779,,,0.261183,
ENSG00000122861,,,-0.103495,
ENSG00000122862,2.08427,,-0.701573,
ENSG00000122863,,,1.32391,
ENSG00000122870,,,1.06933,
ENSG00000122873,0.891143,,-0.233654,
ENSG00000122877,,-1.51614,,
ENSG00000122882,0.974268,,,
ENSG00000122912,1.14859,,-0.540508,
ENSG00000122952,-0.78079,,,
ENSG00000122958,-1.03365,0.293618,,
ENSG00000122986,5.08407,3.78553,,
ENSG00000123064,-0.0891697,1.69441,,
ENSG00000123066,,1.79256,,
ENSG00000123080,1.96317,,0.439879,
ENSG00000123094,,,-0.187731,
ENSG00000123096,,,-0.314192,
ENSG00000123106,-1.8726,,0.55832,
ENSG00000123124,,,-0.159506,
ENSG00000123154,,1.28337,,
ENSG00000123243,,,0.809215,
ENSG00000123338,,-0.244443,,
ENSG00000123342,-2.94093,-1.02601,,
ENSG00000123349,,,1.77136,
ENSG00000123358,,,-2.77339,
ENSG00000123364,,,1.63734,
ENSG00000123374,0.212856,,-0.178131,
ENSG00000123384,,,-1.02622,
ENSG00000123405,-3.49528,-1.17222,,
ENSG00000123411,,-1.33978,,
ENSG00000123416,,,0.197624,
ENSG00000123444,,-2.55669,,
ENSG00000123473,1.84807,-1.54628,,
ENSG00000123545,0.363881,,1.59436,
ENSG00000123689,,,-1.48558,
ENSG00000123810,,,0.322098,
ENSG00000123838,2.55603,-0.689249,,
ENSG00000123977,,,0.100394,
ENSG00000123983,-0.993523,0.907784,,
ENSG00000123999,,0.829917,0.541263,0.96957
ENSG00000124003,,,0.449852,
ENSG00000124067,,,4.43259,
ENSG00000124091,-1.35576,-0.340399,,
ENSG00000124103,,0.249725,,
ENSG00000124104,2.47901,0.943742,,
ENSG00000124120,-0.0400437,,,
ENSG00000124126,-2.00183,,0.471461,
ENSG00000124134,,3.34464,,
ENSG00000124140,,,1.44295,
ENSG00000124145,1.83666,,0.732405,
ENSG00000124159,,,2.54633,
ENSG00000124160,,0.542349,,
ENSG00000124172,0.974444,1.02947,,
ENSG00000124191,,,-2.09938,
ENSG00000124203,,-1.52984,,
ENSG00000124209,0.403879,,0.222826,
ENSG00000124212,,-0.186326,-1.86554,-1.45089
ENSG00000124214,3.76872,,1.03281,
ENSG00000124225,,,-1.48263,
ENSG00000124226,0.980697,,-0.376788,
ENSG00000124232,,,1.3582,
ENSG00000124249,,,-0.169972,
ENSG00000124253,,-0.749016,,
ENSG00000124374,,,1.42009,
ENSG00000124422,-2.15175,,-3.27838,
ENSG00000124440,,1.50032,0.960122,1.73979
ENSG00000124444,,-0.0407959,,
ENSG00000124459,-1.66128,0.435847,,
ENSG00000124469,,-0.395796,,
ENSG00000124490,,-0.691916,,
ENSG00000124496,1.21852,,,
ENSG00000124535,0.931192,-2.02418,,
ENSG00000124541,2.89269,0.380824,,
ENSG00000124557,,,5.30725,
ENSG00000124575,,,-0.722102,
ENSG00000124602,,0.709795,,
ENSG00000124664,,-0.0108379,-0.0930979,-0.0734937
ENSG00000124678,,,-2.16985,
ENSG00000124688,,-0.854231,,
ENSG00000124701,,1.52734,,
ENSG00000124749,,,-0.157873,
ENSG00000124772,,,0.874951,
ENSG00000124782,,,0.795408,
ENSG00000124784,0.0462305,,0.54034,
ENSG00000124785,,0.585619,,
ENSG00000124786,-0.362244,,-1.29927,
ENSG00000124788,3.84927,2.52642,,
ENSG00000124789,,,0.573493,
ENSG00000124795,-0.338482,,,
ENSG00000124831,-0.965001,-0.539836,,
ENSG00000124839,,1.55192,0.0220289,1.11295
ENSG00000125037,1.96397,1.42454,,
ENSG00000125144,,-0.579471,0.67657,0.0686597
ENSG00000125170,-1.21502,,-0.436415,
ENSG00000125249,,-0.634682,,
ENSG00000125266,,,-0.110158,
ENSG00000125304,,,0.850264,
ENSG00000125337,,,1.46754,
ENSG00000125347,-1.47881,,-0.586459,
ENSG00000125375,-0.239867,,,
ENSG00000125386,,,0.207858,
ENSG00000125388,2.06135,,1.03303,
ENSG00000125409,,,-2.60943,
ENSG00000125414,,-0.601813,,
ENSG00000125447,-0.740291,,-3.28655,
ENSG00000125459,-1.55507,,,
ENSG00000125482,-0.151005,0.586784,,
ENSG00000125484,,,0.222467,
ENSG00000125498,,-0.92149,,
ENSG00000125637,0.0623849,,0.594321,
ENSG00000125657,-2.25969,,,
ENSG00000125691,,,1.85511,
ENSG00000125741,-0.212885,,-0.222852,
ENSG00000125743,-0.746643,,0.958174,
ENSG00000125755,-1.40461,-1.35817,,
ENSG00000125780,,-0.348856,,
ENSG00000125787,,,2.24425,
ENSG00000125810,,0.409839,,
ENSG00000125818,0.621004,0.713518,,
ENSG00000125827,-0.00975728,0.165278,,
ENSG00000125835,-0.971332,-0.410338,,
ENSG00000125851,,,-2.25374,
ENSG00000125863,0.487385,,0.48849,
ENSG00000125864,2.08637,-1.02161,,
ENSG00000125868,0.602679,,0.225796,
ENSG00000125878,,,-0.127097,
ENSG00000125895,-4.05831,,1.90531,
ENSG00000125944,,,-2.35425,
ENSG00000125965,,,0.316346,
ENSG00000125967,-4.1773,,,
ENSG00000125970,-3.15752,,0.925486,
ENSG00000125971,-2.58485,,4.02346,
ENSG00000126003,,-1.22954,,
ENSG00000126005,,-1.81815,,
ENSG00000126067,-3.58688,0.924775,,
ENSG00000126106,,2.1504,,
ENSG00000126215,7.16523,,5.71704,
ENSG00000126226,,-1.49099,,
ENSG00000126233,,0.507348,0.507348,0.717499
ENSG00000126243,0.602061,,1.41833,
ENSG00000126259,,,0.0256487,
ENSG00000126266,,0.598261,0.715227,0.928776
ENSG00000126351,-1.59621,-2.32471,,
ENSG00000126368,,1.92014,,
ENSG00000126391,,,0.114885,
ENSG00000126456,,,-6.43521,
ENSG00000126464,-7.33056,,-5.73774,
ENSG00000126522,,0.341421,,
ENSG00000126562,,,0.962922,
ENSG00000126602,0.679117,-0.500168,,
ENSG00000126603,,,1.21548,
ENSG00000126698,-0.390251,,-0.0395342,
ENSG00000126705,,,2.70846,
ENSG00000126773,-1.57714,,-0.996379,
ENSG00000126778,,,-1.34899,
ENSG00000126785,,-3.12603,1.97733,-0.812255
ENSG00000126787,,,3.17024,
ENSG00000126814,,,1.6902,
ENSG00000126838,,-0.1791,,
ENSG00000126861,,-0.355326,,
ENSG00000126883,,-0.438669,,
ENSG00000127022,,,-1.9941,
ENSG00000127083,,,-1.39106,
ENSG00000127124,,-0.647295,,
ENSG00000127125,,0.544666,,
ENSG00000127152,,,-1.04363,
ENSG00000127241,,,1.22435,
ENSG00000127249,,,-1.01175,
ENSG00000127329,,,3.10327,
ENSG00000127334,,1.08909,,
ENSG00000127362,,,0.814474,
ENSG00000127377,,,-0.0165934,
ENSG00000127412,,0.0488049,,
ENSG00000127423,,,0.323406,
ENSG00000127527,0.431824,,,
ENSG00000127530,,,0.326316,
ENSG00000127564,,-0.301367,,
ENSG00000127585,,,1.08515,
ENSG00000127603,-3.31734,,,
ENSG00000127663,-2.35788,,-2.05033,
ENSG00000127720,0.380884,0.230424,,
ENSG00000127743,,,1.20252,
ENSG00000127831,,-0.923477,,
ENSG00000127838,,0.153092,,
ENSG00000127870,1.42196,,,
ENSG00000127954,2.25147,0.26567,,
ENSG00000127955,,,-0.632964,
ENSG00000127990,-0.565285,,,
ENSG00000128016,,,-0.842308,
ENSG00000128040,0.805357,1.02464,,
ENSG00000128045,,,-0.661733,
ENSG00000128050,,,-2.51592,
ENSG00000128159,3.2976,,0.418249,
ENSG00000128165,,-1.05913,,
ENSG00000128203,,1.46372,,
ENSG00000128245,1.8105,1.09057,,
ENSG00000128253,,0.475309,,
ENSG00000128268,3.04988,,-2.91808,
ENSG00000128285,,3.04199,,
ENSG00000128309,,,0.484427,
ENSG00000128311,-1.34594,0.540349,,
ENSG00000128313,,,-1.54401,
ENSG00000128322,,-0.613487,,
ENSG00000128340,0.264673,0.439737,,
ENSG00000128346,,-0.150823,,
ENSG00000128383,,-0.635238,,
ENSG00000128510,,,-0.623787,
ENSG00000128512,,,-2.55246,
ENSG00000128513,,,1.1093,
ENSG00000128536,,,0.414226,
ENSG00000128563,1.53879,,2.55925,
ENSG00000128567,0.627373,-0.592544,,
ENSG00000128590,,-0.571234,,
ENSG00000128591,,,-0.153704,
ENSG00000128595,,1.99428,,
ENSG00000128596,1.89741,1.03677,,
ENSG00000128602,0.51331,,,
ENSG00000128606,,,-0.110611,
ENSG00000128609,,,1.02061,
ENSG00000128610,,,-4.63704,
ENSG00000128626,,,1.66291,
ENSG00000128641,,2.02195,,
ENSG00000128652,,,3.17441,
ENSG00000128655,,,2.6806,
ENSG00000128731,0.26254,0.741708,,
ENSG00000128849,,,-0.47925,
ENSG00000128886,,4.18595,0.812586,3.5345
ENSG00000128908,,,-1.71247,
ENSG00000128918,,1.59738,,
ENSG00000128923,-4.08691,2.24551,,
ENSG00000128951,-0.257672,,,
ENSG00000129009,,,-3.04225,
ENSG00000129028,,,1.42177,
ENSG00000129038,0.698257,,0.381365,
ENSG00000129048,,1.40884,-1.0491,0.254374
ENSG00000129055,1.16539,,,
ENSG00000129128,-0.295275,-1.06817,,
ENSG00000129158,-0.229987,,-1.04225,
ENSG00000129159,,,-1.17864,
ENSG00000129167,,,-0.236989,
ENSG00000129197,,,3.84618,
ENSG00000129219,-2.11877,-1.47517,,
ENSG00000129317,-1.26601,,,
ENSG00000129355,-0.192088,-0.60873,,
ENSG00000129422,-0.923411,,-0.883849,
ENSG00000129451,,,-0.158456,
ENSG00000129455,,,-1.61418,
ENSG00000129474,2.11432,,2.18218,
ENSG00000129480,,,0.843927,
ENSG00000129514,,,-0.202684,
ENSG00000129515,,,-0.327284,
ENSG00000129518,1.39737,,-0.977441,
ENSG00000129538,0.257912,1.94562,,
ENSG00000129696,0.679494,,,
ENSG00000129810,2.31255,,-0.058125,
ENSG00000129910,,,0.621025,
ENSG00000129932,-1.78263,,,
ENSG00000129933,-6.36658,-2.62498,,
ENSG00000129968,,,1.54933,
ENSG00000129988,,0.852555,,
ENSG00000129990,,,3.6739,
ENSG00000129991,,3.0088,2.75187,4.07341
ENSG00000130035,,-2.12285,,
ENSG00000130045,,-1.80815,-1.80815,-2.55711
ENSG00000130167,,-1.0435,,
ENSG00000130173,,-1.951,,
ENSG00000130176,-0.564796,,-0.0814392,
ENSG00000130203,0.802569,,0.240279,
ENSG00000130204,0.167116,,,
ENSG00000130208,,,-0.145176,
ENSG00000130226,,,0.801423,
ENSG00000130300,,,1.17263,
ENSG00000130303,0.516683,,-1.88899,
ENSG00000130307,,,0.333616,
ENSG00000130312,0.57384,,-1.09133,
ENSG00000130338,-0.670153,-0.270771,,
ENSG00000130368,,,-0.812841,
ENSG00000130382,1.30322,,-0.769416,
ENSG00000130396,0.203663,,-0.851297,
ENSG00000130433,,,-1.79739,
ENSG00000130449,5.81689,,4.70187,
ENSG00000130487,,-1.28059,,
ENSG00000130511,1.79215,1.90174,,
ENSG00000130540,,,0.201693,
ENSG00000130544,,,1.87945,
ENSG00000130559,,-0.384878,,
ENSG00000130560,,,1.486,
ENSG00000130584,,,2.0157,
ENSG00000130598,,-1.36837,,
ENSG00000130635,,,-0.162016,
ENSG00000130643,-2.19911,-0.376105,,
ENSG00000130700,,,-0.0873954,
ENSG00000130707,,,-1.15882,
ENSG00000130713,,,0.769904,
ENSG00000130726,,0.571228,,
ENSG00000130749,,,2.40636,
ENSG00000130751,,,-0.187536,
ENSG00000130755,1.16332,,,
ENSG00000130762,,,-0.812808,
ENSG00000130772,,0.680976,,
ENSG00000130779,,0.251993,,
ENSG00000130813,,0.39884,,
ENSG00000130876,,-0.187643,,
ENSG00000130881,0.140697,-0.348231,,
ENSG00000130940,,,-0.126839,
ENSG00000130943,,,0.471799,
ENSG00000130957,,,-0.891669,
ENSG00000130958,1.40886,,-0.188827,
ENSG00000131019,,,-0.0365055,
ENSG00000131042,0.85528,-0.662364,,
ENSG00000131044,,,-1.22309,
ENSG00000131055,,,-2.20634,
ENSG00000131069,,,2.30322,
ENSG00000131097,,,0.108239,
ENSG00000131115,-0.69929,,-1.80302,
ENSG00000131142,,,-0.967953,
ENSG00000131153,2.69356,1.55217,,
ENSG00000131187,,,2.07761,
ENSG00000131188,-0.13336,,,
ENSG00000131196,1.15332,-1.3028,,
ENSG00000131203,,-0.629743,,
ENSG00000131233,,,-0.245663,
ENSG00000131323,,1.00013,,
ENSG00000131351,1.94725,2.27258,,
ENSG00000131398,,,1.28171,
ENSG00000131409,,,-1.19212,
ENSG00000131435,,0.674377,,
ENSG00000131459,-0.976194,,,
ENSG00000131470,1.2096,,,
ENSG00000131471,0.4031,,,
ENSG00000131503,-2.36214,,,
ENSG00000131507,0.895303,1.28363,,
ENSG00000131508,,,-0.556576,
ENSG00000131584,,,1.23438,
ENSG00000131620,,,1.31238,
ENSG00000131652,1.48308,,,
ENSG00000131653,,,0.971568,
ENSG00000131732,,,-1.11751,
ENSG00000131759,,-0.329865,,
ENSG00000131791,-2.45281,-1.84979,,
ENSG00000131844,0.90569,,0.53495,
ENSG00000131848,,-0.880589,,
ENSG00000131871,,,-1.02101,
ENSG00000131873,,,1.00963,
ENSG00000131876,,,-2.27991,
ENSG00000131969,0.562253,,0.301257,
ENSG00000132000,,,-1.7515,
ENSG00000132016,-1.27039,,,
ENSG00000132024,-0.558739,,0.485574,
ENSG00000132031,,,-0.050881,
ENSG00000132109,-0.84501,0.160807,,
ENSG00000132128,-0.492994,-0.377555,,
ENSG00000132164,,,-1.12919,
ENSG00000132204,,,-0.908176,
ENSG00000132205,-2.03968,,1.60947,
ENSG00000132294,,0.872576,,
ENSG00000132321,,,0.204858,
ENSG00000132326,,0.936937,,
ENSG00000132341,-1.55321,,,
ENSG00000132388,,-3.80637,,
ENSG00000132405,,0.948203,,
ENSG00000132423,0.356166,-1.98979,,
ENSG00000132424,,-1.96786,,
ENSG00000132429,,,-0.630456,
ENSG00000132465,,-1.70777,,
ENSG00000132466,,,-1.24472,
ENSG00000132475,0.810777,1.53153,,
ENSG00000132478,0.314697,0.135329,,
ENSG00000132554,,,1.62312,
ENSG00000132563,3.75786,,5.38706,
ENSG00000132589,,-1.11395,,
ENSG00000132591,1.74001,1.70311,,
ENSG00000132612,,,3.67724,
ENSG00000132613,,0.832259,,
ENSG00000132646,-0.845469,,-0.706396,
ENSG00000132664,,,-0.140082,
ENSG00000132669,,,-1.5107,
ENSG00000132676,,-2.2103,,
ENSG00000132688,,,-1.07258,
ENSG00000132692,,-1.80825,,
ENSG00000132702,,,-0.515199,
ENSG00000132704,,-0.356875,,
ENSG00000132718,-1.94802,-2.21824,,
ENSG00000132768,,,3.55416,
ENSG00000132781,,0.256862,,
ENSG00000132792,-3.03518,0.965562,,
ENSG00000132793,,,2.27632,
ENSG00000132819,2.8287,,,
ENSG00000132840,,2.3915,-1.48016,0.644415
ENSG00000132842,2.53423,4.57623,,
ENSG00000132849,1.73978,,,
ENSG00000132854,,,-0.359363,
ENSG00000132872,,,1.92259,
ENSG00000132911,,,-3.33944,
ENSG00000132932,,,0.749583,
ENSG00000132950,-0.648829,,,
ENSG00000132958,,,-0.526652,
ENSG00000132963,1.283,,1.23835,
ENSG00000132964,,,1.08618,
ENSG00000132965,,-0.565426,,
ENSG00000132972,,,-1.53392,
ENSG00000132975,,,1.48353,
ENSG00000133019,,,0.21068,
ENSG00000133027,,,0.238386,
ENSG00000133056,,,-2.41806,
ENSG00000133067,,0.339879,,
ENSG00000133083,,,-0.551548,
ENSG00000133105,,0.841197,,
ENSG00000133112,,,-0.862275,
ENSG00000133114,,,-1.49723,
ENSG00000133115,,,-0.957498,
ENSG00000133116,0.762741,,1.0849,
ENSG00000133119,-2.44673,,-0.674881,
ENSG00000133193,,0.170583,,
ENSG00000133250,,,-0.578788,
ENSG00000133256,0.375894,,-0.371974,
ENSG00000133265,1.9311,0.957829,,
ENSG00000133302,,,-0.0454409,
ENSG00000133315,-0.238598,2.50021,,
ENSG00000133316,1.37847,,,
ENSG00000133321,,-1.41758,,
ENSG00000133328,,,1.36109,
ENSG00000133392,,0.317779,,
ENSG00000133393,,-0.529977,,
ENSG00000133401,,,1.06504,
ENSG00000133424,0.817935,2.89961,,
ENSG00000133433,,,-1.58433,
ENSG00000133561,0.100585,,,
ENSG00000133612,1.41862,2.79088,,
ENSG00000133636,,,-1.76442,
ENSG00000133641,1.11606,,-1.22237,
ENSG00000133657,,1.31437,,
ENSG00000133661,-0.192838,,0.727534,
ENSG00000133706,-2.15481,0.208542,,
ENSG00000133710,,0.275565,1.47905,1.2407
ENSG00000133794,,2.16529,,
ENSG00000133805,,-0.486986,,
ENSG00000133812,0.856955,0.774398,,
ENSG00000133818,,,2.95617,
ENSG00000133858,,,1.66636,
ENSG00000133878,,,0.867992,
ENSG00000133935,2.82588,0.573774,,
ENSG00000133937,-1.38637,,0.672443,
ENSG00000133958,,,-0.130741,
ENSG00000133961,0.59776,,1.99577,
ENSG00000134007,,,-0.0938753,
ENSG00000134013,2.43377,1.83207,,
ENSG00000134020,-2.31047,0,,
ENSG00000134042,,,0.502711,
ENSG00000134058,0.186981,1.91162,,
ENSG00000134077,1.11802,-3.81715,,
ENSG00000134108,0.0373146,,0.677592,
ENSG00000134115,,,1.42753,
ENSG00000134121,,,2.37148,
ENSG00000134146,0.204332,,1.2923,
ENSG00000134207,,,0.700447,
ENSG00000134215,-1.75076,,,
ENSG00000134242,2.24098,,,
ENSG00000134243,,,-0.242416,
ENSG00000134250,1.83314,,,
ENSG00000134278,-2.17059,0.0627775,,
ENSG00000134294,,,-1.32969,
ENSG00000134308,0.670907,-0.595279,,
ENSG00000134323,,,-0.781964,
ENSG00000134339,,1.64381,0.397499,1.44343
ENSG00000134343,,,-1.35087,
ENSG00000134365,,,-0.825956,
ENSG00000134480,,,-1.40721,
ENSG00000134504,,,-1.59129,
ENSG00000134508,0.277333,2.01563,,
ENSG00000134531,,-0.622806,,
ENSG00000134532,,,-4.31658,
ENSG00000134538,,,-0.934086,
ENSG00000134539,-1.01154,,-0.598105,
ENSG00000134548,,-0.101169,,
ENSG00000134569,,,4.78503,
ENSG00000134574,,,-3.45581,
ENSG00000134697,-2.83933,,2.26144,
ENSG00000134748,-1.47729,-2.06933,,
ENSG00000134755,0.0889673,-0.061425,,
ENSG00000134760,,,-1.30262,
ENSG00000134762,,0.146078,,
ENSG00000134812,,-1.67132,,
ENSG00000134827,,-1.02165,,
ENSG00000134864,-1.97924,,-0.444303,
ENSG00000134874,,,-3.07161,
ENSG00000134882,-0.290508,-0.147823,,
ENSG00000134884,1.66311,,4.54709,
ENSG00000134897,-0.353541,,1.41806,
ENSG00000134899,,-0.48145,,
ENSG00000134910,,-2.12954,,
ENSG00000134917,,,-0.315048,
ENSG00000134962,,,-0.358198,
ENSG00000135002,1.48698,,0.950294,
ENSG00000135049,-0.920065,-0.720217,,
ENSG00000135063,,-0.533526,0.885946,0.249199
ENSG00000135070,-1.02796,,2.51925,
ENSG00000135090,1.03035,,1.45047,
ENSG00000135097,,,-1.24155,
ENSG00000135119,-0.0115318,0.954076,,
ENSG00000135144,-0.166305,,-1.3241,
ENSG00000135148,-0.232689,,,
ENSG00000135164,4.01268,4.68851,,
ENSG00000135218,,-2.0066,,
ENSG00000135241,,,-1.1961,
ENSG00000135253,-0.0989801,,-0.136678,
ENSG00000135272,0.345237,,-1.20495,
ENSG00000135298,,,1.13309,
ENSG00000135299,,,2.23396,
ENSG00000135312,,,1.5293,
ENSG00000135315,,1.03182,,
ENSG00000135316,,,2.28849,
ENSG00000135324,,2.17312,0.00247481,1.53838
ENSG00000135333,,,1.71907,
ENSG00000135336,-1.28759,,-0.610237,
ENSG00000135338,,,-1.12091,
ENSG00000135346,,,-0.916003,
ENSG00000135363,,,0.272001,
ENSG00000135365,,1.40923,,
ENSG00000135372,-3.28585,-3.26823,,
ENSG00000135373,,,0.116617,
ENSG00000135387,-2.64187,,1.92866,
ENSG00000135392,,1.58555,,
ENSG00000135406,,,0.0750185,
ENSG00000135407,,,-1.9574,
ENSG00000135409,,-2.83159,,
ENSG00000135414,,,-1.24094,
ENSG00000135443,,,0.0505846,
ENSG00000135446,,,-0.552816,
ENSG00000135452,1.45812,,,
ENSG00000135454,,,-1.40374,
ENSG00000135482,-0.310903,-0.389854,,
ENSG00000135486,,1.17222,,
ENSG00000135502,,,2.37685,
ENSG00000135519,,,-0.889921,
ENSG00000135525,-0.215221,,1.67373,
ENSG00000135547,,,-1.80227,
ENSG00000135549,,,-0.80215,
ENSG00000135605,2.1141,-1.24713,,
ENSG00000135622,,-0.29456,,
ENSG00000135643,0.56146,0.555277,,
ENSG00000135677,0.15129,-0.68204,,
ENSG00000135678,,,0.055503,
ENSG00000135679,,,1.37163,
ENSG00000135697,,,1.1759,
ENSG00000135698,-1.19556,,-1.35389,
ENSG00000135702,,,-0.67067,
ENSG00000135720,-1.48493,-1.11675,,
ENSG00000135750,,,0.116657,
ENSG00000135766,,,1.36578,
ENSG00000135773,,,1.03403,
ENSG00000135801,,,0.034889,
ENSG00000135823,,0.979906,,
ENSG00000135829,,,-2.39083,
ENSG00000135835,,,-0.0449348,
ENSG00000135870,4.14579,,4.26436,
ENSG00000135900,1.5648,,0.811046,
ENSG00000135912,1.15925,0.99558,,
ENSG00000135914,,,-1.50053,
ENSG00000135917,,,0.630426,
ENSG00000135931,,,1.63238,
ENSG00000135932,,0.0778754,,
ENSG00000135940,,,-0.1976,
ENSG00000135945,0.0074399,,-0.739453,
ENSG00000135960,,1.4031,,
ENSG00000135973,,,-0.86852,
ENSG00000135976,-1.58969,,-1.75976,
ENSG00000135999,,-0.521093,,
ENSG00000136002,,0.586926,,
ENSG00000136003,0.609877,0.552112,,
ENSG00000136059,-1.23955,-1.72847,,
ENSG00000136099,,,-0.464882,
ENSG00000136108,-0.122326,,-0.770392,
ENSG00000136110,,,2.25371,
ENSG00000136122,-1.70867,,,
ENSG00000136141,,2.9763,,
ENSG00000136143,-0.358783,,-0.669409,
ENSG00000136152,0.044282,,0.294024,
ENSG00000136155,,0.187782,,
ENSG00000136160,,,-2.06026,
ENSG00000136169,-0.2524,,1.41948,
ENSG00000136205,,,-0.0519199,
ENSG00000136237,,,-1.99116,
ENSG00000136244,1.85061,,,
ENSG00000136274,,-1.36454,,
ENSG00000136295,,,2.7924,
ENSG00000136315,2.08374,0.52618,,
ENSG00000136367,,,-0.753405,
ENSG00000136378,,,0.382487,
ENSG00000136436,-3.73409,-1.83065,,
ENSG00000136448,,,3.26779,
ENSG00000136450,2.48204,,,
ENSG00000136451,-2.81342,,,
ENSG00000136463,,,-1.94842,
ENSG00000136485,2.84703,,,
ENSG00000136492,0.784926,,0.788385,
ENSG00000136521,-0.571232,,,
ENSG00000136522,0.919626,,,
ENSG00000136531,,,1.26921,
ENSG00000136541,,-1.0931,,
ENSG00000136542,,,-0.841977,
ENSG00000136546,,,-1.55405,
ENSG00000136603,,,-0.130533,
ENSG00000136636,,,0.194062,
ENSG00000136682,-0.0532135,,,
ENSG00000136689,,-0.873683,,
ENSG00000136738,,,-1.45411,
ENSG00000136758,,-0.43,,
ENSG00000136770,,,-1.45437,
ENSG00000136807,-5.02697,0.400274,,
ENSG00000136826,,,0.210162,
ENSG00000136842,,,-1.21983,
ENSG00000136859,,,1.32225,
ENSG00000136866,-3.09884,,3.38915,
ENSG00000136872,-0.0316286,,-0.293132,
ENSG00000136874,-1.13524,0.827987,,
ENSG00000136881,,,-0.044434,
ENSG00000136883,,,5.2029,
ENSG00000136918,,,-1.30914,
ENSG00000136925,,,-1.85675,
ENSG00000136935,0.587145,0.945459,,
ENSG00000136936,0.128356,,,
ENSG00000136940,,,0.805482,
ENSG00000136943,,,-1.88082,
ENSG00000136944,,,2.24817,
ENSG00000136950,,,1.6777,
ENSG00000136986,1.01505,-2.19766,,
ENSG00000137040,,-1.51407,,
ENSG00000137055,,,0.036662,
ENSG00000137077,,-2.63005,-1.26964,-2.7575
ENSG00000137094,-4.88,,-0.898881,
ENSG00000137098,-2.4089,,-1.37745,
ENSG00000137101,3.65208,,0.379525,
ENSG00000137103,0.43632,-1.35474,,
ENSG00000137124,,,-1.71915,
ENSG00000137166,,,0.226044,
ENSG00000137168,-1.90738,-1.54016,,
ENSG00000137171,,,-1.7004,
ENSG00000137193,-0.00422277,-0.233089,,
ENSG00000137200,,,-0.768873,
ENSG00000137203,,,0.630628,
ENSG00000137270,,0.206649,,
ENSG00000137273,,,0.589391,
ENSG00000137274,0.192666,,1.3391,
ENSG00000137285,1.21742,-1.29631,,
ENSG00000137337,,,0.756034,
ENSG00000137343,,,-1.0231,
ENSG00000137392,,,-0.354251,
ENSG00000137404,6.29519,-1.21366,,
ENSG00000137440,,,-0.511348,
ENSG00000137463,,,1.58106,
ENSG00000137474,-0.574004,,0.0436984,
ENSG00000137491,,0.10362,-2.37469,-1.60589
ENSG00000137502,,,1.12664,
ENSG00000137504,0.516392,-0.31499,,
ENSG00000137507,-0.82057,0.715551,,
ENSG00000137547,1.5868,2.20197,,
ENSG00000137558,,,-0.0869341,
ENSG00000137561,,,-0.494907,
ENSG00000137573,,0.817708,0.0140006,0.588107
ENSG00000137628,1.50979,0.778787,,
ENSG00000137656,,-0.436036,,
ENSG00000137673,,,1.62277,
ENSG00000137675,,0.31847,-2.44944,-1.50683
ENSG00000137691,,,-1.02293,
ENSG00000137693,,0.67961,0.455668,0.802763
ENSG00000137699,,1.33672,1.40842,1.94111
ENSG00000137709,,,-0.198423,
ENSG00000137720,,,-0.212979,
ENSG00000137752,,,0.140463,
ENSG00000137770,,,0.462557,
ENSG00000137776,-0.303702,,4.22158,
ENSG00000137801,,-0.816115,,
ENSG00000137804,,,-0.173484,
ENSG00000137809,,,0.911603,
ENSG00000137812,,1.29248,,
ENSG00000137814,-0.442545,2.01947,,
ENSG00000137821,,,1.06858,
ENSG00000137834,,-0.911971,,
ENSG00000137842,5.54728,,,
ENSG00000137843,,,-0.870585,
ENSG00000137860,,,-1.20871,
ENSG00000137869,,0.869772,-0.990496,-0.0853648
ENSG00000137872,,,-0.44765,
ENSG00000137880,-0.523021,,-0.319922,
ENSG00000137942,,0.389477,,
ENSG00000137947,,,-0.737141,
ENSG00000137959,,-0.500077,,
ENSG00000137960,,,1.53806,
ENSG00000137968,,,-2.41226,
ENSG00000137975,,,0.375178,
ENSG00000138032,0.505347,,-0.146228,
ENSG00000138039,,,0.884569,
ENSG00000138050,3.50205,,2.9772,
ENSG00000138061,0.270273,,-0.908288,
ENSG00000138071,0.379666,,,
ENSG00000138075,,,-0.392659,
ENSG00000138078,-0.160288,0.520519,,
ENSG00000138079,,2.39748,,
ENSG00000138083,,,-0.402515,
ENSG00000138092,,,-0.241633,
ENSG00000138100,,,-3.14412,
ENSG00000138109,,0.809142,,
ENSG00000138111,-3.84584,,-0.872354,
ENSG00000138135,,,0.0918781,
ENSG00000138152,,,-0.0916629,
ENSG00000138160,-0.492585,,,
ENSG00000138161,,,0.553979,
ENSG00000138162,,,-0.379343,
ENSG00000138175,-4.2162,,6.75664,
ENSG00000138182,,,4.05028,
ENSG00000138193,,,-0.593583,
ENSG00000138207,,-1.69563,-1.07914,-1.96206
ENSG00000138311,-3.93505,,3.07779,
ENSG00000138315,,0.50243,,
ENSG00000138347,,,-0.483745,
ENSG00000138356,,,-1.99048,
ENSG00000138378,,,1.19106,
ENSG00000138379,,,0.383995,
ENSG00000138382,-3.27785,,-5.13818,
ENSG00000138385,,0.804593,,
ENSG00000138398,1.84561,,1.09303,
ENSG00000138400,,,-1.87602,
ENSG00000138442,,,-2.33821,
ENSG00000138449,0.823255,1.36253,,
ENSG00000138587,,,1.95834,
ENSG00000138592,1.27273,,-0.338615,
ENSG00000138593,,,1.42654,
ENSG00000138600,5.80409,1.44346,,
ENSG00000138604,2.75995,2.14271,,
ENSG00000138606,,,-1.05297,
ENSG00000138614,,0.70006,,
ENSG00000138646,0.775635,,,
ENSG00000138650,,,0.00948267,
ENSG00000138668,,-2.29055,,
ENSG00000138669,,,0.661333,
ENSG00000138670,,1.08016,,
ENSG00000138685,,,1.15946,
ENSG00000138686,,,-0.391905,
ENSG00000138735,2.21097,,-1.30199,
ENSG00000138741,,,-1.40366,
ENSG00000138755,,,1.40433,
ENSG00000138756,1.61884,,-0.0421137,
ENSG00000138757,,0.307944,,
ENSG00000138759,,,-0.643033,
ENSG00000138764,,,1.09938,
ENSG00000138769,,,-0.400835,
ENSG00000138771,,,0.0344776,
ENSG00000138792,,,0.359192,
ENSG00000138802,-0.92271,-1.44149,,
ENSG00000138814,,,-1.36886,
ENSG00000138823,,,2.35938,
ENSG00000138834,,0.106258,,
ENSG00000138835,,-1.64838,,
ENSG00000138944,,,2.37248,
ENSG00000139053,,-0.285037,,
ENSG00000139112,0.173128,-0.47574,,
ENSG00000139131,,0.16016,,
ENSG00000139155,,,0.71366,
ENSG00000139160,0.659815,-0.438851,,
ENSG00000139163,-1.62305,1.00384,,
ENSG00000139180,2.29219,-1.89386,,
ENSG00000139193,,0.0651978,,
ENSG00000139200,0.116767,,1.05676,
ENSG00000139220,,,-2.5109,
ENSG00000139263,,,1.13088,
ENSG00000139292,,,-1.31179,
ENSG00000139304,,,0.747869,
ENSG00000139329,,0.521585,0.234951,0.534952
ENSG00000139350,,0.816632,,
ENSG00000139352,,,-1.23372,
ENSG00000139364,,,-0.824373,
ENSG00000139370,,,0.354685,
ENSG00000139546,2.94944,,2.87484,
ENSG00000139549,,,-0.125069,
ENSG00000139567,,,-0.988919,
ENSG00000139574,,,0.332851,
ENSG00000139579,,-0.143949,,
ENSG00000139625,0.669268,-1.55922,,
ENSG00000139629,2.91653,3.50692,,
ENSG00000139637,,,-0.699031,
ENSG00000139644,-0.0257068,1.20127,,
ENSG00000139668,,,2.09679,
ENSG00000139684,1.46253,,0.115,
ENSG00000139687,-1.27315,,,
ENSG00000139697,,,2.38026,
ENSG00000139725,1.84501,,-0.82861,
ENSG00000139874,,,-0.278126,
ENSG00000139910,,,0.861387,
ENSG00000139926,,,0.197843,
ENSG00000139971,,,-1.43012,
ENSG00000139985,,,-1.06275,
ENSG00000139988,,,-1.20495,
ENSG00000140006,,,-0.640229,
ENSG00000140009,-1.38513,,-1.46602,
ENSG00000140030,,-1.3167,,
ENSG00000140057,,,1.32228,
ENSG00000140090,0.888753,0.391201,,
ENSG00000140104,-1.10638,,-0.922631,
ENSG00000140105,2.25278,,1.80726,
ENSG00000140157,1.5366,,,
ENSG00000140254,,,0.945465,
ENSG00000140259,-4.77014,-3.3243,,
ENSG00000140262,-0.543765,,,
ENSG00000140279,,,-0.00990248,
ENSG00000140280,4.3819,,-1.12378,
ENSG00000140284,,,-1.8106,
ENSG00000140285,,,0.127475,
ENSG00000140299,,,-2.28274,
ENSG00000140323,,,1.28994,
ENSG00000140332,,,0.818635,
ENSG00000140379,,1.13247,,
ENSG00000140396,-0.93928,,-0.3774,
ENSG00000140406,0.953371,,-0.233533,
ENSG00000140443,,,-0.833116,
ENSG00000140450,,-1.09174,,
ENSG00000140455,-2.09859,0.077805,,
ENSG00000140459,,,-1.20898,
ENSG00000140465,,0.23722,2.68941,2.06944
ENSG00000140470,,,0.349781,
ENSG00000140506,,-3.67408,,
ENSG00000140521,-4.31844,,-2.06725,
ENSG00000140527,,,1.95421,
ENSG00000140553,,,0.684406,
ENSG00000140557,,,1.8377,
ENSG00000140563,,,-0.783203,
ENSG00000140564,,-1.6359,,
ENSG00000140600,,,2.6039,
ENSG00000140623,,-2.85792,,
ENSG00000140682,,,-0.704951,
ENSG00000140694,0.676998,,-1.51716,
ENSG00000140743,-2.20133,1.42119,,
ENSG00000140795,,-0.959866,,
ENSG00000140807,,-1.83657,,
ENSG00000140830,-0.462677,,0.102497,
ENSG00000140832,,,-1.82274,
ENSG00000140839,-1.68163,,0.0988566,
ENSG00000140859,-0.535575,,0.679343,
ENSG00000140873,,,-2.28412,
ENSG00000140905,,0.0242478,-0.479836,-0.32215
ENSG00000140937,,,0.599491,
ENSG00000140948,-1.79102,2.588,,
ENSG00000140955,,,0.823185,
ENSG00000140983,1.14496,,3.8858,
ENSG00000140986,-0.53482,1.20478,,
ENSG00000140987,,-1.1438,,
ENSG00000141027,1.48937,1.59804,,
ENSG00000141084,,,-3.57078,
ENSG00000141086,,1.70985,,
ENSG00000141096,,-3.4117,,
ENSG00000141101,,,-0.238386,
ENSG00000141127,5.07189,,-3.88531,
ENSG00000141161,-0.753949,-0.88372,,
ENSG00000141255,,,0.64501,
ENSG00000141279,0.322999,,-0.811565,
ENSG00000141298,11.1988,,2.8724,
ENSG00000141316,,,0.887783,
ENSG00000141338,,,1.52157,
ENSG00000141376,,2.43073,,
ENSG00000141401,,,1.56565,
ENSG00000141425,0.608357,,0.834635,
ENSG00000141433,,,-0.128442,
ENSG00000141448,,-0.777932,,
ENSG00000141456,,,0.894315,
ENSG00000141480,,-0.730869,,
ENSG00000141497,-0.00970725,-1.81809,,
ENSG00000141503,-2.54736,1.32025,,
ENSG00000141505,0.871781,,1.19784,
ENSG00000141506,-2.0496,,-1.72861,
ENSG00000141510,,-2.18284,,
ENSG00000141522,-3.16344,,,
ENSG00000141527,0.96289,,1.13579,
ENSG00000141542,-0.111862,1.18401,,
ENSG00000141543,2.50478,,,
ENSG00000141551,-2.33552,-0.693004,,
ENSG00000141552,4.31907,,,
ENSG00000141560,-0.765384,,,
ENSG00000141562,0.000346294,,-0.550379,
ENSG00000141574,-2.80941,0.658052,,
ENSG00000141576,0.0015837,0.964959,,
ENSG00000141579,,2.26731,0.912626,2.24855
ENSG00000141582,,,-3.74333,
ENSG00000141664,-2.96123,0.784111,,
ENSG00000141665,,,1.05269,
ENSG00000141699,,,-2.93864,
ENSG00000141738,,-0.699541,0.699541,-7.85046e-17
ENSG00000141741,-3.97819,-2.74215,,
ENSG00000141750,,-0.379762,-1.50732,-1.33437
ENSG00000141753,,0.433654,,
ENSG00000141756,-0.0587055,,,
ENSG00000141965,,1.58037,0.35021,1.36513
ENSG00000141968,,0.739456,,
ENSG00000141985,,,-0.695525,
ENSG00000141994,1.21737,0.806854,,
ENSG00000142046,-0.571362,2.20801,,
ENSG00000142149,,,-0.15983,
ENSG00000142173,1.35018,,1.62555,
ENSG00000142186,-1.58254,,-0.329154,
ENSG00000142192,,-1.21647,,
ENSG00000142279,,,-0.492268,
ENSG00000142405,-2.08331,-0.205927,,
ENSG00000142444,0.247182,0.90026,,
ENSG00000142453,-1.48481,,-1.22182,
ENSG00000142494,1.77275,,-2.13053,
ENSG00000142528,,-0.670255,,
ENSG00000142530,,,-0.610563,
ENSG00000142534,,,3.51481,
ENSG00000142541,-5.21276,,-3.82948,
ENSG00000142552,4.65451,,-2.29712,
ENSG00000142611,,,0.154755,
ENSG00000142615,,,0.758653,
ENSG00000142623,,,-1.71553,
ENSG00000142627,,,1.10745,
ENSG00000142669,1.20121,,0.573981,
ENSG00000142687,4.73387,,,
ENSG00000142698,,,-0.69543,
ENSG00000142748,,-0.212659,-1.0397,-0.885552
ENSG00000142789,,1.65005,-1.3399,0.219302
ENSG00000142794,1.26444,-0.483215,,
ENSG00000142875,-0.259488,,,
ENSG00000142910,,-1.68783,0.115868,-1.11155
ENSG00000142949,,0.725466,,
ENSG00000142961,,,-1.808,
ENSG00000142973,,,-3.7819,
ENSG00000143028,,,0.712637,
ENSG00000143061,,,1.24066,
ENSG00000143106,,,1.55253,
ENSG00000143147,,,-1.99479,
ENSG00000143155,,-0.426235,,
ENSG00000143157,,,-2.48841,
ENSG00000143164,,-0.927186,,
ENSG00000143183,,1.18665,,
ENSG00000143194,,,2.19061,
ENSG00000143195,,,0.47714,
ENSG00000143196,,1.31327,2.18202,2.47155
ENSG00000143199,,,-1.06111,
ENSG00000143226,,,-0.347461,
ENSG00000143248,,,-0.485286,
ENSG00000143252,1.32448,,-0.323984,
ENSG00000143257,,,-0.620784,
ENSG00000143294,0.937678,,-1.72779,
ENSG00000143297,,-1.60421,,
ENSG00000143314,,,-0.25076,
ENSG00000143315,,,-2.13674,
ENSG00000143320,-0.818185,,0.627378,
ENSG00000143321,,1.58586,,
ENSG00000143324,-2.09984,,,
ENSG00000143337,0.861128,0.0579942,,
ENSG00000143341,,,-0.663137,
ENSG00000143355,,,0.60506,
ENSG00000143363,-4.28654,-1.09416,,
ENSG00000143374,0.91631,,-1.55237,
ENSG00000143375,3.13997,,-0.749679,
ENSG00000143376,1.88267,-1.7597,,
ENSG00000143379,-2.21923,,,
ENSG00000143382,,0.703044,,
ENSG00000143384,,,0.358454,
ENSG00000143409,,,-5.12481,
ENSG00000143418,1.96015,,1.69301,
ENSG00000143420,,,0.885089,
ENSG00000143443,2.46796,0.180318,,
ENSG00000143452,1.97606,,,
ENSG00000143469,,,-1.51773,
ENSG00000143479,,,1.24116,
ENSG00000143486,,-0.693018,,
ENSG00000143494,,,-0.838684,
ENSG00000143512,,,-0.0409939,
ENSG00000143520,,,0.398187,
ENSG00000143536,,-1.36851,,
ENSG00000143545,-3.92924,,,
ENSG00000143552,,,2.19322,
ENSG00000143556,,,-0.226585,
ENSG00000143569,4.77935,1.60694,,
ENSG00000143570,4.78792,,4.8255,
ENSG00000143575,-4.11735,,-1.68625,
ENSG00000143578,4.98673,4.8255,,
ENSG00000143595,,-0.192838,,
ENSG00000143603,,,3.10369,
ENSG00000143612,,,2.5464,
ENSG00000143621,3.57812,,,
ENSG00000143627,,,-1.81607,
ENSG00000143631,,0.938964,1.38675,1.64453
ENSG00000143632,,,-0.937755,
ENSG00000143633,1.60119,,-1.28765,
ENSG00000143669,,-1.99974,,
ENSG00000143674,-1.64638,,,
ENSG00000143702,-5.34169,-5.08671,,
ENSG00000143753,-0.197534,-0.892677,,
ENSG00000143756,0.044369,,-0.136446,
ENSG00000143761,-1.32052,,,
ENSG00000143768,,,-0.750127,
ENSG00000143815,,,0.311538,
ENSG00000143819,,,-1.24155,
ENSG00000143839,,,-0.868368,
ENSG00000143842,,,0.920128,
ENSG00000143845,,,0.132168,
ENSG00000143850,,-2.50048,,
ENSG00000143858,,,-2.05714,
ENSG00000143862,1.05432,-0.255755,,
ENSG00000143867,,2.53335,,
ENSG00000143869,,-0.968776,,
ENSG00000143870,,-1.2644,,
ENSG00000143954,,,0.365115,
ENSG00000143970,-0.8893,-2.2291,,
ENSG00000143977,-0.591433,-0.654719,,
ENSG00000143994,,,-2.66277,
ENSG00000143995,,1.83202,,
ENSG00000144028,,,-2.79558,
ENSG00000144029,,,-0.091375,
ENSG00000144035,,,2.36505,
ENSG00000144036,,,0.832137,
ENSG00000144040,-3.47282,,3.26243,
ENSG00000144045,,-0.139218,,
ENSG00000144048,,,1.71404,
ENSG00000144057,,,2.54524,
ENSG00000144061,,,1.76854,
ENSG00000144063,,,1.47349,
ENSG00000144119,,,1.18352,
ENSG00000144134,-1.13847,,1.99821,
ENSG00000144152,-1.4707,,1.05035,
ENSG00000144228,,,1.91234,
ENSG00000144229,,,-1.50729,
ENSG00000144233,0.440012,,-0.147631,
ENSG00000144278,,,-1.62814,
ENSG00000144331,,,2.06617,
ENSG00000144339,,,0.399969,
ENSG00000144355,,,1.24072,
ENSG00000144406,,,-0.590463,
ENSG00000144426,,,2.75826,
ENSG00000144451,,,-1.97739,
ENSG00000144524,1.01565,,,
ENSG00000144535,-3.08025,-0.273156,,
ENSG00000144579,-1.18174,,1.61736,
ENSG00000144596,,,-1.66647,
ENSG00000144619,,,1.04739,
ENSG00000144642,,,0.607457,
ENSG00000144645,-2.84871,,-0.188916,
ENSG00000144647,,,0.469875,
ENSG00000144649,,,-1.53675,
ENSG00000144671,0.194202,,-0.20473,
ENSG00000144677,,,3.60487,
ENSG00000144681,,,-2.4953,
ENSG00000144711,,,2.35041,
ENSG00000144724,,,0.116087,
ENSG00000144730,,,-0.539154,
ENSG00000144736,,,0.454557,
ENSG00000144741,-1.33806,,,
ENSG00000144744,,1.72535,,
ENSG00000144802,,,-1.47775,
ENSG00000144810,,-0.184102,-2.43144,-1.84946
ENSG00000144834,,0.461684,0.119151,0.410712
ENSG00000144837,,,-0.828224,
ENSG00000144847,,,1.70493,
ENSG00000144852,,,1.04571,
ENSG00000144857,,,-1.26007,
ENSG00000144891,,,0.636799,
ENSG00000144893,0.83964,-1.76885,,
ENSG00000144908,,0.500027,-0.741253,-0.170573
ENSG00000144935,,,0.117745,
ENSG00000145040,,1.12423,0.673628,1.27128
ENSG00000145041,-1.99067,,,
ENSG00000145088,,,-1.41637,
ENSG00000145103,,0.875022,,
ENSG00000145107,-2.05137,,-0.273311,
ENSG00000145113,,,-0.783012,
ENSG00000145147,,,2.51707,
ENSG00000145192,,-0.398202,,
ENSG00000145198,,,-1.16387,
ENSG00000145216,,,-0.241039,
ENSG00000145220,,0.33801,,
ENSG00000145242,,,0.159559,
ENSG00000145244,2.73231,2.42356,,
ENSG00000145247,,,1.97509,
ENSG00000145248,,,1.2123,
ENSG00000145283,,,-0.852904,
ENSG00000145287,1.38863,,0.812889,
ENSG00000145337,,,-1.36566,
ENSG00000145362,,,2.69429,
ENSG00000145386,0.373402,0.0337028,,
ENSG00000145390,,,-0.161003,
ENSG00000145391,,,-0.360097,
ENSG00000145416,,,-2.30295,
ENSG00000145425,-1.24676,,-2.6243,
ENSG00000145428,,-1.4057,,
ENSG00000145506,,,-0.248041,
ENSG00000145536,,,0.296303,
ENSG00000145555,,-0.253152,,
ENSG00000145632,,,-0.475303,
ENSG00000145675,,,-3.54017,
ENSG00000145685,,,0.0334672,
ENSG00000145687,,,1.54158,
ENSG00000145692,,2.3047,1.01094,2.34451
ENSG00000145700,,,0.312033,
ENSG00000145730,-0.945876,-0.666884,,
ENSG00000145740,-0.728297,,-0.722077,
ENSG00000145741,-0.14121,-1.2776,,
ENSG00000145757,,,0.451366,
ENSG00000145777,,,0.868899,
ENSG00000145794,,,-2.46953,
ENSG00000145808,,,-2.16087,
ENSG00000145817,,0.842433,,
ENSG00000145819,,,0.125125,
ENSG00000145824,,,-3.58519,
ENSG00000145832,,,2.98943,
ENSG00000145833,,,1.36938,
ENSG00000145839,,,2.69752,
ENSG00000145860,-0.89038,,3.96126,
ENSG00000145861,,,-2.79461,
ENSG00000145864,,,0.898644,
ENSG00000145901,,-1.89541,,
ENSG00000145934,,,-1.86439,
ENSG00000145945,,1.50629,,
ENSG00000146005,,,1.38308,
ENSG00000146090,,,-1.79596,
ENSG00000146147,,-1.92399,0.317453,-1.13599
ENSG00000146151,,,-0.0881594,
ENSG00000146166,,3.93082,,
ENSG00000146216,,,0.465499,
ENSG00000146221,,,-0.893294,
ENSG00000146223,-1.12923,,-1.58066,
ENSG00000146232,-0.813202,,,
ENSG00000146233,,,-3.69898,
ENSG00000146250,,,-2.57474,
ENSG00000146267,,,3.20373,
ENSG00000146276,,,-0.898938,
ENSG00000146285,,-7.30353,,
ENSG00000146374,,,-1.68278,
ENSG00000146399,,1.27007,,
ENSG00000146409,-0.570565,-0.390452,,
ENSG00000146411,,,0.0833709,
ENSG00000146469,,,-1.088,
ENSG00000146477,0.974779,,0.560769,
ENSG00000146530,,,-2.57538,
ENSG00000146592,,0,,
ENSG00000146648,,,-1.33245,
ENSG00000146670,-1.86113,,-0.622696,
ENSG00000146755,,,-1.81152,
ENSG00000146757,-0.72145,,-0.250234,
ENSG00000146776,,,-0.386374,
ENSG00000146833,0.901039,,0.0344879,
ENSG00000146842,-0.575968,,0.40084,
ENSG00000146858,,,1.8956,
ENSG00000146872,,-0.459195,,
ENSG00000146955,,-1.2501,,
ENSG00000147324,,1.84833,,
ENSG00000147364,0.196817,,-0.928703,
ENSG00000147416,,,0.312844,
ENSG00000147421,,,-0.429863,
ENSG00000147443,,-0.574424,,
ENSG00000147465,,,2.253,
ENSG00000147475,1.24917,,,
ENSG00000147488,,,0.948513,
ENSG00000147536,,2.32906,,
ENSG00000147548,,4.7831,,
ENSG00000147570,,0.813313,,
ENSG00000147573,,,0.212833,
ENSG00000147586,,,0.565599,
ENSG00000147588,,,0.325599,
ENSG00000147592,1.03931,,1.60833,
ENSG00000147601,,,-0.631363,
ENSG00000147604,,,-0.631363,
ENSG00000147606,,,1.36533,
ENSG00000147642,1.14425,0.0878126,,
ENSG00000147647,,,-0.259445,
ENSG00000147655,,,-2.01148,
ENSG00000147676,,,0.276956,
ENSG00000147684,1.06474,,-0.346481,
ENSG00000147687,-0.947984,,0.68823,
ENSG00000147689,,0.642232,,
ENSG00000147697,,,3.15757,
ENSG00000147724,,,-2.82008,
ENSG00000147789,,,-1.77576,
ENSG00000147799,,,-0.685894,
ENSG00000147804,3.055,0.222997,,
ENSG00000147854,3.46674,,,
ENSG00000147869,,,0.412254,
ENSG00000147874,1.22601,,1.34299,
ENSG00000147883,,2.90205,,
ENSG00000147996,-0.264001,,,
ENSG00000148053,,,1.28123,
ENSG00000148057,,,-0.833596,
ENSG00000148082,,,-1.20665,
ENSG00000148110,0.967791,0.517225,,
ENSG00000148123,,,0.104604,
ENSG00000148143,,,-1.88352,
ENSG00000148154,,-0.16387,,
ENSG00000148180,,0.459538,,
ENSG00000148187,0.240785,,,
ENSG00000148200,,-0.307233,,
ENSG00000148229,-2.06171,,-1.97339,
ENSG00000148339,,1.08887,,
ENSG00000148343,,1.62481,,
ENSG00000148357,,,0.251317,
ENSG00000148362,,1.63482,,
ENSG00000148396,-0.155887,,2.26588,
ENSG00000148400,,0.0454705,,
ENSG00000148408,,,1.0333,
ENSG00000148426,,4.88526,,
ENSG00000148444,0.822663,,,
ENSG00000148468,,,-0.934847,
ENSG00000148483,,-0.323081,,
ENSG00000148516,,,-1.23023,
ENSG00000148604,,,0.485783,
ENSG00000148606,,,-1.68314,
ENSG00000148671,,,-2.27797,
ENSG00000148672,0.802435,,1.84777,
ENSG00000148680,,,-0.373843,
ENSG00000148688,1.17021,,1.16266,
ENSG00000148730,,-2.60869,,
ENSG00000148735,,,-0.469327,
ENSG00000148841,,,-2.01016,
ENSG00000148842,,0.96859,,
ENSG00000148848,,1.06648,,
ENSG00000148925,0.264457,,-2.44293,
ENSG00000148935,-0.250065,,1.3366,
ENSG00000148942,,,-1.5617,
ENSG00000148943,-1.78726,,-1.2644,
ENSG00000148965,,0.559934,-1.10882,-0.388124
ENSG00000148985,,,0.637496,
ENSG00000149016,0.561312,,,
ENSG00000149043,,,0.800055,
ENSG00000149050,,,-1.43886,
ENSG00000149054,,,0.704293,
ENSG00000149090,,,0.435288,
ENSG00000149124,,,1.92759,
ENSG00000149131,,-1.90404,,
ENSG00000149187,,,3.10644,
ENSG00000149201,,,-0.397135,
ENSG00000149243,,0.4315,,
ENSG00000149256,,,1.20832,
ENSG00000149260,-2.30829,,1.60182,
ENSG00000149273,-1.66271,,-0.170583,
ENSG00000149300,,,-0.865026,
ENSG00000149308,1.38347,-1.25278,,
ENSG00000149380,,,1.21236,
ENSG00000149428,3.01391,-1.79162,,
ENSG00000149451,,,0.709251,
ENSG00000149476,,,-0.41679,
ENSG00000149485,2.82723,2.73598,,
ENSG00000149488,,,0.395837,
ENSG00000149506,2.35271,,,
ENSG00000149532,1.88115,,0.362458,
ENSG00000149541,0.672612,,,
ENSG00000149571,,0.0357232,,
ENSG00000149577,,,-0.86208,
ENSG00000149582,,,-1.86012,
ENSG00000149596,,,1.21244,
ENSG00000149600,1.01085,,2.09249,
ENSG00000149633,,,0.525978,
ENSG00000149636,0.229271,,-0.0113094,
ENSG00000149646,,,1.11798,
ENSG00000149654,,,-0.760067,
ENSG00000149656,,,-1.44747,
ENSG00000149658,,,-0.255389,
ENSG00000149761,,,-0.408283,
ENSG00000149792,,,-0.623212,
ENSG00000149798,,,1.27978,
ENSG00000149926,,,1.45426,
ENSG00000149930,7.57158,,2.76513,
ENSG00000149968,,,0.871865,
ENSG00000150281,,1.96334,,
ENSG00000150316,-0.671585,,,
ENSG00000150337,-4.58235,,,
ENSG00000150347,-3.52375,,,
ENSG00000150457,0.619323,1.43269,,
ENSG00000150459,,,-0.195476,
ENSG00000150471,,,-0.804809,
ENSG00000150510,,-1.55116,0.640118,-0.644206
ENSG00000150551,,,-0.401851,
ENSG00000150593,,,-0.824529,
ENSG00000150594,,,0.0824413,
ENSG00000150627,,,-0.381461,
ENSG00000150628,,,-0.100902,
ENSG00000150656,,,1.49485,
ENSG00000150672,,,-0.106045,
ENSG00000150687,,,1.01669,
ENSG00000150722,,,-2.43988,
ENSG00000150750,,,1.84778,
ENSG00000150768,,,-0.833116,
ENSG00000150773,,,-0.262717,
ENSG00000150782,-1.97204,1.93327,,
ENSG00000150783,,,-1.83091,
ENSG00000150907,,0.397508,,
ENSG00000150990,-0.19502,0.521093,,
ENSG00000150995,0.256004,,-0.157414,
ENSG00000151005,,,-0.793537,
ENSG00000151014,2.88923,,-0.610261,
ENSG00000151062,,,-1.92388,
ENSG00000151090,,,0.238685,
ENSG00000151092,1.18878,,-0.639834,
ENSG00000151093,0.959903,,,
ENSG00000151116,-2.21224,-1.23572,,
ENSG00000151224,,0.49757,-0.49757,0
ENSG00000151240,,,-0.96572,
ENSG00000151287,,-2.55192,,
ENSG00000151304,0.940247,0.31219,,
ENSG00000151338,,,0.650153,
ENSG00000151364,,,2.95372,
ENSG00000151365,,,3.12774,
ENSG00000151388,,,0.747927,
ENSG00000151413,0.727981,,1.39372,
ENSG00000151422,,,-0.893227,
ENSG00000151461,,,0.107902,
ENSG00000151465,,-1.97733,,
ENSG00000151491,2.46573,0.404792,,
ENSG00000151498,,,1.61589,
ENSG00000151500,2.60669,,-1.77043,
ENSG00000151532,,,-0.127775,
ENSG00000151572,,,-2.58581,
ENSG00000151575,,,0.58431,
ENSG00000151617,,,-0.77111,
ENSG00000151651,,0.0768808,,
ENSG00000151657,,,-1.00891,
ENSG00000151693,,,0.980181,
ENSG00000151704,,,-1.99401,
ENSG00000151718,-0.358731,0.14469,,
ENSG00000151726,,1.8667,,
ENSG00000151729,-2.4216,,0.975898,
ENSG00000151743,1.95538,,-0.880732,
ENSG00000151789,-1.51034,-1.55141,,
ENSG00000151834,,,-0.539228,
ENSG00000151892,,,-0.187828,
ENSG00000151917,,,1.72129,
ENSG00000151929,,,0.466796,
ENSG00000151948,,-1.21005,,
ENSG00000151962,,,0.170349,
ENSG00000152061,0.409652,-3.98547,,
ENSG00000152092,,,0.837603,
ENSG00000152104,,,1.425,
ENSG00000152137,,0.728908,0.155445,0.625331
ENSG00000152147,,-2.78726,,
ENSG00000152154,,3.05755,3.05755,4.32403
ENSG00000152207,,1.36788,,
ENSG00000152208,,,-0.48355,
ENSG00000152229,-0.630958,-1.1097,,
ENSG00000152234,-0.710902,,1.28358,
ENSG00000152242,2.06899,,0.770392,
ENSG00000152253,-2.45297,,1.70184,
ENSG00000152254,,,1.98447,
ENSG00000152292,,,-0.902588,
ENSG00000152377,,-0.937914,,
ENSG00000152413,1.91701,,,
ENSG00000152454,0.545618,,0.5939,
ENSG00000152455,0.226292,,,
ENSG00000152467,,,1.52519,
ENSG00000152484,,,-0.27506,
ENSG00000152518,-0.563804,,0.999888,
ENSG00000152556,,,0.86076,
ENSG00000152558,,0.0444533,,
ENSG00000152578,,,-0.00255903,
ENSG00000152580,,,1.07151,
ENSG00000152582,,,0.703693,
ENSG00000152583,,,2.31457,
ENSG00000152592,,,-0.346087,
ENSG00000152661,,,0.99899,
ENSG00000152669,,,1.41214,
ENSG00000152672,-0.363259,,-0.143961,
ENSG00000152763,,,0.174796,
ENSG00000152779,,,-0.407303,
ENSG00000152782,,-4.41987,,
ENSG00000152795,,,-1.02494,
ENSG00000152818,,1.296,,
ENSG00000152894,-2.64197,0.692226,,
ENSG00000152904,-0.710351,,-1.65561,
ENSG00000152910,,,1.22476,
ENSG00000152932,,,-0.303044,
ENSG00000152939,,,-1.29255,
ENSG00000152942,-0.200471,,1.12215,
ENSG00000152952,,,-2.45599,
ENSG00000152953,,-0.72158,,
ENSG00000152990,0.0733052,,2.43216,
ENSG00000153002,,0.326483,-0.110154,0.152967
ENSG00000153015,2.05588,0.0708343,,
ENSG00000153046,,,-1.39147,
ENSG00000153060,,,-1.26947,
ENSG00000153093,,1.57283,,
ENSG00000153107,-0.111758,-2.65619,,
ENSG00000153130,,,1.99047,
ENSG00000153132,,-0.0555806,1.87839,1.28892
ENSG00000153140,3.49737,,,
ENSG00000153147,,,3.06833,
ENSG00000153179,,0.18794,,
ENSG00000153237,,,3.92581,
ENSG00000153246,,,-1.44555,
ENSG00000153253,1.37602,,-0.377392,
ENSG00000153303,,,-0.131533,
ENSG00000153404,,,0.147005,
ENSG00000153443,,,-2.18542,
ENSG00000153446,,,-0.575053,
ENSG00000153485,,,2.26956,
ENSG00000153531,-0.11721,,,
ENSG00000153551,1.58815,,-1.91657,
ENSG00000153561,1.55557,,-3.60529,
ENSG00000153707,,,-0.718316,
ENSG00000153714,,,0.312885,
ENSG00000153721,,,0.379372,
ENSG00000153822,,,0.585861,
ENSG00000153827,3.14709,,,
ENSG00000153832,-3.85069,,1.35777,
ENSG00000153896,-1.21305,0.830146,,
ENSG00000153898,-1.47913,,0.377596,
ENSG00000153902,,,-0.75978,
ENSG00000153930,,,-0.756095,
ENSG00000153956,,,-1.78215,
ENSG00000153982,,0.10918,,
ENSG00000153993,,,0.00840294,
ENSG00000154025,,1.53199,,
ENSG00000154040,0.621962,-0.399607,,
ENSG00000154059,-0.44934,0.111206,,
ENSG00000154065,,,-0.869408,
ENSG00000154080,,,1.65678,
ENSG00000154096,,-0.177527,-0.177527,-0.251061
ENSG00000154099,1.15899,,-0.560228,
ENSG00000154114,-0.153563,,,
ENSG00000154153,,2.76081,,
ENSG00000154162,,,2.08232,
ENSG00000154174,-1.03112,,-0.302875,
ENSG00000154175,-1.88274,,,
ENSG00000154237,,1.56346,,
ENSG00000154240,,,-0.252841,
ENSG00000154252,,,-0.680384,
ENSG00000154262,,,-0.161169,
ENSG00000154265,-1.83965,,,
ENSG00000154269,,,0.314718,
ENSG00000154310,,,-0.361055,
ENSG00000154330,,-0.522956,,
ENSG00000154358,,,0.641581,
ENSG00000154370,,,0.352173,
ENSG00000154473,,1.90839,,
ENSG00000154478,,,-0.258247,
ENSG00000154479,,,-3.31466,
ENSG00000154485,,,-3.12119,
ENSG00000154553,,-1.88321,,
ENSG00000154639,,,0.752236,
ENSG00000154642,1.41345,-1.80168,,
ENSG00000154645,,,0.977793,
ENSG00000154654,,,2.8385,
ENSG00000154655,,-1.24992,,
ENSG00000154678,,,0.599107,
ENSG00000154721,3.09595,1.43505,,
ENSG00000154727,,,2.31861,
ENSG00000154734,0.0498494,,0.519414,
ENSG00000154822,,4.30266,,
ENSG00000154839,,,0.961399,
ENSG00000154864,,,1.00674,
ENSG00000154914,0.353177,0.751857,,
ENSG00000154920,,0.849217,,
ENSG00000155016,-3.16124,,-4.28965,
ENSG00000155066,,,0.378905,
ENSG00000155093,-0.336609,,-2.07056,
ENSG00000155111,,,-1.16887,
ENSG00000155158,,-0.628919,,
ENSG00000155189,1.40624,0.284759,,
ENSG00000155252,-2.03768,,,
ENSG00000155254,,-1.19401,,
ENSG00000155265,-0.880055,,0.915686,
ENSG00000155307,,-1.64323,,
ENSG00000155329,,-0.313548,,
ENSG00000155428,-3.40696,,,
ENSG00000155438,-3.48785,,0.564172,
ENSG00000155463,-0.327181,0.351728,,
ENSG00000155506,-1.61676,-2.67471,,
ENSG00000155561,3.22715,1.07819,,
ENSG00000155621,-0.182551,,0.0333267,
ENSG00000155714,,,-1.48541,
ENSG00000155744,-2.42266,,0.223961,
ENSG00000155760,,,1.37265,
ENSG00000155816,,,-2.93664,
ENSG00000155846,-1.33124,,-1.72244,
ENSG00000155850,,,-0.863107,
ENSG00000155858,,0.150241,,
ENSG00000155875,,,1.77578,
ENSG00000155876,,,0.675228,
ENSG00000155903,,,1.07456,
ENSG00000155974,0.315793,,-3.18685,
ENSG00000155980,,,1.06621,
ENSG00000156006,,,1.96223,
ENSG00000156011,,,1.42341,
ENSG00000156017,,,-0.18905,
ENSG00000156026,,0.730844,,
ENSG00000156030,,,0.980238,
ENSG00000156052,0.47778,,,
ENSG00000156097,,,0.132644,
ENSG00000156103,,,-2.44198,
ENSG00000156113,1.6978,1.0407,,
ENSG00000156127,,,-2.05872,
ENSG00000156140,,0.990892,,
ENSG00000156162,-0.363087,1.01999,,
ENSG00000156170,-2.07088,-0.569624,,
ENSG00000156194,,,-0.169742,
ENSG00000156206,0.852127,-0.549507,,
ENSG00000156218,,,1.88493,
ENSG00000156219,,,-1.24444,
ENSG00000156222,,,1.12064,
ENSG00000156269,,,-1.48957,
ENSG00000156273,,,-1.19069,
ENSG00000156299,,-1.8299,,
ENSG00000156345,,,1.0449,
ENSG00000156466,,,0.158884,
ENSG00000156467,1.40677,,,
ENSG00000156475,,,0.751829,
ENSG00000156486,,,-2.29219,
ENSG00000156509,,,-1.04397,
ENSG00000156515,,,0.644458,
ENSG00000156521,-2.03672,-0.126236,,
ENSG00000156535,-2.72997,,,
ENSG00000156564,-2.79031,-2.08131,,
ENSG00000156642,-2.081,,,
ENSG00000156650,,1.29158,,
ENSG00000156675,,,-1.46013,
ENSG00000156689,,,1.78043,
ENSG00000156795,-1.16779,,-1.21925,
ENSG00000156802,0.531446,,-0.381116,
ENSG00000156831,0.728653,-1.50242,,
ENSG00000156860,,,-0.673647,
ENSG00000156873,,,-0.129831,
ENSG00000156966,,0.42436,,
ENSG00000156968,,-0.922925,-0.144463,-0.754757
ENSG00000156973,,0.819632,,
ENSG00000156983,1.01182,,,
ENSG00000157014,0.284212,-0.165751,,
ENSG00000157020,-2.29828,,0.447998,
ENSG00000157036,-0.635681,,,
ENSG00000157064,,,1.1429,
ENSG00000157087,,,-1.71442,
ENSG00000157103,,,1.07649,
ENSG00000157106,0.786496,-0.0267187,,
ENSG00000157111,1.07676,,0.944708,
ENSG00000157119,,1.02873,1.02873,1.45485
ENSG00000157150,,,4.13222,
ENSG00000157152,-2.31819,,3.39684,
ENSG00000157168,,1.79323,,
ENSG00000157214,,,-0.599553,
ENSG00000157216,,-1.68719,,
ENSG00000157227,,1.38284,,
ENSG00000157240,,-0.905208,,
ENSG00000157349,3.08506,1.2188,,
ENSG00000157350,,,2.60661,
ENSG00000157368,,,2.19581,
ENSG00000157388,,,1.87381,
ENSG00000157445,,,-2.44392,
ENSG00000157450,,,-3.74962,
ENSG00000157470,,,1.47233,
ENSG00000157500,,,-1.27584,
ENSG00000157538,,1.16024,,
ENSG00000157551,,-1.50283,,
ENSG00000157657,-0.0274508,,-1.32671,
ENSG00000157680,,,-1.45139,
ENSG00000157741,1.27435,-1.94418,,
ENSG00000157765,,-0.727321,,
ENSG00000157766,,,0.332851,
ENSG00000157827,,0.756614,,
ENSG00000157881,-2.38293,-1.71297,,
ENSG00000157890,-1.13602,,0.350385,
ENSG00000157911,,,0.668118,
ENSG00000157916,1.07033,,-1.77478,
ENSG00000157927,,2.42904,1.08014,2.48136
ENSG00000157933,,,-1.44707,
ENSG00000157978,0.296353,,0.0701256,
ENSG00000157992,4.46757,,0.598063,
ENSG00000158008,,,0.264349,
ENSG00000158014,,,0.198322,
ENSG00000158022,,0.292437,-0.292437,0
ENSG00000158077,,,1.29894,
ENSG00000158079,,-0.171906,,
ENSG00000158089,0.150924,,,
ENSG00000158158,,-2.37501,,
ENSG00000158169,0.676672,,0.477647,
ENSG00000158201,,0.762552,,
ENSG00000158220,,,-0.277981,
ENSG00000158258,,,0.53374,
ENSG00000158292,1.4,0.0208312,,
ENSG00000158296,,,-1.29805,
ENSG00000158315,,,-0.866522,
ENSG00000158373,3.29897,1.45597,,
ENSG00000158458,,,-0.921964,
ENSG00000158473,0.20555,0.250309,,
ENSG00000158477,,1.29547,,
ENSG00000158483,1.06461,,1.23694,
ENSG00000158485,,0.697901,,
ENSG00000158517,,2.7284,,
ENSG00000158525,,-0.573773,,
ENSG00000158528,,,2.13325,
ENSG00000158552,1.20144,,-3.81809,
ENSG00000158560,-0.74887,,0.162921,
ENSG00000158636,,,0.619968,
ENSG00000158669,0.0148446,,-2.22738,
ENSG00000158683,,,2.91887,
ENSG00000158691,7.26354,12.825,,
ENSG00000158711,1.37976,1.30799,,
ENSG00000158748,,-0.925206,,
ENSG00000158764,,-0.0194194,,
ENSG00000158856,0.769097,,0.444371,
ENSG00000158859,,,-1.97667,
ENSG00000158874,,2.78322,,
ENSG00000159063,-4.26532,-4.09709,,
ENSG00000159069,,,0.449661,
ENSG00000159086,,-0.462695,,
ENSG00000159128,,2.9049,,
ENSG00000159147,,-1.29183,,
ENSG00000159164,4.55718,1.94733,,
ENSG00000159166,,-1.56136,,
ENSG00000159167,,-0.396191,,
ENSG00000159173,,,0.894012,
ENSG00000159197,,0.359748,0.525121,0.625697
ENSG00000159200,-2.13871,,-1.41564,
ENSG00000159208,,,-0.044654,
ENSG00000159212,1.33139,,-1.50153,
ENSG00000159216,,0.0104172,,
ENSG00000159251,,,-0.678479,
ENSG00000159261,,,0.700747,
ENSG00000159263,,,-0.0459862,
ENSG00000159314,,1.42873,,
ENSG00000159335,,,-3.27962,
ENSG00000159339,-0.715542,,-0.227046,
ENSG00000159348,2.27352,1.18117,,
ENSG00000159363,,-1.72833,,
ENSG00000159374,,-0.651422,,
ENSG00000159403,,-1.69678,,
ENSG00000159450,,,-0.468165,
ENSG00000159556,,-1.77333,,
ENSG00000159592,,2.2458,,
ENSG00000159593,,-3.69745,,
ENSG00000159625,-0.25933,0.304394,,
ENSG00000159650,,,0.367305,
ENSG00000159714,,3.32842,,
ENSG00000159733,-2.30985,-1.70271,,
ENSG00000159763,,-0.999786,-0.422805,-1.00592
ENSG00000159871,,,0.599491,
ENSG00000159915,,,3.98665,
ENSG00000159958,-8.15743,,-9.42296,
ENSG00000160013,1.35187,1.77555,,
ENSG00000160014,-0.0304878,-1.75398,,
ENSG00000160049,,,-0.456136,
ENSG00000160075,1.82806,1.74248,,
ENSG00000160087,2.41606,,-0.372319,
ENSG00000160097,2.19439,2.10512,,
ENSG00000160113,-1.60078,1.44252,,
ENSG00000160145,,,-0.487658,
ENSG00000160183,,0.563294,,
ENSG00000160185,0.814383,,,
ENSG00000160201,,,-0.873658,
ENSG00000160207,,,2.42642,
ENSG00000160208,,2.42642,,
ENSG00000160209,1.35182,,-1.00324,
ENSG00000160216,,,1.39148,
ENSG00000160271,,,0.282923,
ENSG00000160294,-1.77251,-0.0348785,,
ENSG00000160298,-1.81411,,-0.327877,
ENSG00000160318,,-1.56275,,
ENSG00000160321,,,0.2503,
ENSG00000160339,,0.517458,0.0869218,0.427361
ENSG00000160345,-0.625622,,-2.08773,
ENSG00000160352,-1.34495,,-0.473713,
ENSG00000160396,,,1.85173,
ENSG00000160445,,-0.701231,,
ENSG00000160446,3.15881,,-0.435877,
ENSG00000160471,,3.69948,,
ENSG00000160613,0.418611,-0.646379,,
ENSG00000160633,,-0.644328,,
ENSG00000160678,-3.20545,,-0.543926,
ENSG00000160679,3.21038,0.404097,,
ENSG00000160685,-1.08147,-0.603661,,
ENSG00000160688,2.05717,,,
ENSG00000160703,,,1.63421,
ENSG00000160712,,-0.988143,,
ENSG00000160716,0.141159,-0.170077,,
ENSG00000160741,-4.38956,,-4.26856,
ENSG00000160752,,-1.88974,,
ENSG00000160767,,-1.96224,,
ENSG00000160785,,,0.0322066,
ENSG00000160801,,1.02042,-1.33069,-0.219396
ENSG00000160803,,,-3.78448,
ENSG00000160818,-0.600445,,1.1626,
ENSG00000160838,,,-0.0109885,
ENSG00000160882,,0.0925681,-1.45246,-0.961586
ENSG00000160886,,,1.22995,
ENSG00000160908,-1.64895,,,
ENSG00000160957,-1.80492,-1.94593,,
ENSG00000160961,-1.5727,1.60873,,
ENSG00000160963,,,2.19623,
ENSG00000160999,,,1.37809,
ENSG00000161021,-0.0532449,,1.94418,
ENSG00000161031,,-0.803781,,
ENSG00000161040,1.74607,2.09324,,
ENSG00000161048,1.8279,,0.902609,
ENSG00000161055,-1.90733,-1.07712,,
ENSG00000161057,,-2.25311,,
ENSG00000161202,,,-0.930898,
ENSG00000161217,,,1.38746,
ENSG00000161249,0.335833,,1.89948,
ENSG00000161277,,,0.251362,
ENSG00000161405,-3.21967,,-1.29049,
ENSG00000161533,0.418839,,1.73365,
ENSG00000161558,0.0226615,,-0.453344,
ENSG00000161594,,,0.353925,
ENSG00000161634,,1.11321,1.11321,1.57431
ENSG00000161638,,-0.603709,,
ENSG00000161640,-2.49024,0.820866,,
ENSG00000161664,-1.06755,-1.26875,,
ENSG00000161682,3.05352,,-0.96538,
ENSG00000161714,0.622537,0.327735,,
ENSG00000161798,,,-1.27139,
ENSG00000161800,,,-5.19775,
ENSG00000161813,-3.29696,,-3.66321,
ENSG00000161896,,5.32279,1.47719,4.80831
ENSG00000161911,,,-0.280933,
ENSG00000161920,-2.97319,-1.08012,,
ENSG00000161940,,0.0484655,0.0484655,0.0685405
ENSG00000161956,2.63895,,,
ENSG00000161960,,,-0.283186,
ENSG00000161970,,0.723069,,
ENSG00000161973,,1.8921,,
ENSG00000162039,,,2.08476,
ENSG00000162062,-1.16395,,1.2714,
ENSG00000162065,,,-1.07194,
ENSG00000162066,-2.70692,-0.146392,,
ENSG00000162078,,0.510799,,
ENSG00000162105,,,1.69518,
ENSG00000162139,,0.759934,,
ENSG00000162144,,0.388029,,
ENSG00000162148,1.82607,,0.759724,
ENSG00000162188,,3.93666,3.93666,5.56728
ENSG00000162227,0.136027,,,
ENSG00000162231,,,0.724645,
ENSG00000162267,,,7.10114,
ENSG00000162298,,,-0.675481,
ENSG00000162300,2.08219,,,
ENSG00000162337,,,2.43385,
ENSG00000162365,,,-1.02082,
ENSG00000162373,-3.069,,-2.26209,
ENSG00000162377,-0.54917,,0.56607,
ENSG00000162378,0.708175,0.81553,,
ENSG00000162390,,,-0.0490114,
ENSG00000162396,,1.23552,,
ENSG00000162398,,3.81523,,
ENSG00000162399,,-0.35417,,
ENSG00000162402,,,-8.29314,
ENSG00000162407,0.322904,0.336721,,
ENSG00000162408,,,-0.518183,
ENSG00000162409,,,-0.321389,
ENSG00000162415,-0.548257,-1.26845,,
ENSG00000162419,1.44581,,,
ENSG00000162426,,,-2.05764,
ENSG00000162430,-0.667756,,-0.192702,
ENSG00000162438,,-0.20473,,
ENSG00000162441,,0.113278,,
ENSG00000162458,,,-1.33505,
ENSG00000162493,,0.149749,2.26489,1.70741
ENSG00000162494,,,1.85269,
ENSG00000162496,,-0.461407,,
ENSG00000162510,-2.05768,,-1.6182,
ENSG00000162521,,0.115724,,
ENSG00000162522,,0.0896144,,
ENSG00000162543,,-1.10847,,
ENSG00000162545,-3.22366,,0.252375,
ENSG00000162551,,,0.185898,
ENSG00000162552,,-3.24418,-1.22135,-3.15761
ENSG00000162571,,,-1.30557,
ENSG00000162595,,,-0.518647,
ENSG00000162616,,,1.41682,
ENSG00000162618,,1.39333,1.46414,2.02054
ENSG00000162620,,,1.84917,
ENSG00000162631,,,-1.60658,
ENSG00000162641,,,-0.948521,
ENSG00000162643,,,1.46512,
ENSG00000162664,1.61177,,,
ENSG00000162669,,,0.088275,
ENSG00000162670,,,-1.51663,
ENSG00000162676,,-4.7874,,
ENSG00000162687,,,-1.05773,
ENSG00000162706,,,-0.70664,
ENSG00000162723,,0.4811,,
ENSG00000162733,,0.397874,0.397874,0.562679
ENSG00000162734,,,-4.23617,
ENSG00000162745,,,-0.409839,
ENSG00000162747,0.646976,0.0945349,,
ENSG00000162753,,,-4.59666,
ENSG00000162757,0.0877934,,-1.51887,
ENSG00000162761,,,-3.15911,
ENSG00000162772,,,0.394724,
ENSG00000162779,,,-0.952545,
ENSG00000162782,,,0.967368,
ENSG00000162814,,,-0.306707,
ENSG00000162819,1.30259,,1.10129,
ENSG00000162843,,,2.50098,
ENSG00000162849,,,-0.049313,
ENSG00000162852,,,-2.8372,
ENSG00000162873,,,0.16433,
ENSG00000162892,2.23384,1.465,,
ENSG00000162894,,0.953902,,
ENSG00000162909,,,1.04327,
ENSG00000162913,0.718922,,1.58429,
ENSG00000162923,,,-3.70555,
ENSG00000162928,,-1.10739,,
ENSG00000162951,,,0.749374,
ENSG00000162961,0.685132,-1.64367,,
ENSG00000162981,,,2.1977,
ENSG00000162994,-0.519343,,-0.772768,
ENSG00000162998,,-1.35507,1.09202,-0.186001
ENSG00000163001,,,-1.23292,
ENSG00000163029,-1.89263,,-1.42044,
ENSG00000163032,,,0.511045,
ENSG00000163040,-1.75231,,0.676694,
ENSG00000163064,,,-0.790499,
ENSG00000163071,,,0.0749663,
ENSG00000163072,,-0.874935,,
ENSG00000163082,,0.554897,,
ENSG00000163083,,-0.989023,,
ENSG00000163092,,,-0.36035,
ENSG00000163093,-2.99084,-1.9416,,
ENSG00000163104,,-2.43151,,
ENSG00000163106,,,-1.91506,
ENSG00000163110,-0.769164,0.403855,,
ENSG00000163116,,,-0.647295,
ENSG00000163125,-2.22186,-1.40278,,
ENSG00000163145,,,0.875745,
ENSG00000163154,,2.59787,,
ENSG00000163170,,,-0.494338,
ENSG00000163171,,-1.48887,,
ENSG00000163191,,-0.306892,,
ENSG00000163207,,1.53946,1.39447,2.0746
ENSG00000163219,1.8963,,0.395837,
ENSG00000163221,0.250987,0.479847,,
ENSG00000163235,0.353079,,1.60498,
ENSG00000163239,,,-2.87123,
ENSG00000163251,,,-1.67728,
ENSG00000163285,,,-2.87846,
ENSG00000163293,,,-0.592329,
ENSG00000163312,,,-0.757149,
ENSG00000163319,,,-0.392023,
ENSG00000163331,,,1.41425,
ENSG00000163344,-3.56277,-3.75849,,
ENSG00000163347,,,1.52881,
ENSG00000163348,,,-0.123752,
ENSG00000163362,,-1.20654,,
ENSG00000163364,,,0.353294,
ENSG00000163380,,,1.49539,
ENSG00000163395,,,-1.69467,
ENSG00000163412,-2.50638,,-1.34153,
ENSG00000163421,,-0.50912,,
ENSG00000163431,,,0.858138,
ENSG00000163444,1.91212,,0.606265,
ENSG00000163453,,0.232728,,
ENSG00000163467,1.64617,,-1.60053,
ENSG00000163482,-1.15004,-0.91335,,
ENSG00000163491,,,-2.01049,
ENSG00000163501,,,-1.36721,
ENSG00000163507,,-0.844,,
ENSG00000163513,,,3.09179,
ENSG00000163531,,,0.376375,
ENSG00000163534,,0.246189,,
ENSG00000163539,,2.46623,,
ENSG00000163554,,,0.32182,
ENSG00000163584,,,-1.9677,
ENSG00000163586,,-0.510137,0.745148,0.166178
ENSG00000163590,4.64761,1.04934,,
ENSG00000163600,,,0.00675856,
ENSG00000163602,-1.21905,,,
ENSG00000163605,,-6.26103,,
ENSG00000163617,-1.46908,,0.240101,
ENSG00000163618,,,0.663003,
ENSG00000163623,,,2.4453,
ENSG00000163625,,0.329069,,
ENSG00000163629,,0.251083,,
ENSG00000163630,,,1.62262,
ENSG00000163632,,,0.183345,
ENSG00000163646,,0.781247,,
ENSG00000163655,1.53238,2.11318,,
ENSG00000163673,,,2.16519,
ENSG00000163683,,,-1.38378,
ENSG00000163687,-1.34789,,1.00673,
ENSG00000163689,,,-2.48127,
ENSG00000163719,,,0.370571,
ENSG00000163728,-4.62567,-1.23912,,
ENSG00000163737,,0.710307,,
ENSG00000163738,,,-0.920501,
ENSG00000163739,,-0.930788,,
ENSG00000163746,,-0.150432,,
ENSG00000163749,,,-2.10221,
ENSG00000163751,,,1.38138,
ENSG00000163762,,,0.92321,
ENSG00000163781,,-0.581604,,
ENSG00000163785,,,0.746935,
ENSG00000163788,3.06274,,,
ENSG00000163793,,,0.601281,
ENSG00000163798,5.79101,,,
ENSG00000163810,,,-0.589249,
ENSG00000163811,,-0.719143,,
ENSG00000163812,,,-1.59971,
ENSG00000163815,,,-1.58164,
ENSG00000163817,,,-1.63432,
ENSG00000163833,,-0.366647,,
ENSG00000163840,,-2.24125,,
ENSG00000163848,,,0.0721902,
ENSG00000163867,4.38504,,-1.47481,
ENSG00000163873,,,0.209979,
ENSG00000163877,3.04576,,-2.55602,
ENSG00000163879,,,1.84509,
ENSG00000163882,,,0.343515,
ENSG00000163885,,,-1.53277,
ENSG00000163888,,,0.990472,
ENSG00000163909,,,-0.995642,
ENSG00000163913,1.31594,,1.10116,
ENSG00000163930,,,3.2245,
ENSG00000163931,,-1.34741,,
ENSG00000163933,,,1.36233,
ENSG00000163935,-11.4343,-5.81216,,
ENSG00000163947,,0.070898,,
ENSG00000163964,-0.401447,-1.50185,,
ENSG00000163995,0.125338,,-3.50588,
ENSG00000164007,,,1.18459,
ENSG00000164035,,,0.524932,
ENSG00000164047,-3.52559,-0.430076,,
ENSG00000164049,,,-0.209491,
ENSG00000164050,,0.0348785,,
ENSG00000164051,,-0.17455,,
ENSG00000164053,2.42617,,1.51303,
ENSG00000164054,0.19872,,-0.174288,
ENSG00000164066,,,0.92675,
ENSG00000164077,,4.22128,,
ENSG00000164080,5.09509,,-1.39689,
ENSG00000164087,3.33746,3.47974,,
ENSG00000164089,,-0.512954,0.512954,0
ENSG00000164091,,-4.21166,,
ENSG00000164096,,-2.65435,,
ENSG00000164099,,,0.173269,
ENSG00000164100,,,-0.434923,
ENSG00000164104,,-0.391428,,
ENSG00000164105,,0.724115,,
ENSG00000164112,,,-0.357774,
ENSG00000164116,,,0.385935,
ENSG00000164117,0.588772,,-0.933503,
ENSG00000164120,,1.74519,,
ENSG00000164122,,,1.67601,
ENSG00000164123,,,-0.586551,
ENSG00000164125,1.49359,3.36408,,
ENSG00000164129,,,-0.237758,
ENSG00000164134,-2.94128,,-1.00009,
ENSG00000164151,,,0.391258,
ENSG00000164161,,,-1.34462,
ENSG00000164162,,,0.357152,
ENSG00000164176,,-0.0408245,0.879635,0.593129
ENSG00000164181,-2.11893,-2.97316,,
ENSG00000164197,,,2.1041,
ENSG00000164199,,,-1.40176,
ENSG00000164209,1.48495,,-1.25153,
ENSG00000164220,,2.12032,-1.68116,0.31054
ENSG00000164236,,0.762915,,
ENSG00000164252,0.0343847,-0.314827,,
ENSG00000164266,,-0.769416,,
ENSG00000164270,,,0.196876,
ENSG00000164292,0.149003,,1.21923,
ENSG00000164303,,,1.18543,
ENSG00000164305,2.53354,,-1.79614,
ENSG00000164309,,,-0.441906,
ENSG00000164323,,,-1.04015,
ENSG00000164327,2.7696,,1.99974,
ENSG00000164362,,1.69111,,
ENSG00000164385,,,0.715922,
ENSG00000164406,,-0.034889,,
ENSG00000164414,,1.23374,,
ENSG00000164418,,,0.271073,
ENSG00000164434,,,-0.0391657,
ENSG00000164442,-2.74733,,-3.03881,
ENSG00000164451,,,0.908856,
ENSG00000164463,,,3.74979,
ENSG00000164483,,-0.129978,,
ENSG00000164484,-3.65032,-0.294728,,
ENSG00000164488,,,0.0504636,
ENSG00000164520,,,-0.250508,
ENSG00000164591,-0.16777,,,
ENSG00000164603,-0.0744456,-1.19677,,
ENSG00000164604,,,1.35272,
ENSG00000164610,,,-1.20747,
ENSG00000164611,,,-0.426915,
ENSG00000164619,,,-1.46774,
ENSG00000164626,,,0.287208,
ENSG00000164627,,,-2.04834,
ENSG00000164638,,,2.1195,
ENSG00000164647,,,-0.444646,
ENSG00000164674,,,0.465267,
ENSG00000164683,,-1.2696,,
ENSG00000164687,,0.835717,,
ENSG00000164691,,-1.94078,,
ENSG00000164694,,,-0.39092,
ENSG00000164695,,-0.0972078,-0.634939,-0.517706
ENSG00000164736,,,-1.10284,
ENSG00000164743,,,-0.670775,
ENSG00000164746,,,-3.33292,
ENSG00000164754,1.37489,-0.897107,,
ENSG00000164761,,,-2.5237,
ENSG00000164778,,,-0.0018945,
ENSG00000164796,,,1.38451,
ENSG00000164815,,,3.83704,
ENSG00000164821,,1.68721,,
ENSG00000164823,,-0.402413,,
ENSG00000164825,,-1.65864,1.24368,-0.293418
ENSG00000164828,-0.226862,,-3.25224,
ENSG00000164830,,,-0.0714,
ENSG00000164841,,,-0.69867,
ENSG00000164849,,0.43854,,
ENSG00000164855,,,0.0563188,
ENSG00000164867,,-0.0972473,,
ENSG00000164877,-0.538992,0.0219802,,
ENSG00000164879,,-0.247208,,
ENSG00000164885,,-2.41806,,
ENSG00000164889,,-1.418,,
ENSG00000164916,,0.752531,,
ENSG00000164919,-2.64946,1.32725,,
ENSG00000164932,,-2.58809,-1.41532,-2.83084
ENSG00000164944,0.0436657,,0.706614,
ENSG00000164946,,,-0.122237,
ENSG00000164951,,,0.179919,
ENSG00000164961,-0.155844,,,
ENSG00000164970,,,0.897365,
ENSG00000164976,,,0.763691,
ENSG00000164983,0.316758,-0.4367,,
ENSG00000164989,,,0.508194,
ENSG00000165023,,,-1.49231,
ENSG00000165025,0.256486,,0.651659,
ENSG00000165029,-0.513391,0.0227171,,
ENSG00000165030,,-1.33971,,
ENSG00000165060,1.28054,,-0.914558,
ENSG00000165072,,,3.17565,
ENSG00000165076,,,-1.1158,
ENSG00000165084,,,-2.10303,
ENSG00000165091,,,-1.50454,
ENSG00000165124,,,-1.49522,
ENSG00000165131,,-2.19537,,
ENSG00000165185,-4.91434,,2.21179,
ENSG00000165188,,,1.06816,
ENSG00000165219,0.156077,,,
ENSG00000165233,0.0622798,,-0.174709,
ENSG00000165282,,,4.58413,
ENSG00000165300,,,1.61291,
ENSG00000165312,1.54741,,,
ENSG00000165322,5.34564,,-2.16463,
ENSG00000165338,,,-0.828531,
ENSG00000165383,,,-0.0898223,
ENSG00000165417,-2.73031,-2.05863,,
ENSG00000165443,,,-0.286998,
ENSG00000165458,1.25098,-1.7006,,
ENSG00000165471,,,-0.63496,
ENSG00000165474,,,0.669608,
ENSG00000165478,,,-1.09555,
ENSG00000165480,-0.88052,1.10723,,
ENSG00000165494,-2.17899,,,
ENSG00000165506,-1.8299,,-1.02339,
ENSG00000165507,,,-0.832162,
ENSG00000165527,,,-0.13546,
ENSG00000165621,,,0.0482528,
ENSG00000165629,-0.957634,-0.108727,,
ENSG00000165630,,1.57782,,
ENSG00000165646,-1.92879,,,
ENSG00000165655,,2.62409,,
ENSG00000165660,1.07858,,,
ENSG00000165672,0.522413,0.735572,,
ENSG00000165685,-0.414723,,-0.135543,
ENSG00000165695,1.16862,,0.680843,
ENSG00000165702,,0.939711,,
ENSG00000165724,,,0.650928,
ENSG00000165732,,1.8646,,
ENSG00000165782,,0.838121,,
ENSG00000165792,1.75874,1.07309,,
ENSG00000165807,,1.14486,0.46424,1.13781
ENSG00000165816,,,1.51784,
ENSG00000165821,-1.0729,,,
ENSG00000165863,,,1.08548,
ENSG00000165868,,,2.98802,
ENSG00000165879,-1.6844,1.79833,,
ENSG00000165895,0.27496,,0.0895284,
ENSG00000165898,3.85924,,,
ENSG00000165899,,,1.01133,
ENSG00000165917,0.92427,-0.890962,,
ENSG00000165935,,,-0.381849,
ENSG00000165948,0.175808,,-1.60561,
ENSG00000165949,,,1.04271,
ENSG00000165953,,,-0.6642,
ENSG00000165966,,,1.78018,
ENSG00000165972,,,0.204495,
ENSG00000165973,,,0.2939,
ENSG00000165995,,,-0.0211669,
ENSG00000166002,,,-1.72779,
ENSG00000166006,,,1.32492,
ENSG00000166105,,0.717217,,
ENSG00000166106,,,0.799556,
ENSG00000166128,,,3.27586,
ENSG00000166147,-1.36614,,0.781652,
ENSG00000166148,,,1.313,
ENSG00000166153,,,-3.23273,
ENSG00000166167,,,-3.92756,
ENSG00000166169,,,3.56334,
ENSG00000166171,,,1.79786,
ENSG00000166173,,,0.73382,
ENSG00000166181,,1.06863,,
ENSG00000166183,,0.678291,-0.899904,-0.156704
ENSG00000166199,0.773267,,0.75782,
ENSG00000166206,,,-0.977756,
ENSG00000166233,-2.26743,0.0832667,,
ENSG00000166246,4.03138,,2.36683,
ENSG00000166257,,,0.710819,
ENSG00000166261,-2.38389,,-1.50522,
ENSG00000166268,,,-3.19494,
ENSG00000166289,,0.238386,,
ENSG00000166292,,2.59195,1.60514,2.9678
ENSG00000166311,2.3434,,-0.279579,
ENSG00000166317,,,0.156039,
ENSG00000166340,,3.05499,,
ENSG00000166342,,,-0.80852,
ENSG00000166347,,0.880069,,
ENSG00000166352,,,-0.667283,
ENSG00000166359,,-1.85901,,
ENSG00000166396,,,-0.684372,
ENSG00000166398,,1.06321,,
ENSG00000166402,,,0.273439,
ENSG00000166407,,,0.702468,
ENSG00000166426,,,0.433272,
ENSG00000166448,,,0.802639,
ENSG00000166450,,,2.41635,
ENSG00000166479,-0.452103,,-0.583791,
ENSG00000166482,-3.54573,,0.349545,
ENSG00000166484,4.02669,,5.57397,
ENSG00000166508,1.35533,,1.61453,
ENSG00000166510,,,0.742933,
ENSG00000166523,,0.590134,-1.15684,-0.400719
ENSG00000166527,,-1.20195,-1.13018,-1.64907
ENSG00000166532,,2.44004,0.19516,1.86337
ENSG00000166573,,,1.80308,
ENSG00000166575,0.873956,2.82139,,
ENSG00000166589,,,-2.2428,
ENSG00000166596,,,-0.523033,
ENSG00000166619,0.513392,,,
ENSG00000166664,1.76723,,0.161746,
ENSG00000166685,0.295569,-0.123664,,
ENSG00000166710,,-1.01007,,
ENSG00000166716,,1.21883,,
ENSG00000166736,,,2.39261,
ENSG00000166741,,,0.816624,
ENSG00000166747,,,-1.7692,
ENSG00000166780,-1.34649,,1.15898,
ENSG00000166788,1.95815,,-2.09532,
ENSG00000166794,3.33202,2.49985,,
ENSG00000166800,-0.230384,,0.341109,
ENSG00000166816,-0.154868,,1.33902,
ENSG00000166828,,,-2.50525,
ENSG00000166831,2.77413,,3.24574,
ENSG00000166833,,,-0.413411,
ENSG00000166840,,1.95239,,
ENSG00000166848,0.803156,,-1.34931,
ENSG00000166856,,-1.13214,-1.11934,-1.59204
ENSG00000166902,,0.727515,,
ENSG00000166908,0.555332,-1.20624,,
ENSG00000166920,,,-1.51842,
ENSG00000166924,-2.37007,1.62717,,
ENSG00000166926,,1.20016,,
ENSG00000166947,,,2.75502,
ENSG00000166986,-1.70815,0.352182,,
ENSG00000167004,6.06537,6.12636,,
ENSG00000167037,,,-1.01978,
ENSG00000167065,2.48394,1.43539,,
ENSG00000167081,-0.467828,,2.69284,
ENSG00000167085,,,-0.345191,
ENSG00000167103,-0.193037,,0.218444,
ENSG00000167123,,,-0.664647,
ENSG00000167130,-3.96158,-3.79426,,
ENSG00000167136,4.1969,,3.05004,
ENSG00000167173,,,-0.691178,
ENSG00000167178,,,3.78683,
ENSG00000167193,5.88733,,3.65084,
ENSG00000167232,,,0.288434,
ENSG00000167244,,0.757378,,
ENSG00000167281,1.42638,,,
ENSG00000167306,,0.374054,,
ENSG00000167311,,,-2.58113,
ENSG00000167323,,-1.14485,,
ENSG00000167332,,-0.579012,0.583794,0.00338129
ENSG00000167419,,0.511866,,
ENSG00000167460,0.0189248,,-0.489142,
ENSG00000167491,,8.11106,,
ENSG00000167508,-3.41865,,,
ENSG00000167522,,3.40275,,
ENSG00000167525,0.623651,,-1.02127,
ENSG00000167536,,1.37512,,
ENSG00000167543,-0.322132,2.55696,,
ENSG00000167549,,-1.11988,,
ENSG00000167552,,0.122155,,
ENSG00000167553,0.151631,-1.90366,,
ENSG00000167565,-1.63821,,,
ENSG00000167566,,,-0.265428,
ENSG00000167608,0.272227,-0.129461,,
ENSG00000167612,,0.0722332,2.04589,1.49774
ENSG00000167617,,,1.12468,
ENSG00000167618,,-1.87235,,
ENSG00000167619,,,-0.677504,
ENSG00000167634,,-0.406497,,
ENSG00000167635,-1.2685,-2.63795,,
ENSG00000167642,,,0.0630783,
ENSG00000167644,,0.86504,0.77189,1.15748
ENSG00000167646,,,1.14661,
ENSG00000167653,,-1.30894,-0.0252556,-0.943416
ENSG00000167656,,,1.84454,
ENSG00000167693,,0.492254,,
ENSG00000167695,,,-1.64337,
ENSG00000167699,-1.82665,-0.524107,,
ENSG00000167716,0.981778,-0.632728,,
ENSG00000167740,2.07268,0.146291,,
ENSG00000167749,,,-1.74658,
ENSG00000167751,-0.352007,,,
ENSG00000167754,,,-0.484443,
ENSG00000167755,,,-0.363335,
ENSG00000167757,,-2.44985,-0.215709,-1.88484
ENSG00000167759,,,-0.215709,
ENSG00000167881,-0.182104,,,
ENSG00000167910,,,1.18042,
ENSG00000167916,,,-0.425317,
ENSG00000167941,,,-0.582862,
ENSG00000167945,,,-1.12392,
ENSG00000167964,,-1.05079,,
ENSG00000167967,,-0.761638,,
ENSG00000167968,,,-0.689919,
ENSG00000167969,0.546426,,-0.670171,
ENSG00000167985,0.337472,-1.25007,,
ENSG00000167994,1.39645,,,
ENSG00000168000,-1.0161,0.712458,,
ENSG00000168002,,,-2.0917,
ENSG00000168003,,,0.798703,
ENSG00000168010,,,1.05829,
ENSG00000168014,1.21473,-0.38241,,
ENSG00000168061,-1.74869,,0.0328178,
ENSG00000168070,,4.25012,,
ENSG00000168077,,,1.1549,
ENSG00000168078,,,0.937019,
ENSG00000168090,1.46599,,0.769293,
ENSG00000168116,1.18264,0.823979,,
ENSG00000168135,,,1.56836,
ENSG00000168143,,,-1.08247,
ENSG00000168152,,,2.96293,
ENSG00000168158,,,-0.0157496,
ENSG00000168209,-0.217492,,,
ENSG00000168243,,,-0.155691,
ENSG00000168256,-1.07632,,,
ENSG00000168263,,,0.0899236,
ENSG00000168273,,-2.63953,,
ENSG00000168275,-1.57785,-1.00382,,
ENSG00000168280,1.67765,,-0.556823,
ENSG00000168288,-0.124315,,,
ENSG00000168314,,,0.32507,
ENSG00000168333,,,0.459267,
ENSG00000168334,,1.64567,-1.64567,0
ENSG00000168350,-2.85733,,2.47451,
ENSG00000168356,,,-0.378,
ENSG00000168386,0.203536,,,
ENSG00000168398,,,-0.182519,
ENSG00000168421,,,0.368861,
ENSG00000168447,,,1.33118,
ENSG00000168453,,,0.0833,
ENSG00000168454,,0.689002,,
ENSG00000168461,-0.826493,,0.574054,
ENSG00000168484,,2.26038,,
ENSG00000168488,0.991963,-2.68139,,
ENSG00000168490,,-1.78996,-0.62793,-1.70971
ENSG00000168491,,,-1.77555,
ENSG00000168495,,,-0.463608,
ENSG00000168502,,,1.36325,
ENSG00000168542,,-0.0605455,-0.0605455,-0.0856243
ENSG00000168546,0.184724,0.0954245,,
ENSG00000168556,-1.64193,,-1.62643,
ENSG00000168564,,-0.67558,,
ENSG00000168566,,-2.97578,,
ENSG00000168589,,,-1.32276,
ENSG00000168612,-2.92387,,-0.437073,
ENSG00000168621,,,-0.0576762,
ENSG00000168631,,,2.55925,
ENSG00000168634,,,1.70054,
ENSG00000168658,,,0.363221,
ENSG00000168671,,0.336301,,
ENSG00000168672,,,0.041312,
ENSG00000168675,,,-1.26508,
ENSG00000168679,-0.303092,,1.17732,
ENSG00000168685,,,-1.06615,
ENSG00000168702,,,-3.05783,
ENSG00000168743,,,1.02933,
ENSG00000168754,,,3.74938,
ENSG00000168763,-3.35752,,0.050954,
ENSG00000168779,,-0.0546684,,
ENSG00000168802,,-2.29236,,
ENSG00000168806,3.27298,2.6563,,
ENSG00000168826,1.61056,-0.0860559,,
ENSG00000168828,,,0.259185,
ENSG00000168843,,,1.69801,
ENSG00000168872,0.913142,,2.14457,
ENSG00000168883,-1.07007,-0.21152,,
ENSG00000168884,-1.86564,,0.0697465,
ENSG00000168887,0.560677,,,
ENSG00000168890,,-0.644656,,
ENSG00000168894,-0.936879,-0.0841769,,
ENSG00000168903,,-1.23313,,
ENSG00000168913,,,0.868535,
ENSG00000168916,,,1.05259,
ENSG00000168917,4.90446,,-2.97248,
ENSG00000168918,,,0.707482,
ENSG00000168928,,0.719081,-1.07721,-0.253236
ENSG00000168938,,,-1.25968,
ENSG00000168944,,,-0.377253,
ENSG00000168952,,,0.208545,
ENSG00000169006,,,-0.284711,
ENSG00000169018,,1.39106,,
ENSG00000169031,,,-0.0449348,
ENSG00000169032,0.269888,,0.833319,
ENSG00000169035,,-0.309568,-1.58068,-1.3366
ENSG00000169045,,,2.0422,
ENSG00000169071,,,1.02106,
ENSG00000169105,,1.03392,,
ENSG00000169126,,,-0.925748,
ENSG00000169129,-0.543,-0.602732,,
ENSG00000169131,-0.805544,1.28507,,
ENSG00000169174,,-1.8957,,
ENSG00000169180,-2.93464,-2.19111,,
ENSG00000169181,,,-0.889286,
ENSG00000169193,-1.68595,-0.82955,,
ENSG00000169203,-7.04822,,,
ENSG00000169213,,,-0.251334,
ENSG00000169217,1.92741,0.645653,,
ENSG00000169220,-0.185179,,1.47878,
ENSG00000169221,,,2.01064,
ENSG00000169224,-0.320688,,-0.795313,
ENSG00000169302,,,-0.61639,
ENSG00000169314,0.490685,,0.459865,
ENSG00000169379,,,-2.13775,
ENSG00000169385,1.91121,,1.95967,
ENSG00000169397,1.64579,0.887522,,
ENSG00000169418,,-2.02554,-2.02554,-2.86455
ENSG00000169436,,,1.29487,
ENSG00000169442,1.87784,4.62402,,
ENSG00000169507,,,-0.386841,
ENSG00000169515,,,0.406241,
ENSG00000169548,,,-0.238924,
ENSG00000169594,,,-1.63733,
ENSG00000169604,,0.525249,1.11436,1.15938
ENSG00000169605,,,-0.102227,
ENSG00000169618,,,0.278126,
ENSG00000169676,,,1.96066,
ENSG00000169682,,2.05076,,
ENSG00000169684,,1.38684,,
ENSG00000169740,-0.157643,,,
ENSG00000169750,1.01676,,-1.62808,
ENSG00000169752,,0.198109,,
ENSG00000169760,,,-0.449011,
ENSG00000169813,-0.00128396,,-0.333536,
ENSG00000169814,,,-0.439154,
ENSG00000169855,,,-0.872719,
ENSG00000169857,-0.325812,,-0.944382,
ENSG00000169884,,-0.0574856,,
ENSG00000169900,,,-1.26692,
ENSG00000169903,,,0.164937,
ENSG00000169908,-0.641253,0.322874,,
ENSG00000169918,,,0.396558,
ENSG00000169926,,-3.71719,,
ENSG00000169946,,,0.313067,
ENSG00000169955,,2.57765,,
ENSG00000169962,,-0.414843,,
ENSG00000169972,-1.84349,1.20562,,
ENSG00000169976,-0.219195,-2.9483,,
ENSG00000169981,0.427229,,-4.73785,
ENSG00000169989,,,-1.09434,
ENSG00000169992,-1.12894,,-0.667046,
ENSG00000169994,1.25642,,1.21202,
ENSG00000170011,,,0.126033,
ENSG00000170074,-1.3298,,,
ENSG00000170075,,,0.477912,
ENSG00000170085,0.689113,1.31423,,
ENSG00000170092,-0.102765,,0.162906,
ENSG00000170099,,-0.314718,,
ENSG00000170113,0.0438516,,,
ENSG00000170128,,-4.30843,,
ENSG00000170144,,,1.29315,
ENSG00000170153,,,-0.480151,
ENSG00000170180,,-2.12331,,
ENSG00000170236,,,0.418193,
ENSG00000170262,,,0.640483,
ENSG00000170265,,-1.57764,,
ENSG00000170270,2.29716,0.109584,,
ENSG00000170276,,,-0.696666,
ENSG00000170290,,0.13698,-0.290977,-0.108892
ENSG00000170310,0.76508,,0.31385,
ENSG00000170315,,-0.708644,,
ENSG00000170323,,,-0.203634,
ENSG00000170345,-2.53085,1.41389,,
ENSG00000170365,1.99528,,,
ENSG00000170369,,,0.385184,
ENSG00000170370,,,-1.77141,
ENSG00000170373,,,1.4942,
ENSG00000170381,,,-0.644941,
ENSG00000170382,,,2.64792,
ENSG00000170390,,-0.0887737,,
ENSG00000170412,,0.521702,,
ENSG00000170417,,,2.81014,
ENSG00000170419,,,2.07473,
ENSG00000170423,,-0.462983,1.40632,0.66704
ENSG00000170426,,,-1.85718,
ENSG00000170468,,-0.157776,2.06603,1.34934
ENSG00000170469,0.422684,1.05536,,
ENSG00000170473,,0.236057,,
ENSG00000170476,-1.99109,,,
ENSG00000170477,,-1.53079,,
ENSG00000170500,,,-1.1149,
ENSG00000170515,2.23684,-0.0448778,,
ENSG00000170522,,-0.47764,,
ENSG00000170525,,,-0.643187,
ENSG00000170537,,,1.42117,
ENSG00000170561,,,-0.464489,
ENSG00000170579,,,-1.48299,
ENSG00000170584,,,0.211899,
ENSG00000170615,,,-0.377307,
ENSG00000170647,-0.0717508,,-1.39857,
ENSG00000170667,1.1189,,1.99142,
ENSG00000170681,,,2.62055,
ENSG00000170703,,,-1.55666,
ENSG00000170745,,,-5.08277,
ENSG00000170775,,,-1.00479,
ENSG00000170779,,0.320249,,
ENSG00000170786,,,-1.73496,
ENSG00000170802,-5.79849,0.955867,,
ENSG00000170807,,-1.29049,,
ENSG00000170819,,-2.23339,,
ENSG00000170891,,1.06477,,
ENSG00000170893,,1.76142,,
ENSG00000170909,-0.763074,-0.535596,,
ENSG00000170921,-0.372366,,1.50922,
ENSG00000170946,,,2.41752,
ENSG00000170956,,0.722343,,
ENSG00000170961,,,0.144102,
ENSG00000170962,1.91341,,,
ENSG00000171016,,,0.312964,
ENSG00000171094,,,-0.819632,
ENSG00000171097,-4.03346,,-2.39988,
ENSG00000171105,0.537331,,-1.02619,
ENSG00000171119,,0.187331,,
ENSG00000171124,,,0.45973,
ENSG00000171126,,,0.460851,
ENSG00000171132,1.32282,0.893321,,
ENSG00000171136,,-1.68184,,
ENSG00000171148,0.343744,0.301388,,
ENSG00000171150,-0.65743,-1.30062,,
ENSG00000171159,-2.54957,-2.33311,,
ENSG00000171174,,,0.557505,
ENSG00000171189,,-0.83294,,
ENSG00000171204,,,-0.191598,
ENSG00000171206,,-2.30432,,
ENSG00000171217,,,-1.58106,
ENSG00000171224,,,0.39187,
ENSG00000171227,-0.425627,,1.03372,
ENSG00000171243,,,3.90794,
ENSG00000171303,,,-2.21578,
ENSG00000171320,,-1.81658,,
ENSG00000171346,,,-0.50563,
ENSG00000171357,,,-0.832659,
ENSG00000171368,0.318727,-0.205705,,
ENSG00000171385,,,-1.82258,
ENSG00000171421,-0.296943,,,
ENSG00000171425,-1.83231,-2.53884,,
ENSG00000171428,,-0.443452,,
ENSG00000171444,-1.30501,,-1.02313,
ENSG00000171446,,,1.75335,
ENSG00000171453,,,-1.55752,
ENSG00000171456,0.937477,,,
ENSG00000171462,0.952703,,2.577,
ENSG00000171475,,0.982934,,
ENSG00000171492,-1.28988,,2.01278,
ENSG00000171496,,,-0.889006,
ENSG00000171502,-0.157886,,1.68565,
ENSG00000171517,,2.03189,,
ENSG00000171522,,,-0.942746,
ENSG00000171533,,,1.21949,
ENSG00000171552,,,-1.54119,
ENSG00000171561,,,0.415795,
ENSG00000171564,,-0.0604013,-0.0631389,-0.0873561
ENSG00000171566,,,0.60168,
ENSG00000171587,,,-1.71401,
ENSG00000171595,,1.60027,,
ENSG00000171612,-0.811196,,0.0682125,
ENSG00000171643,,-0.312078,,
ENSG00000171681,2.09167,,,
ENSG00000171695,,1.10259,,
ENSG00000171700,-0.818716,,-3.10678,
ENSG00000171703,0.758846,,2.17819,
ENSG00000171714,-2.63481,,,
ENSG00000171724,,,0.378072,
ENSG00000171759,,,0.104849,
ENSG00000171772,,,0.533011,
ENSG00000171773,,,0.00996478,
ENSG00000171777,,,0.708512,
ENSG00000171786,-3.02131,-1.42707,,
ENSG00000171791,,,0.034889,
ENSG00000171811,,,0.758821,
ENSG00000171812,,-1.33121,,
ENSG00000171819,,,0.121628,
ENSG00000171823,,1.5846,,
ENSG00000171840,0.25074,1.69445,,
ENSG00000171843,,,0.52205,
ENSG00000171847,,1.6717,,
ENSG00000171853,,,-1.10208,
ENSG00000171858,,,0.545626,
ENSG00000171860,,,0.212979,
ENSG00000171863,0.0867106,,-0.0422194,
ENSG00000171864,,,-1.04774,
ENSG00000171867,,,0.087311,
ENSG00000171873,,,-0.318382,
ENSG00000171885,,,1.656,
ENSG00000171903,,,0.988739,
ENSG00000171916,,-0.553565,,
ENSG00000171928,4.64484,2.96191,,
ENSG00000171943,-0.415014,,,
ENSG00000171954,,0.802612,,
ENSG00000171970,,,1.74894,
ENSG00000171988,,,-0.633656,
ENSG00000171989,,,0.382756,
ENSG00000172005,,-0.313245,,
ENSG00000172031,-1.72345,,,
ENSG00000172037,4.05634,3.73063,,
ENSG00000172061,,,-0.116339,
ENSG00000172071,,,1.00043,
ENSG00000172081,,,1.00802,
ENSG00000172116,1.73103,1.457,,
ENSG00000172156,,,0.342229,
ENSG00000172159,,,-1.13709,
ENSG00000172164,,0.874388,,
ENSG00000172167,,,-0.141396,
ENSG00000172179,,,1.02274,
ENSG00000172183,,-1.72557,,
ENSG00000172201,,,-0.43311,
ENSG00000172215,,,0.794225,
ENSG00000172232,-0.0542342,,0.800334,
ENSG00000172236,-1.88365,-1.97988,,
ENSG00000172244,5.19157,,,
ENSG00000172260,,,2.58147,
ENSG00000172264,,,-0.861711,
ENSG00000172322,-0.110488,,,
ENSG00000172349,,0.123379,,
ENSG00000172350,,,-1.69284,
ENSG00000172380,,,-0.631363,
ENSG00000172399,,1.35524,-0.375205,0.692986
ENSG00000172409,,5.18476,,
ENSG00000172428,-1.64351,,-0.0939432,
ENSG00000172458,,,1.20787,
ENSG00000172478,,,0.141616,
ENSG00000172482,,,-0.017637,
ENSG00000172497,,,0.0138903,
ENSG00000172531,,,0.941414,
ENSG00000172538,,1.05643,,
ENSG00000172551,,1.15022,,
ENSG00000172554,,,1.31125,
ENSG00000172575,,,1.28162,
ENSG00000172578,-1.02754,,-0.038475,
ENSG00000172640,,,-0.755205,
ENSG00000172650,,-0.363079,,
ENSG00000172661,-0.0529227,,0.468735,
ENSG00000172663,1.78531,,,
ENSG00000172671,0.480253,0.468735,,
ENSG00000172717,,,-0.379617,
ENSG00000172724,,,0.905107,
ENSG00000172725,-2.77949,,-1.58676,
ENSG00000172731,-2.24428,,0.27377,
ENSG00000172748,-1.85055,,0.567061,
ENSG00000172765,0.619087,,,
ENSG00000172785,0.781135,,,
ENSG00000172789,1.78074,,0.990974,
ENSG00000172794,,,0.813967,
ENSG00000172803,2.61508,,,
ENSG00000172809,,,-0.620925,
ENSG00000172817,,1.45189,0.0160863,1.03802
ENSG00000172818,,,-4.26138,
ENSG00000172867,1.49517,,,
ENSG00000172888,,,-0.120271,
ENSG00000172901,,,0.230115,
ENSG00000172915,0.0587246,,0.102503,
ENSG00000172935,,-0.556267,-0.601275,-0.818506
ENSG00000172936,1.09208,,1.103,
ENSG00000172938,,,1.24492,
ENSG00000172939,-1.85844,,0.917831,
ENSG00000172955,,-1.20815,-0.288113,-1.05802
ENSG00000172965,-0.711929,,,
ENSG00000172967,,0,,
ENSG00000172985,-0.0355838,-0.189897,,
ENSG00000172986,,,0.854811,
ENSG00000172987,,,-1.80228,
ENSG00000172995,,,0.202519,
ENSG00000173011,,,2.18484,
ENSG00000173013,1.25134,-1.1501,,
ENSG00000173039,1.07044,,,
ENSG00000173041,-1.25415,,-0.100942,
ENSG00000173065,,,-1.88165,
ENSG00000173068,,-2.61402,,
ENSG00000173077,,,2.03081,
ENSG00000173120,3.10331,,,
ENSG00000173137,-1.3701,,,
ENSG00000173145,0.193735,,0.480283,
ENSG00000173153,,2.93295,,
ENSG00000173163,,-0.2521,,
ENSG00000173166,-1.57377,,,
ENSG00000173227,,,1.7508,
ENSG00000173239,,-0.828459,,
ENSG00000173253,,,-1.67836,
ENSG00000173261,-0.653207,,1.45509,
ENSG00000173262,,1.13111,0.661302,1.26743
ENSG00000173264,0.53992,,,
ENSG00000173267,-0.9498,0.15898,,
ENSG00000173272,-0.367787,,1.01125,
ENSG00000173273,,,-1.89357,
ENSG00000173281,,,-1.64453,
ENSG00000173334,-1.17918,,,
ENSG00000173338,0.789298,1.84119,,
ENSG00000173372,0.0908297,,,
ENSG00000173376,,,-0.572738,
ENSG00000173421,-4.7037,,-3.75712,
ENSG00000173432,,,1.06825,
ENSG00000173442,-1.87333,,1.17756,
ENSG00000173451,,-0.119245,,
ENSG00000173456,,-0.98569,,
ENSG00000173457,2.22187,,0.921722,
ENSG00000173473,,,-0.555624,
ENSG00000173480,0.91386,,-0.347106,
ENSG00000173482,0.588061,0.235661,,
ENSG00000173531,,,2.25922,
ENSG00000173540,,1.50648,,
ENSG00000173542,-0.184705,1.30606,,
ENSG00000173545,,1.73261,,
ENSG00000173546,,,2.08294,
ENSG00000173557,,,-0.103359,
ENSG00000173559,-0.188391,-0.994959,,
ENSG00000173581,,,0.0712104,
ENSG00000173611,,1.83923,,
ENSG00000173614,-0.418293,,,
ENSG00000173621,3.72971,,3.5565,
ENSG00000173626,,,-0.818635,
ENSG00000173641,,0.706353,1.84876,1.80674
ENSG00000173660,0.730906,,0.819452,
ENSG00000173706,,-1.05664,,
ENSG00000173714,,,-0.946361,
ENSG00000173728,,0.2521,,
ENSG00000173805,,,0.548904,
ENSG00000173809,,,-1.52194,
ENSG00000173821,,,-0.64731,
ENSG00000173838,,,-1.01758,
ENSG00000173846,,1.05994,,
ENSG00000173889,,-0.523958,,
ENSG00000173894,0.0689113,0.520198,,
ENSG00000173905,1.26131,-0.719341,,
ENSG00000173915,,,3.42546,
ENSG00000173918,,,2.10519,
ENSG00000173926,,,-3.75856,
ENSG00000173928,,2.30718,,
ENSG00000173930,,-1.47326,,
ENSG00000173933,0.00246372,,,
ENSG00000173960,4.0328,,1.08729,
ENSG00000173988,,,-0.515577,
ENSG00000173992,3.39151,,,
ENSG00000174007,0.729346,,0.210385,
ENSG00000174013,1.40454,-2.18066,,
ENSG00000174038,,,-3.17303,
ENSG00000174059,,,1.64429,
ENSG00000174130,-2.09415,2.40231,,
ENSG00000174132,3.36716,,,
ENSG00000174136,,,2.25829,
ENSG00000174145,,,0.00531942,
ENSG00000174173,,,-0.889858,
ENSG00000174197,,,0.163166,
ENSG00000174206,,,-0.307984,
ENSG00000174226,,,2.22061,
ENSG00000174227,-0.847938,,0.554306,
ENSG00000174255,1.39099,,0.117186,
ENSG00000174282,2.2062,-0.696569,,
ENSG00000174326,-1.78664,,,
ENSG00000174332,,,0.721489,
ENSG00000174358,,0.0604091,,
ENSG00000174371,,0.516918,,
ENSG00000174428,2.82927,,,
ENSG00000174429,,,1.44817,
ENSG00000174442,,,0.969199,
ENSG00000174448,,,-0.419924,
ENSG00000174456,,3.90779,,
ENSG00000174482,0.979616,,-1.52393,
ENSG00000174498,,,0.586077,
ENSG00000174501,-2.6114,,,
ENSG00000174521,,,0.773381,
ENSG00000174564,-4.81974,,-1.85801,
ENSG00000174567,,-2.31833,,
ENSG00000174574,-3.48945,-2.0208,,
ENSG00000174576,,,-0.752578,
ENSG00000174586,,,0.101951,
ENSG00000174599,,,-1.80912,
ENSG00000174628,,,1.29815,
ENSG00000174640,,,0.632991,
ENSG00000174672,,,0.662624,
ENSG00000174697,,0.165474,,
ENSG00000174721,0.608248,,0.487924,
ENSG00000174744,,,1.11783,
ENSG00000174748,,1.26788,,
ENSG00000174776,,,3.03431,
ENSG00000174792,,,0.284324,
ENSG00000174796,,,-0.748062,
ENSG00000174807,,,0.46046,
ENSG00000174808,,,-0.22646,
ENSG00000174840,0.936367,,-0.891229,
ENSG00000174842,,2.65573,,
ENSG00000174844,,,-0.0287525,
ENSG00000174871,-3.34814,,,
ENSG00000174899,,,0.150803,
ENSG00000174915,1.42984,,-2.85762,
ENSG00000174928,,0.26934,,
ENSG00000174938,,,-1.25327,
ENSG00000174943,,,-7.56289,
ENSG00000174944,,,-0.250288,
ENSG00000174946,,,0.0529174,
ENSG00000174951,,,-3.04915,
ENSG00000175048,4.62537,,,
ENSG00000175077,,,-1.93509,
ENSG00000175106,-1.54179,,1.10558,
ENSG00000175155,,1.64578,,
ENSG00000175161,,,-1.08093,
ENSG00000175164,0.0323939,-0.144668,,
ENSG00000175183,,0.0463079,-1.39034,-0.950375
ENSG00000175193,,0.0930605,,
ENSG00000175197,,1.35207,,
ENSG00000175198,,,-0.175591,
ENSG00000175203,1.47735,,,
ENSG00000175215,,0.634682,,
ENSG00000175216,,,6.7497,
ENSG00000175229,,,-1.92988,
ENSG00000175264,,1.20571,,
ENSG00000175265,4.1309,,,
ENSG00000175283,-2.0181,,-0.977756,
ENSG00000175294,,,0.171571,
ENSG00000175315,,-0.985967,1.67003,0.483705
ENSG00000175324,,,-4.50939,
ENSG00000175344,,,0.289102,
ENSG00000175414,,,-1.3236,
ENSG00000175416,2.28365,,0.504573,
ENSG00000175426,,,1.03752,
ENSG00000175470,0.418825,,1.02293,
ENSG00000175485,,1.16831,,
ENSG00000175489,2.21594,-1.79568,,
ENSG00000175513,,0.0930605,,
ENSG00000175520,,0.249044,,
ENSG00000175550,,-1.02293,,
ENSG00000175564,,3.68311,,
ENSG00000175595,1.7068,,-2.09327,
ENSG00000175606,,1.94553,,
ENSG00000175646,,-0.916003,-0.916003,-1.29542
ENSG00000175662,,-2.54955,,
ENSG00000175664,,,1.31475,
ENSG00000175697,,,2.23075,
ENSG00000175756,,,-0.107901,
ENSG00000175772,,,-0.793207,
ENSG00000175832,,,-0.429863,
ENSG00000175857,,,-0.30251,
ENSG00000175874,,1.13845,,
ENSG00000175879,,,-0.592677,
ENSG00000175893,-0.505867,,0.982253,
ENSG00000175920,2.70873,,-2.07846,
ENSG00000175931,,1.82319,,
ENSG00000176018,,,-2.43024,
ENSG00000176022,-2.73883,,,
ENSG00000176055,,2.4943,,
ENSG00000176083,,,-1.31899,
ENSG00000176095,-3.39862,,-2.04699,
ENSG00000176102,0.282676,,0.795408,
ENSG00000176148,,,-0.381365,
ENSG00000176155,3.54623,,2.84239,
ENSG00000176171,0.301563,0.306627,,
ENSG00000176177,,,1.41173,
ENSG00000176194,,,-1.31475,
ENSG00000176225,,-0.0166008,,
ENSG00000176239,,0.662634,,
ENSG00000176244,,0.470308,0.24182,0.503551
ENSG00000176273,,,-2.18383,
ENSG00000176371,-5.88989,,-8.06514,
ENSG00000176381,,,1.84285,
ENSG00000176399,,,-0.700281,
ENSG00000176401,,,2.14275,
ENSG00000176435,,,0.797664,
ENSG00000176438,0.473077,,1.43997,
ENSG00000176444,,,1.7548,
ENSG00000176463,,0.999594,,
ENSG00000176532,,-0.609856,0.907017,0.210124
ENSG00000176533,0.183366,-1.65719,,
ENSG00000176542,-0.883774,,,
ENSG00000176624,0.747415,1.79284,,
ENSG00000176658,1.07514,,-1.94212,
ENSG00000176678,,,-0.543656,
ENSG00000176681,-5.54074,-5.86005,,
ENSG00000176720,,,-1.85465,
ENSG00000176723,,,-0.44003,
ENSG00000176731,,-0.717647,,
ENSG00000176788,,0.267041,,
ENSG00000176809,0.992982,,0.493714,
ENSG00000176845,-0.860979,,0.331712,
ENSG00000176907,,,-1.17239,
ENSG00000176920,,,0.0126595,
ENSG00000176927,,,2.58635,
ENSG00000176971,,-1.96967,,
ENSG00000176986,0.827831,,-0.0960576,
ENSG00000177045,,,-0.365927,
ENSG00000177103,,,-0.82662,
ENSG00000177105,-1.29066,,-0.0326038,
ENSG00000177125,,-0.568185,,
ENSG00000177169,,,1.20002,
ENSG00000177192,,,1.21926,
ENSG00000177212,,,0.884941,
ENSG00000177234,,,0.760595,
ENSG00000177238,,,-1.56774,
ENSG00000177294,,,-1.21792,
ENSG00000177301,,,0.337657,
ENSG00000177354,,,1.05931,
ENSG00000177363,,,0.581081,
ENSG00000177370,,,-0.153132,
ENSG00000177374,,2.50529,,
ENSG00000177380,-2.34807,2.72446,,
ENSG00000177426,,-0.599795,,
ENSG00000177432,-0.895937,,-1.80039,
ENSG00000177459,,,1.09625,
ENSG00000177462,,,0.654793,
ENSG00000177463,0.407805,,0.638115,
ENSG00000177464,,-0.319236,-0.155665,-0.335805
ENSG00000177469,,,0.591279,
ENSG00000177494,,0.536656,,
ENSG00000177519,,,0,
ENSG00000177535,,0.971568,,
ENSG00000177595,0.36485,,-0.68204,
ENSG00000177600,1.69443,,,
ENSG00000177614,,,-0.437865,
ENSG00000177627,,,-2.0889,
ENSG00000177646,-2.08322,,0.874521,
ENSG00000177675,2.71808,-0.603424,,
ENSG00000177688,,0.860926,-1.55733,-0.492434
ENSG00000177692,-3.5044,-0.750356,,
ENSG00000177694,,,-0.563561,
ENSG00000177700,-0.180988,,2.65954,
ENSG00000177706,2.8328,2.1389,,
ENSG00000177710,-2.41848,-1.45981,,
ENSG00000177731,3.69225,,2.9426,
ENSG00000177732,-0.0471584,,-0.88387,
ENSG00000177752,,,-0.0625407,
ENSG00000177757,,1.38909,1.23875,1.85816
ENSG00000177788,,,-0.963604,
ENSG00000177791,,0.440433,,
ENSG00000177807,,,-0.0294059,
ENSG00000177830,0.839754,,2.09011,
ENSG00000177839,,,3.05393,
ENSG00000177873,,-0.936871,,
ENSG00000177879,1.70725,,,
ENSG00000177888,,,2.73376,
ENSG00000177889,1.61473,,1.36108,
ENSG00000177932,-2.01103,,0.581144,
ENSG00000177943,-0.96478,,-0.982725,
ENSG00000177971,0.975609,,,
ENSG00000177981,-1.87517,-0.744696,,
ENSG00000177984,,,0.445152,
ENSG00000177994,,,-0.48583,
ENSG00000178031,,,-0.194807,
ENSG00000178033,,,1.17485,
ENSG00000178055,,,0.770456,
ENSG00000178057,,,-3.41153,
ENSG00000178096,4.40276,,,
ENSG00000178104,0.802733,,,
ENSG00000178115,,,0.980606,
ENSG00000178149,,,-3.41153,
ENSG00000178150,,,-0.714099,
ENSG00000178171,,,0.633177,
ENSG00000178184,-2.71877,-4.18017,,
ENSG00000178187,,,0.572695,
ENSG00000178188,-2.6509,-1.90202,,
ENSG00000178226,,,0.449526,
ENSG00000178234,0.742561,,,
ENSG00000178297,,,0.852605,
ENSG00000178307,-3.34668,,1.07722,
ENSG00000178338,-0.439536,,0.504781,
ENSG00000178342,3.69128,6.29143,,
ENSG00000178343,,,-2.28743,
ENSG00000178363,,,0.388456,
ENSG00000178372,,0.585283,,
ENSG00000178385,,1.48487,,
ENSG00000178401,,,-3.59856,
ENSG00000178460,,,0.231365,
ENSG00000178462,,,0.537158,
ENSG00000178498,,,1.44946,
ENSG00000178531,,,1.24816,
ENSG00000178537,,,0.832565,
ENSG00000178562,-1.09195,,,
ENSG00000178586,,,0.480069,
ENSG00000178597,,,0.306405,
ENSG00000178662,,,0.505782,
ENSG00000178718,,,1.18354,
ENSG00000178719,-0.412936,-0.804054,,
ENSG00000178726,1.09263,,-0.598887,
ENSG00000178732,-0.231458,-0.0434867,,
ENSG00000178734,,,-0.0386231,
ENSG00000178750,,,-1.36894,
ENSG00000178789,,-1.19765,,
ENSG00000178795,,,-0.729586,
ENSG00000178796,,,-0.132441,
ENSG00000178809,-0.417623,,,
ENSG00000178821,,0.509272,0.48188,0.700851
ENSG00000178826,0.0563807,,,
ENSG00000178860,-0.516313,,-0.458365,
ENSG00000178882,,,-0.115054,
ENSG00000178913,0.55735,1.23739,,
ENSG00000178917,-4.43742,,,
ENSG00000178921,2.70118,0.617363,,
ENSG00000178934,,-1.34839,,
ENSG00000178951,-0.583229,,,
ENSG00000178965,,,0.61331,
ENSG00000178980,,,-0.32583,
ENSG00000179008,,,1.72535,
ENSG00000179051,,0.329177,,
ENSG00000179058,,,1.28808,
ENSG00000179066,,,-0.175503,
ENSG00000179071,,,-1.20868,
ENSG00000179085,-0.261744,,,
ENSG00000179111,,,2.64529,
ENSG00000179133,,,2.73841,
ENSG00000179144,0.232378,-0.0458601,,
ENSG00000179148,,,2.2952,
ENSG00000179163,0.0559144,-0.155017,,
ENSG00000179165,,,2.02759,
ENSG00000179168,-0.227383,,,
ENSG00000179178,,0.71713,-1.54928,-0.58842
ENSG00000179240,2.15932,,2.91914,
ENSG00000179241,0.831189,,0.804013,
ENSG00000179270,,,-1.6293,
ENSG00000179284,,,-2.17608,
ENSG00000179295,0.691992,,1.41273,
ENSG00000179314,,,-0.378784,
ENSG00000179331,,,0.339713,
ENSG00000179348,,,0.420377,
ENSG00000179361,-1.89192,-1.32923,,
ENSG00000179387,3.39641,1.82729,,
ENSG00000179397,-2.66719,-1.14735,,
ENSG00000179403,,1.49599,-0.734578,0.538397
ENSG00000179431,,,0.883699,
ENSG00000179454,2.55825,,-0.63178,
ENSG00000179455,,,1.32955,
ENSG00000179476,,,1.34427,
ENSG00000179523,1.7848,,,
ENSG00000179546,,,-0.353259,
ENSG00000179562,,,-2.26374,
ENSG00000179583,,,-0.119742,
ENSG00000179588,,-0.346506,,
ENSG00000179632,0.654635,0.609297,,
ENSG00000179673,,,-0.59729,
ENSG00000179715,,-0.565599,,
ENSG00000179751,,,-0.800443,
ENSG00000179772,,,-2.01011,
ENSG00000179774,,,-0.941859,
ENSG00000179776,,-0.00729964,,
ENSG00000179796,,,0.603976,
ENSG00000179820,,0.0370636,,
ENSG00000179832,,,-0.471874,
ENSG00000179846,,,0.371059,
ENSG00000179886,,0.20541,,
ENSG00000179889,-2.2841,-0.0919924,,
ENSG00000179902,,-1.29248,,
ENSG00000179913,1.38635,,-0.20018,
ENSG00000179915,,,1.31348,
ENSG00000179918,,2.75851,,
ENSG00000179922,,,-2.45332,
ENSG00000179930,,,-2.37466,
ENSG00000179933,0.296336,-1.3601,,
ENSG00000179934,,-1.53742,,
ENSG00000179935,,,-0.324831,
ENSG00000179943,,-0.925042,,
ENSG00000179958,7.65533,,,
ENSG00000179988,0.254956,0.357775,,
ENSG00000180008,,,2.8007,
ENSG00000180016,,,0.69231,
ENSG00000180044,,,0.561516,
ENSG00000180066,,-0.279764,,
ENSG00000180071,0.384253,,-1.46975,
ENSG00000180113,,,3.91511,
ENSG00000180185,-2.22844,-1.02703,,
ENSG00000180190,,,-0.462283,
ENSG00000180210,,1.43333,-4.57468,-2.22127
ENSG00000180233,-0.668432,,,
ENSG00000180245,,,0.975627,
ENSG00000180287,,,0.15899,
ENSG00000180318,,,0.384978,
ENSG00000180332,,,0.231885,
ENSG00000180336,,,0.367408,
ENSG00000180347,,,1.1052,
ENSG00000180357,-1.69013,,0.52311,
ENSG00000180423,,7.41244,,
ENSG00000180432,,,1.11709,
ENSG00000180440,,,-0.0555417,
ENSG00000180447,,1.79664,,
ENSG00000180481,,,-1.4769,
ENSG00000180532,,,0.321389,
ENSG00000180535,,-1.83342,,
ENSG00000180574,0.0230035,-0.840322,,
ENSG00000180592,,,-0.771957,
ENSG00000180613,,,9.33624,
ENSG00000180616,,,0.640249,
ENSG00000180626,,,1.59337,
ENSG00000180638,,,0.643041,
ENSG00000180644,,-0.0434696,,
ENSG00000180660,,,0.962466,
ENSG00000180667,,0.738337,,
ENSG00000180694,,-0.875619,,
ENSG00000180720,,,-6.90438,
ENSG00000180730,,,-0.467463,
ENSG00000180777,,,-0.461052,
ENSG00000180785,,-2.8933,-0.334623,-2.28249
ENSG00000180787,,,1.5862,
ENSG00000180801,,,0.241556,
ENSG00000180806,,,-0.488549,
ENSG00000180834,,-0.374631,,
ENSG00000180871,0.0582637,,,
ENSG00000180878,,0.656059,,
ENSG00000180900,6.31975,,4.09057,
ENSG00000180914,-0.583667,0.525594,,
ENSG00000180929,,,2.13106,
ENSG00000180988,,1.65946,-0.224875,1.01441
ENSG00000180998,,,1.36749,
ENSG00000181004,,,-1.62626,
ENSG00000181027,0.378768,,0.46539,
ENSG00000181029,,0.970278,1.23764,1.56123
ENSG00000181035,,,2.22537,
ENSG00000181061,,,-0.528372,
ENSG00000181085,,,0.73491,
ENSG00000181092,,-0.477645,0.880324,0.284737
ENSG00000181195,,2.1395,1.31555,2.44309
ENSG00000181234,,,2.12544,
ENSG00000181264,,,1.09945,
ENSG00000181284,-2.92767,,1.10833,
ENSG00000181291,,,-0.186859,
ENSG00000181333,,,-1.18856,
ENSG00000181404,-0.649701,,,
ENSG00000181409,1.49436,0.466796,,
ENSG00000181467,,,-0.142057,
ENSG00000181472,,-1.52818,,
ENSG00000181481,3.50767,,,
ENSG00000181523,1.16628,0.638139,,
ENSG00000181577,,0.238195,-0.413079,-0.123662
ENSG00000181610,-0.23039,,0.532826,
ENSG00000181625,,1.52434,,
ENSG00000181631,0.264677,-0.08625,,
ENSG00000181634,,-1.44544,0.029135,-1.00148
ENSG00000181656,,,0.0697465,
ENSG00000181690,,,0.577963,
ENSG00000181722,1.39758,,,
ENSG00000181751,,,-1.85596,
ENSG00000181773,-2.2927,,-1.30295,
ENSG00000181781,,,-0.481169,
ENSG00000181788,0.048025,,,
ENSG00000181789,,3.00713,,
ENSG00000181798,,,-2.6813,
ENSG00000181817,,,0.0596718,
ENSG00000181826,2.44909,,-1.00851,
ENSG00000181852,,,-1.61406,
ENSG00000181908,,-0.235816,,
ENSG00000181915,-1.97069,-1.73962,,
ENSG00000181924,-4.88751,-1.38027,,
ENSG00000181963,,-0.257597,,
ENSG00000181982,,1.46304,,
ENSG00000182040,,,1.22476,
ENSG00000182050,,,2.72198,
ENSG00000182083,,,0.785787,
ENSG00000182107,,-0.461729,,
ENSG00000182118,,,-0.409078,
ENSG00000182149,,-1.4535,,
ENSG00000182150,-0.935829,,-0.690489,
ENSG00000182154,,,-0.626179,
ENSG00000182175,,,-0.557469,
ENSG00000182179,3.97326,,,
ENSG00000182196,,-6.24498,,
ENSG00000182197,,-0.321151,,
ENSG00000182199,1.87206,,1.85901,
ENSG00000182218,,,0.277657,
ENSG00000182224,,,-0.0482668,
ENSG00000182230,-2.48334,,,
ENSG00000182255,,,0.486189,
ENSG00000182263,,,2.38794,
ENSG00000182264,,,-0.234861,
ENSG00000182307,-0.0717924,0.274817,,
ENSG00000182308,,,-1.55462,
ENSG00000182318,,-0.157394,,
ENSG00000182325,,,-1.02079,
ENSG00000182327,,-0.356381,,
ENSG00000182333,,,1.08522,
ENSG00000182393,,0.536234,,
ENSG00000182446,-1.2003,,2.71513,
ENSG00000182463,,,-0.693052,
ENSG00000182472,1.72437,,0.200037,
ENSG00000182481,,-0.43134,,
ENSG00000182504,-0.0204447,-0.804564,,
ENSG00000182533,,,0.0279494,
ENSG00000182541,,,1.27866,
ENSG00000182552,,,-1.05401,
ENSG00000182568,-2.75439,,-1.42359,
ENSG00000182575,,,-1.53196,
ENSG00000182584,,-0.569533,,
ENSG00000182606,0.973783,-1.67135,,
ENSG00000182612,,,2.92185,
ENSG00000182648,,-0.308677,,
ENSG00000182667,,,0.257755,
ENSG00000182674,,,-0.384321,
ENSG00000182676,,2.35338,,
ENSG00000182704,,-1.02434,1.02434,0
ENSG00000182732,2.69458,0.484316,,
ENSG00000182768,1.48508,,-0.852142,
ENSG00000182771,,,-0.574614,
ENSG00000182774,,,-3.98152,
ENSG00000182782,-0.837232,,,
ENSG00000182809,,2.41559,,
ENSG00000182810,3.12107,,2.30605,
ENSG00000182836,,,-1.06732,
ENSG00000182858,4.90819,3.25224,,
ENSG00000182870,,,-0.900972,
ENSG00000182896,,,0.427269,
ENSG00000182901,,,-0.926479,
ENSG00000182919,-2.09369,,-1.88877,
ENSG00000182931,,,1.53417,
ENSG00000182963,,,-1.96498,
ENSG00000182973,,1.02496,,
ENSG00000182983,,-0.027023,,
ENSG00000183032,,1.01562,0.932444,1.37749
ENSG00000183036,,0.272079,3.00803,2.31939
ENSG00000183048,1.08371,1.88182,,
ENSG00000183067,,,-0.0104172,
ENSG00000183087,,,-0.487385,
ENSG00000183091,1.22023,,0.383194,
ENSG00000183098,,,-0.0208312,
ENSG00000183111,,,0.29549,
ENSG00000183114,,,1.83933,
ENSG00000183128,,,-2.25583,
ENSG00000183137,1.27105,,0.31645,
ENSG00000183150,,1.25393,,
ENSG00000183155,,,-0.775705,
ENSG00000183161,-0.981491,,,
ENSG00000183186,,,0.367086,
ENSG00000183196,,,-1.52994,
ENSG00000183207,-3.90486,,1.00601,
ENSG00000183230,,,1.05906,
ENSG00000183251,,,1.26113,
ENSG00000183281,-2.01947,,,
ENSG00000183283,,0.25813,,
ENSG00000183287,,,0.0859961,
ENSG00000183307,,-1.26987,,
ENSG00000183309,2.27693,,-3.34791,
ENSG00000183317,,,2.25227,
ENSG00000183336,,3.97673,-0.946049,2.14302
ENSG00000183346,,,0.344551,
ENSG00000183378,,,-0.0112354,
ENSG00000183379,,0.878093,,
ENSG00000183396,,2.58133,3.76665,4.4887
ENSG00000183397,2.394,,-0.767671,
ENSG00000183401,,1.14952,,
ENSG00000183421,,1.38503,,
ENSG00000183423,,,0.414878,
ENSG00000183439,0.547077,,0.639208,
ENSG00000183454,,,-0.0399559,
ENSG00000183475,,-0.545281,,
ENSG00000183496,,0.666829,,
ENSG00000183513,,2.33383,,
ENSG00000183530,-2.9341,,,
ENSG00000183549,,-1.25932,-0.343258,-1.13319
ENSG00000183560,,,-0.434758,
ENSG00000183571,,,0.796462,
ENSG00000183578,,1.70103,3.14654,3.42775
ENSG00000183579,,-1.63104,,
ENSG00000183580,,,0.343912,
ENSG00000183615,,-1.70873,,
ENSG00000183617,-0.255107,-0.389317,,
ENSG00000183624,,3.33386,,
ENSG00000183625,,0.596852,,
ENSG00000183638,,,1.12699,
ENSG00000183671,,,-2.36868,
ENSG00000183695,,,0.384796,
ENSG00000183715,,,-0.59366,
ENSG00000183723,0.934574,,,
ENSG00000183733,,,1.31068,
ENSG00000183742,,,-1.13493,
ENSG00000183751,1.30663,1.3807,,
ENSG00000183760,,,-0.2275,
ENSG00000183762,,,-0.0219802,
ENSG00000183765,,,-0.976668,
ENSG00000183775,,,-0.535074,
ENSG00000183780,-1.14094,,0.458944,
ENSG00000183785,,,0.826566,
ENSG00000183798,,,0.741838,
ENSG00000183801,,,1.42957,
ENSG00000183807,,,1.33353,
ENSG00000183814,,-1.43165,,
ENSG00000183831,,,-4.76038,
ENSG00000183833,,,-0.694851,
ENSG00000183864,,,1.99994,
ENSG00000183873,,4.74335,,
ENSG00000183876,,,0.225231,
ENSG00000183888,,,0.0595758,
ENSG00000183889,0.452953,,,
ENSG00000183914,,,-0.0864995,
ENSG00000183921,,,-1.8587,
ENSG00000183955,6.19468,,-4.78099,
ENSG00000183971,,,1.06518,
ENSG00000184007,,,0.321797,
ENSG00000184009,,,-4.10702,
ENSG00000184047,,,-3.01699,
ENSG00000184058,,,-0.024995,
ENSG00000184060,-2.78214,,,
ENSG00000184110,2.39564,,-0.0196059,
ENSG00000184113,,-1.62692,,
ENSG00000184117,-3.53313,0.690214,,
ENSG00000184144,,,1.27931,
ENSG00000184156,,,-1.74623,
ENSG00000184160,,,-1.07325,
ENSG00000184185,,,2.3187,
ENSG00000184206,,,2.20562,
ENSG00000184220,-0.389618,,,
ENSG00000184221,,-1.3939,,
ENSG00000184226,-2.7598,,2.34342,
ENSG00000184261,,,-0.0290402,
ENSG00000184274,,,-1.77136,
ENSG00000184304,,,-2.04289,
ENSG00000184305,,,-2.62048,
ENSG00000184307,1.85626,,-0.0332309,
ENSG00000184349,,,1.36475,
ENSG00000184350,,0.237447,,
ENSG00000184361,,1.09249,,
ENSG00000184378,,1.10982,-1.10982,0
ENSG00000184384,,,-0.44433,
ENSG00000184408,,,0.598724,
ENSG00000184434,,,2.22338,
ENSG00000184451,,,-0.0754687,
ENSG00000184454,,,1.28235,
ENSG00000184465,1.63693,,-1.11473,
ENSG00000184486,,,1.75714,
ENSG00000184489,-1.56523,0.58849,,
ENSG00000184557,,-0.762076,,
ENSG00000184588,,,1.87535,
ENSG00000184599,,,1.32581,
ENSG00000184601,,,1.04533,
ENSG00000184640,-2.45293,-0.454138,,
ENSG00000184672,,,-1.0138,
ENSG00000184786,1.37226,,,
ENSG00000184792,2.98445,,1.81965,
ENSG00000184828,,,-0.423106,
ENSG00000184838,0.421246,,1.76131,
ENSG00000184897,,-4.37454,,
ENSG00000184900,1.54105,,-1.3449,
ENSG00000184903,-12.9691,,-6.38218,
ENSG00000184908,,,-0.503896,
ENSG00000184922,,1.76312,,
ENSG00000184924,,1.06713,,
ENSG00000184949,,,-0.475045,
ENSG00000184956,,,-0.473324,
ENSG00000184979,,,-1.47898,
ENSG00000184984,,,-0.910515,
ENSG00000185024,-1.83819,,-1.29195,
ENSG00000185040,,,1.14582,
ENSG00000185049,,-0.580313,,
ENSG00000185052,0.766596,,1.85083,
ENSG00000185070,,,0.95808,
ENSG00000185100,,,-0.351576,
ENSG00000185149,,,-2.06706,
ENSG00000185156,,,1.96143,
ENSG00000185164,0.530864,,,
ENSG00000185189,-4.39845,,5.80901,
ENSG00000185238,-1.96679,,-0.363079,
ENSG00000185246,,,-1.22224,
ENSG00000185250,,,0.645324,
ENSG00000185267,-0.661941,-0.730241,,
ENSG00000185269,,,-0.988943,
ENSG00000185271,,,0.0956718,
ENSG00000185274,,,-2.61882,
ENSG00000185278,4.2679,3.41777,,
ENSG00000185290,,1.67782,0.937445,1.84927
ENSG00000185303,,0.668836,-2.00434,-0.944342
ENSG00000185305,,-0.48339,,
ENSG00000185306,,,0.0492713,
ENSG00000185324,4.55215,-4.03218,,
ENSG00000185332,,,0.0837732,
ENSG00000185345,,,-0.604263,
ENSG00000185352,,,3.63904,
ENSG00000185386,,,0.820449,
ENSG00000185414,,,0.60555,
ENSG00000185433,,,-0.045918,
ENSG00000185436,-0.865864,-0.297105,,
ENSG00000185475,0.990842,-0.0548231,,
ENSG00000185504,,1.88666,,
ENSG00000185518,,,-1.47678,
ENSG00000185523,,,0.944955,
ENSG00000185532,,,0.477603,
ENSG00000185559,,-2.39294,,
ENSG00000185561,,-0.227054,,
ENSG00000185567,0.580723,,0.595279,
ENSG00000185610,,,-0.187572,
ENSG00000185615,,-0.564066,-0.296,-0.608158
ENSG00000185624,-2.0654,-2.14246,,
ENSG00000185627,-0.0407784,,0.00507239,
ENSG00000185650,,0.809357,,
ENSG00000185652,,,1.92316,
ENSG00000185664,,,-1.27733,
ENSG00000185669,-1.25534,,3.52711,
ENSG00000185670,,,-0.637859,
ENSG00000185674,,,-0.662873,
ENSG00000185722,3.25339,,-3.06842,
ENSG00000185728,,-2.03617,,
ENSG00000185730,,0.41514,,
ENSG00000185737,,,-0.980942,
ENSG00000185739,,,-0.843389,
ENSG00000185760,-1.72323,,0.636849,
ENSG00000185761,3.03005,-0.279859,,
ENSG00000185803,,,-1.21958,
ENSG00000185808,4.34755,,6.00511,
ENSG00000185813,0.522325,,-2.13717,
ENSG00000185829,-4.8622,,3.61675,
ENSG00000185842,,,-2.70689,
ENSG00000185862,,0.602732,,
ENSG00000185873,,,0.761479,
ENSG00000185896,,0.666561,,
ENSG00000185897,,-0.972806,,
ENSG00000185904,,,-0.647295,
ENSG00000185950,3.52915,1.21766,,
ENSG00000185955,-2.47314,,-1.53209,
ENSG00000185958,,,3.72727,
ENSG00000185988,,,2.64572,
ENSG00000186049,,0.817024,,
ENSG00000186051,,,-0.202057,
ENSG00000186063,-0.596708,1.10129,,
ENSG00000186073,0.621754,0.154403,,
ENSG00000186074,1.60588,,0.907811,
ENSG00000186104,,-0.195569,,
ENSG00000186106,-0.790637,,0.136446,
ENSG00000186111,,0.264195,,
ENSG00000186115,,0.0515166,,
ENSG00000186150,,,-1.67601,
ENSG00000186160,,,0.0878769,
ENSG00000186166,,2.87491,,
ENSG00000186191,,,0.857416,
ENSG00000186197,,-0.787914,,
ENSG00000186198,,,-0.858203,
ENSG00000186205,-2.62389,0.325263,,
ENSG00000186207,,1.87765,,
ENSG00000186260,,,-1.67348,
ENSG00000186298,,-4.24848,,
ENSG00000186326,,,1.71739,
ENSG00000186335,,,0.0111106,
ENSG00000186340,0.617394,0.357152,,
ENSG00000186352,,0.549209,,
ENSG00000186364,1.32928,,,
ENSG00000186399,0.883593,,1.1264,
ENSG00000186417,,-3.19143,0.156487,-2.14603
ENSG00000186439,,0.0663382,-3.06458,-2.12008
ENSG00000186453,,1.75705,0.551244,1.63221
ENSG00000186469,1.84004,,-1.1761,
ENSG00000186472,,,-1.30454,
ENSG00000186479,,,2.40849,
ENSG00000186510,,,0.437099,
ENSG00000186517,,,0.612036,
ENSG00000186564,,,1.28828,
ENSG00000186566,,-1.82612,,
ENSG00000186583,-0.0145909,,,
ENSG00000186635,,,1.01186,
ENSG00000186652,,,-3.4873,
ENSG00000186654,-1.75376,,0.143297,
ENSG00000186665,,-1.75973,,
ENSG00000186684,,,-0.559518,
ENSG00000186732,,,-2.09074,
ENSG00000186766,,,1.08665,
ENSG00000186777,,,1.24097,
ENSG00000186790,,,1.73427,
ENSG00000186812,1.61639,-0.999932,,
ENSG00000186827,-0.440684,-0.459756,,
ENSG00000186832,,,-0.999932,
ENSG00000186834,3.12426,,-2.86155,
ENSG00000186847,,-0.886709,1.95265,0.753732
ENSG00000186907,,,3.55829,
ENSG00000186908,-0.446004,,-1.48661,
ENSG00000186918,,0.172598,,
ENSG00000186951,-0.155362,,0.484234,
ENSG00000186952,,,-0.725116,
ENSG00000186973,,,0.344549,
ENSG00000186976,,,-1.12649,
ENSG00000186994,-1.44731,,-1.53204,
ENSG00000187013,,,-3.54377,
ENSG00000187048,,,-0.77328,
ENSG00000187068,,,-3.34224,
ENSG00000187109,-2.46016,,,
ENSG00000187116,-0.254511,-1.01305,,
ENSG00000187122,,1.57988,4.47928,4.28447
ENSG00000187123,,,-0.885008,
ENSG00000187140,,,1.16265,
ENSG00000187144,,,-1.17588,
ENSG00000187147,,,2.1504,
ENSG00000187186,,0.236717,-2.22752,-1.40771
ENSG00000187231,-0.320077,-0.456695,,
ENSG00000187240,1.24268,,1.49053,
ENSG00000187242,,,0.297105,
ENSG00000187257,,,-0.656414,
ENSG00000187266,3.89999,2.31727,,
ENSG00000187323,,,-1.01945,
ENSG00000187372,,,1.6547,
ENSG00000187475,,-2.29175,,
ENSG00000187479,,0.504826,0.21097,0.506144
ENSG00000187492,,,0.6754,
ENSG00000187498,0.597383,,-0.609856,
ENSG00000187510,,,1.47741,
ENSG00000187514,,0.794106,,
ENSG00000187527,,,0.391636,
ENSG00000187553,,,-0.124931,
ENSG00000187556,,,-2.32486,
ENSG00000187566,1.86824,2.22125,,
ENSG00000187581,,,-0.141743,
ENSG00000187583,-3.24333,1.26888,,
ENSG00000187607,-2.2277,,,
ENSG00000187616,,,0.367301,
ENSG00000187626,-12.2894,,,
ENSG00000187630,0.976072,,0.162423,
ENSG00000187664,,,6.7691,
ENSG00000187672,,,2.1446,
ENSG00000187699,,,0.153969,
ENSG00000187715,,,0.414492,
ENSG00000187730,,1.46275,,
ENSG00000187736,,2.11131,-0.594085,1.07284
ENSG00000187753,,,-0.765106,
ENSG00000187758,,-0.471776,,
ENSG00000187773,,,1.14537,
ENSG00000187790,,,1.2836,
ENSG00000187796,0.69417,0.965453,,
ENSG00000187801,-1.74561,,-0.00737934,
ENSG00000187838,,0.639087,,
ENSG00000187840,-3.15777,,,
ENSG00000187867,,,0.20232,
ENSG00000187912,,0.662624,,
ENSG00000187922,,,-0.756323,
ENSG00000187942,0.125029,0.6178,,
ENSG00000187950,,,-0.52249,
ENSG00000187951,,,0.231728,
ENSG00000187954,1.46515,-0.153588,,
ENSG00000187955,,1.91574,1.64472,2.51763
ENSG00000187957,,,1.88827,
ENSG00000187959,,,0.340132,
ENSG00000187980,,-1.61188,,
ENSG00000187987,,,-7.6281,
ENSG00000187994,-3.13338,-0.181673,,
ENSG00000188000,,,-0.46702,
ENSG00000188001,,,-0.214104,
ENSG00000188010,,,-3.45448,
ENSG00000188033,-0.877248,1.10319,,
ENSG00000188037,,1.96457,,
ENSG00000188038,,-0.869894,-0.869894,-1.23022
ENSG00000188039,,,-0.597927,
ENSG00000188042,,,-0.144935,
ENSG00000188056,0.466305,,0.631842,
ENSG00000188086,,,-1.58798,
ENSG00000188092,-2.66687,,,
ENSG00000188095,,,-0.0561657,
ENSG00000188100,,,-2.32384,
ENSG00000188112,,,0.220821,
ENSG00000188133,,,-2.16625,
ENSG00000188152,3.41113,0.288596,,
ENSG00000188157,-1.37396,,-0.386941,
ENSG00000188163,,,-1.4186,
ENSG00000188167,,0.374478,,
ENSG00000188175,,,-1.09191,
ENSG00000188176,,,-1.17748,
ENSG00000188177,-0.259185,,,
ENSG00000188191,1.49516,,0.35111,
ENSG00000188199,-1.44395,-2.94587,,
ENSG00000188215,,,-0.072402,
ENSG00000188234,0.241593,,,
ENSG00000188243,-2.24702,,0.430597,
ENSG00000188257,,1.25917,0.875909,1.50973
ENSG00000188266,,-5.08942,,
ENSG00000188269,,,0.337066,
ENSG00000188277,,,-0.0471844,
ENSG00000188312,-1.86535,,-1.70103,
ENSG00000188338,,,1.48309,
ENSG00000188343,,,0.0947795,
ENSG00000188352,-0.468906,,1.92333,
ENSG00000188375,,1.59068,,
ENSG00000188396,,-1.12295,,
ENSG00000188404,,-0.14377,,
ENSG00000188452,-1.07379,,0.27684,
ENSG00000188483,,,1.16729,
ENSG00000188487,,-1.91348,,
ENSG00000188488,,,-1.97674,
ENSG00000188501,,,-0.783928,
ENSG00000188511,1.56906,0.396444,,
ENSG00000188517,,,1.72791,
ENSG00000188522,5.99771,,-0.021672,
ENSG00000188523,,,-0.827531,
ENSG00000188529,-0.383721,,,
ENSG00000188573,,,-0.593004,
ENSG00000188585,,,-1.82942,
ENSG00000188596,,,2.58616,
ENSG00000188611,,,-1.20511,
ENSG00000188613,,,0.269987,
ENSG00000188626,,,1.86913,
ENSG00000188629,,,0.979817,
ENSG00000188636,-1.4705,-1.11577,,
ENSG00000188643,,,-0.662624,
ENSG00000188659,,,-3.24039,
ENSG00000188707,-0.0547524,,-0.497153,
ENSG00000188710,,1.24254,,
ENSG00000188735,0.831209,,0.0649026,
ENSG00000188738,,,0.459756,
ENSG00000188739,1.54302,,-2.11646,
ENSG00000188760,-2.0306,,0.244605,
ENSG00000188766,,-1.05162,0.916152,-0.0957931
ENSG00000188783,,,0.428738,
ENSG00000188786,,-2.36556,,
ENSG00000188803,,,-1.13113,
ENSG00000188822,,0.19704,,
ENSG00000188833,,,1.28322,
ENSG00000188883,,,1.36968,
ENSG00000188886,,-2.13077,,
ENSG00000188910,,-1.26584,-0.37976,-1.16362
ENSG00000188916,,,1.28191,
ENSG00000188958,,,0.607013,
ENSG00000188959,0.0272239,,-0.133596,
ENSG00000188981,,,0.0326038,
ENSG00000188992,,,-0.558663,
ENSG00000188993,,,0.0987156,
ENSG00000188996,,-2.16751,-2.16751,-3.06533
ENSG00000189013,3.05967,,,
ENSG00000189045,-2.68319,-4.08417,,
ENSG00000189051,,,-2.22809,
ENSG00000189058,,,-0.362833,
ENSG00000189060,-0.0921345,,-0.732531,
ENSG00000189067,,-1.16641,,
ENSG00000189068,,-0.92085,,
ENSG00000189079,,,0.913547,
ENSG00000189091,1.32069,,-0.410758,
ENSG00000189114,-0.705996,0.274771,,
ENSG00000189120,,,-0.764578,
ENSG00000189127,,2.10043,,
ENSG00000189144,,,0.780279,
ENSG00000189157,,,-3.87494,
ENSG00000189164,,,0.709777,
ENSG00000189180,,-0.521915,,
ENSG00000189196,,,-0.427214,
ENSG00000189238,,0.44528,,
ENSG00000189266,-0.963537,,,
ENSG00000189283,,,-1.80975,
ENSG00000189319,,-1.25028,,
ENSG00000189334,,0.685231,0.0400347,0.51284
ENSG00000189339,0.0590581,2.77794,,
ENSG00000189366,-1.73964,,-1.38132,
ENSG00000189367,,1.16298,1.39077,1.80577
ENSG00000189410,,,-1.0902,
ENSG00000189431,,,-1.1796,
ENSG00000196071,,,0.687518,
ENSG00000196083,,0.322098,,
ENSG00000196091,,-0.650668,,
ENSG00000196096,,,-3.15275,
ENSG00000196104,,,-1.40517,
ENSG00000196109,,,0.744169,
ENSG00000196126,-7.88839,,,
ENSG00000196141,4.83882,,,
ENSG00000196159,,,-0.760877,
ENSG00000196169,,-0.357312,,
ENSG00000196182,3.14653,-2.28309,,
ENSG00000196196,,,-1.22744,
ENSG00000196220,,,3.42969,
ENSG00000196233,,,-0.207925,
ENSG00000196235,,,3.36823,
ENSG00000196260,,,2.55925,
ENSG00000196268,,-1.67479,,
ENSG00000196275,1.22219,,2.7341,
ENSG00000196290,0.160481,,,
ENSG00000196296,2.50956,,2.59836,
ENSG00000196305,-1.29726,,,
ENSG00000196312,-0.0616711,,,
ENSG00000196323,-3.63902,0.633669,,
ENSG00000196335,,,-3.16426,
ENSG00000196337,,,-0.946817,
ENSG00000196358,,,-0.675819,
ENSG00000196361,,,-1.04541,
ENSG00000196366,,1.35123,,
ENSG00000196367,,,1.2403,
ENSG00000196369,-0.587142,,,
ENSG00000196387,-1.83951,,,
ENSG00000196391,,,1.16487,
ENSG00000196396,2.48228,-1.71846,,
ENSG00000196437,,0.151125,,
ENSG00000196449,,1.20828,,
ENSG00000196456,1.46008,0.735683,,
ENSG00000196458,-2.43852,,,
ENSG00000196466,2.17821,,-1.24735,
ENSG00000196470,,1.42153,,
ENSG00000196482,,,-0.762292,
ENSG00000196503,,,-2.46182,
ENSG00000196542,,-4.19814,,
ENSG00000196547,-2.75735,-0.709327,,
ENSG00000196549,-0.374317,-0.450772,,
ENSG00000196565,0.609991,,1.17922,
ENSG00000196581,,,-1.13196,
ENSG00000196588,,1.10998,,
ENSG00000196616,,1.68454,-0.656717,0.726784
ENSG00000196639,,,-1.02819,
ENSG00000196642,,,0.644502,
ENSG00000196646,,,1.42489,
ENSG00000196659,-1.06371,-0.366639,,
ENSG00000196660,,,0.0967307,
ENSG00000196666,,,-1.6462,
ENSG00000196735,7.31131,,2.87503,
ENSG00000196739,0.241743,,0.242612,
ENSG00000196754,,,-0.284845,
ENSG00000196782,,0.644169,,
ENSG00000196787,,-1.44087,,
ENSG00000196850,3.69751,,4.12284,
ENSG00000196866,,-0.37403,,
ENSG00000196912,1.69579,,,
ENSG00000196917,,,-0.67548,
ENSG00000196923,-0.439252,-2.08442,,
ENSG00000196932,,,2.18445,
ENSG00000197013,-0.963688,0.038684,,
ENSG00000197019,0.354229,,1.37533,
ENSG00000197024,,-2.35097,,
ENSG00000197044,,,-2.33732,
ENSG00000197045,,,0.654247,
ENSG00000197050,-0.999372,0.441535,,
ENSG00000197061,,3.84415,,
ENSG00000197077,-3.67617,-1.74804,,
ENSG00000197079,,,0.185898,
ENSG00000197106,,,1.29029,
ENSG00000197111,,0.986196,,
ENSG00000197119,0.93694,1.00542,,
ENSG00000197140,,,0.405158,
ENSG00000197168,,,-1.23685,
ENSG00000197170,,,-0.222661,
ENSG00000197181,1.28241,,0.988919,
ENSG00000197182,0.86629,,0.484148,
ENSG00000197208,,2.94413,,
ENSG00000197223,,,0.0843345,
ENSG00000197245,,-1.56826,-1.34353,-2.05895
ENSG00000197251,,,-0.723908,
ENSG00000197261,,,-0.0866972,
ENSG00000197265,1.78383,,1.44578,
ENSG00000197272,2.24134,0.50337,,
ENSG00000197275,,,0.752448,
ENSG00000197291,,,1.12752,
ENSG00000197296,-1.18317,0.210344,,
ENSG00000197299,,0.758821,,
ENSG00000197323,-4.8054,-2.15767,,
ENSG00000197329,0.22543,,-0.741523,
ENSG00000197345,1.42009,2.21709,,
ENSG00000197353,,-0.426652,,
ENSG00000197360,,,-0.385086,
ENSG00000197376,,,-2.11666,
ENSG00000197415,0.679066,,1.06865,
ENSG00000197429,0.698265,,0.837673,
ENSG00000197442,,-0.68204,,
ENSG00000197467,,-0.314953,,
ENSG00000197472,,0.0431798,,
ENSG00000197479,,,-2.4569,
ENSG00000197483,,-0.990631,,
ENSG00000197496,,,-0.0221351,
ENSG00000197506,0.34149,-1.48766,,
ENSG00000197536,1.47635,-0.0147009,,
ENSG00000197557,-0.993987,,-0.152145,
ENSG00000197566,2.94534,,1.53596,
ENSG00000197576,,0.117252,-0.0996807,0.0124245
ENSG00000197594,,,0.73876,
ENSG00000197601,-1.20429,,,
ENSG00000197608,,,-0.186729,
ENSG00000197614,,0.522335,0.867399,0.98269
ENSG00000197635,,,-0.833116,
ENSG00000197694,3.84549,,,
ENSG00000197696,6.04186,,,
ENSG00000197702,-0.785879,0.970532,,
ENSG00000197713,,,-0.886424,
ENSG00000197714,,,-0.476012,
ENSG00000197728,-0.647263,,,
ENSG00000197746,-1.15281,,-2.32287,
ENSG00000197747,0.808466,,-1.10182,
ENSG00000197748,,,-1.89026,
ENSG00000197768,,,-0.964937,
ENSG00000197769,,,0.0957878,
ENSG00000197774,,-2.19849,,
ENSG00000197776,,,0.86277,
ENSG00000197785,-1.58037,,2.07484,
ENSG00000197790,,0.987946,,
ENSG00000197813,0.100331,0.378223,,
ENSG00000197822,,,-0.383754,
ENSG00000197837,,,3.0186,
ENSG00000197858,0.211864,,,
ENSG00000197859,-2.11783,,-2.11491,
ENSG00000197860,,-0.864821,,
ENSG00000197872,,,-0.660512,
ENSG00000197879,-1.64346,-0.159455,,
ENSG00000197888,,-0.571615,,
ENSG00000197889,,,-0.671557,
ENSG00000197892,,0.0803378,,
ENSG00000197893,,-0.508563,0.508563,0
ENSG00000197905,,-0.291684,-0.291684,-0.412503
ENSG00000197912,6.96636,1.70103,,
ENSG00000197915,,,-1.87977,
ENSG00000197930,2.58595,,,
ENSG00000197935,,,-0.609902,
ENSG00000197971,0.757386,,,
ENSG00000197977,,,0.160981,
ENSG00000197980,,,0.779284,
ENSG00000197982,,-0.166028,,
ENSG00000197992,-0.718147,-0.113237,,
ENSG00000198001,,,0.75601,
ENSG00000198003,,0.362327,,
ENSG00000198019,1.5113,,,
ENSG00000198028,,,1.39815,
ENSG00000198040,-1.723,,,
ENSG00000198046,,,-0.561892,
ENSG00000198074,,-0.517254,,
ENSG00000198075,,,0.850646,
ENSG00000198081,,,0.572716,
ENSG00000198092,,,-0.778782,
ENSG00000198099,,-1.3871,-1.07087,-1.73804
ENSG00000198108,,,2.40643,
ENSG00000198125,,1.08183,,
ENSG00000198130,-0.763924,0.341421,,
ENSG00000198176,,,-0.831745,
ENSG00000198185,,,1.20375,
ENSG00000198203,,,-0.566877,
ENSG00000198242,,,0.246932,
ENSG00000198298,,,-0.0312594,
ENSG00000198300,,,-1.91053,
ENSG00000198301,,0.704467,,
ENSG00000198342,,4.37841,,
ENSG00000198369,0.599205,0.368316,,
ENSG00000198373,,-0.170971,,
ENSG00000198382,-0.0826116,0.612819,,
ENSG00000198393,1.60417,,,
ENSG00000198431,-3.95612,-3.43709,,
ENSG00000198454,,,0.176824,
ENSG00000198478,,,-1.54754,
ENSG00000198483,1.13297,-0.866705,,
ENSG00000198498,-1.94268,-0.0069441,,
ENSG00000198502,0.987793,-5.91453,,
ENSG00000198515,,,-1.67989,
ENSG00000198520,-1.50607,,-1.79115,
ENSG00000198523,,-0.841997,-1.00424,-1.30549
ENSG00000198535,,,-1.12509,
ENSG00000198538,,,-0.734968,
ENSG00000198542,,,0.991549,
ENSG00000198546,,,-1.05022,
ENSG00000198547,,,1.42489,
ENSG00000198551,,,0.423106,
ENSG00000198553,0.402423,,,
ENSG00000198569,,,-0.660949,
ENSG00000198589,,,-0.921382,
ENSG00000198604,,,-1.29288,
ENSG00000198612,-1.13852,,-0.154,
ENSG00000198626,,,0.352873,
ENSG00000198633,,,0.81049,
ENSG00000198642,-3.32178,,2.53733,
ENSG00000198643,,-1.21896,,
ENSG00000198646,,,-1.28179,
ENSG00000198648,-1.35583,,-1.8166,
ENSG00000198650,,2.21477,1.03495,2.2979
ENSG00000198663,,,0.842962,
ENSG00000198668,,0.759887,,
ENSG00000198719,-2.9511,,-1.51724,
ENSG00000198720,,,-1.06624,
ENSG00000198723,,,-1.67041,
ENSG00000198736,,,0.179371,
ENSG00000198740,0.0203853,,-1.24426,
ENSG00000198742,-2.1014,,1.04755,
ENSG00000198743,,,1.97713,
ENSG00000198754,-1.99418,,0.124216,
ENSG00000198768,,,2.38766,
ENSG00000198774,,,2.13958,
ENSG00000198793,,0.300996,,
ENSG00000198794,0.163218,,2.1938,
ENSG00000198795,,-0.892842,,
ENSG00000198822,,,2.22631,
ENSG00000198826,-3.06353,-1.36088,,
ENSG00000198829,,1.08901,,
ENSG00000198836,,0.354494,,
ENSG00000198838,,,-1.03221,
ENSG00000198842,,,2.16408,
ENSG00000198844,,,1.87366,
ENSG00000198851,,-2.27175,,
ENSG00000198854,,,-0.621736,
ENSG00000198855,,,-1.02862,
ENSG00000198858,,,-1.228,
ENSG00000198862,,,-1.75236,
ENSG00000198873,-1.04786,,,
ENSG00000198876,,0.245215,,
ENSG00000198887,,-2.23396,,
ENSG00000198890,1.17277,,-1.01792,
ENSG00000198894,-0.666962,-0.839456,,
ENSG00000198911,,,2.43231,
ENSG00000198915,,,0.159872,
ENSG00000198931,-5.56105,-0.601909,,
ENSG00000198937,,,0.691605,
ENSG00000198954,2.32478,,2.33655,
ENSG00000198963,,,-0.484643,
ENSG00000203279,,-2.11221,-2.16116,-3.02173
ENSG00000203356,,,-2.1613,
ENSG00000203499,,,-0.592422,
ENSG00000203546,,,2.26644,
ENSG00000203667,-0.617105,-0.468712,,
ENSG00000203668,2.10834,,2.47578,
ENSG00000203684,,,1.20747,
ENSG00000203685,,,-1.28755,
ENSG00000203688,,,0.168177,
ENSG00000203709,,0.36108,,
ENSG00000203711,,,-1.72104,
ENSG00000203721,,-1.42035,,
ENSG00000203724,,0.336909,0.336909,0.476461
ENSG00000203727,,,0,
ENSG00000203730,,,2.45235,
ENSG00000203734,,,-0.715492,
ENSG00000203757,,-0.0114937,,
ENSG00000203782,,-0.979973,,
ENSG00000203785,,0.3988,0.3988,0.563989
ENSG00000203805,,,0.103402,
ENSG00000203814,2.64759,,,
ENSG00000203867,,,0.625673,
ENSG00000203877,,,-0.867966,
ENSG00000203883,,1.58605,,
ENSG00000203896,,-1.38388,-1.48163,-2.02622
ENSG00000203907,,,0.549012,
ENSG00000203908,,,1.38493,
ENSG00000203942,,,-0.847015,
ENSG00000203943,,,0.0594608,
ENSG00000203995,,,-0.830437,
ENSG00000204020,,-0.573981,,
ENSG00000204060,,-2.61703,,
ENSG00000204070,,0.235577,,
ENSG00000204099,,-0.258312,-0.113725,-0.263069
ENSG00000204103,-0.648287,-1.83147,,
ENSG00000204128,,,0.165682,
ENSG00000204149,0.0209577,,-1.02441,
ENSG00000204217,1.74186,1.23497,,
ENSG00000204220,,,3.79293,
ENSG00000204256,-1.12978,,1.00027,
ENSG00000204277,,0.979784,,
ENSG00000204287,,,-1.01758,
ENSG00000204290,,,-1.01315,
ENSG00000204304,13.1259,9.62917,,
ENSG00000204334,,,-0.0338199,
ENSG00000204335,,,-0.467472,
ENSG00000204345,,0.652869,,
ENSG00000204362,,,-1.98383,
ENSG00000204366,0.0253598,,10.6827,
ENSG00000204370,,-0.771208,,
ENSG00000204371,,1.72761,,
ENSG00000204385,,-6.63796,6.61579,-0.0156778
ENSG00000204388,5.0621,,-2.86633,
ENSG00000204389,,,7.75321,
ENSG00000204390,,1.25549,,
ENSG00000204427,7.07279,,5.96444,
ENSG00000204428,0.514698,,,
ENSG00000204442,,,-3.39149,
ENSG00000204446,,,1.53517,
ENSG00000204514,0.0249247,0.0354749,,
ENSG00000204519,,,-0.567897,
ENSG00000204531,7.2906,,-6.49473,
ENSG00000204540,,,2.41709,
ENSG00000204544,,,0.633026,
ENSG00000204560,-6.34466,,-1.06491,
ENSG00000204572,,,1.11397,
ENSG00000204574,,,-0.0133831,
ENSG00000204583,,,0.365565,
ENSG00000204592,,-1.54946,,
ENSG00000204610,,3.43925,,
ENSG00000204611,,,-1.42917,
ENSG00000204613,,10.8645,,
ENSG00000204614,,1.57713,,
ENSG00000204625,-6.30475,,-0.436891,
ENSG00000204655,,-4.4028,-1.87253,-4.43732
ENSG00000204657,,-8.76534,-2.12168,-7.69829
ENSG00000204677,2.05477,,-1.17342,
ENSG00000204682,,,1.41788,
ENSG00000204687,,,1.15696,
ENSG00000204710,,1.49576,,
ENSG00000204740,,,0.745597,
ENSG00000204764,,,1.07456,
ENSG00000204815,0.574438,2.91871,,
ENSG00000204856,6.31148,10.6543,,
ENSG00000204866,,,-0.266894,
ENSG00000204876,,,1.50027,
ENSG00000204899,2.45014,,-0.944889,
ENSG00000204922,0.805461,-1.29738,,
ENSG00000204930,,,-0.199694,
ENSG00000204950,,,0.0218536,
ENSG00000204956,,,-1.79787,
ENSG00000204961,,,1.47359,
ENSG00000204962,,,-1.47359,
ENSG00000204963,,,4.02182,
ENSG00000204965,,,3.97793,
ENSG00000204967,,,15.6752,
ENSG00000204978,,,0.378947,
ENSG00000205037,,,-0.0439648,
ENSG00000205076,,,-0.78452,
ENSG00000205085,-4.27287,,-0.564464,
ENSG00000205086,,,0.102334,
ENSG00000205090,,1.45807,,
ENSG00000205106,,,2.76019,
ENSG00000205108,,,2.41994,
ENSG00000205116,,,-0.241603,
ENSG00000205133,-0.859077,-0.707826,,
ENSG00000205143,,,-2.56572,
ENSG00000205155,0.872364,1.37922,,
ENSG00000205177,,,-0.136344,
ENSG00000205189,,,-0.404549,
ENSG00000205209,,,-0.287491,
ENSG00000205212,,,1.06833,
ENSG00000205213,,-2.9539,,
ENSG00000205268,-0.955925,-0.962343,,
ENSG00000205302,0.478986,,0.351853,
ENSG00000205307,,0.211616,1.65714,1.32141
ENSG00000205323,0.869983,,2.03599,
ENSG00000205334,,,4.41627,
ENSG00000205358,,-0.203303,0.340614,0.0970937
ENSG00000205362,,-1.13471,-0.854276,-1.40643
ENSG00000205363,,,-1.135,
ENSG00000205364,,-0.579251,-0.659239,-0.875745
ENSG00000205403,,-0.678987,-2.2269,-2.05477
ENSG00000205413,,-0.217988,,
ENSG00000205423,,,1.27988,
ENSG00000205436,,,0.776582,
ENSG00000205502,,-0.81455,-0.938277,-1.23944
ENSG00000205571,0.489458,,,
ENSG00000205572,-0.969375,,,
ENSG00000205609,,,0.511004,
ENSG00000205622,,,-1.61348,
ENSG00000205629,,,-0.663207,
ENSG00000205632,,,0.179683,
ENSG00000205639,-3.85348,-0.361749,,
ENSG00000205693,,,-0.323799,
ENSG00000205730,,,-2.15562,
ENSG00000205754,,,-1.76222,
ENSG00000205784,-2.61683,,-4.36161,
ENSG00000205786,,0.546808,,
ENSG00000205795,,,0.536025,
ENSG00000205809,-1.17838,-2.18595,,
ENSG00000205810,,-0.314531,,
ENSG00000205832,,,-4.11238,
ENSG00000205838,,,0.671362,
ENSG00000205863,,,0.704292,
ENSG00000205981,,-6.85973,,
ENSG00000206047,,-0.5508,,
ENSG00000206053,2.178,,0.298069,
ENSG00000206077,0.68237,,0.750075,
ENSG00000206127,0.47988,,-0.266056,
ENSG00000206140,-2.49172,,,
ENSG00000206199,,,0.40814,
ENSG00000206432,,,-3.21907,
ENSG00000206532,,,-1.72276,
ENSG00000206538,,,-0.728375,
ENSG00000206559,,,-0.0692827,
ENSG00000206562,0.923595,,-0.42224,
ENSG00000206579,,,-3.22448,
ENSG00000211460,-0.404252,-2.44229,,
ENSG00000212124,,,-0.239394,
ENSG00000212126,,,-0.353725,
ENSG00000212128,,,-0.138014,
ENSG00000212643,,-1.60666,,
ENSG00000212864,,,-0.336179,
ENSG00000213015,-1.85565,,-2.47047,
ENSG00000213020,,,-0.051199,
ENSG00000213047,,,1.12578,
ENSG00000213062,,,1.09128,
ENSG00000213077,,-0.584582,-0.584582,-0.826724
ENSG00000213079,,,2.42063,
ENSG00000213088,,,-0.256266,
ENSG00000213096,-1.31494,,,
ENSG00000213190,-2.27856,-0.831727,,
ENSG00000213213,-0.383059,,-0.8403,
ENSG00000213231,,0.867137,,
ENSG00000213281,,1.51928,,
ENSG00000213339,0.462119,,-0.94267,
ENSG00000213341,-2.23283,,0.898002,
ENSG00000213373,,-0.403257,,
ENSG00000213380,3.29201,,3.61221,
ENSG00000213413,2.6702,,2.33344,
ENSG00000213424,,,0.391753,
ENSG00000213512,,,-0.058125,
ENSG00000213516,-0.773925,,-0.0388274,
ENSG00000213563,,,-0.120262,
ENSG00000213619,,,-1.55572,
ENSG00000213626,1.77716,-0.0492527,,
ENSG00000213654,,,0.346886,
ENSG00000213658,,0.741756,,
ENSG00000213672,-3.84506,,-1.27688,
ENSG00000213694,,,4.03671,
ENSG00000213714,,-0.0666867,,
ENSG00000213853,,,-0.0574569,
ENSG00000213886,,,-0.22861,
ENSG00000213903,,,-0.74747,
ENSG00000213923,,,-1.51356,
ENSG00000213927,,-0.78144,-1.97402,-1.9484
ENSG00000213937,-1.06785,,,
ENSG00000213973,,,1.6089,
ENSG00000213988,-1.59042,1.41172,,
ENSG00000213996,,,6.80183,
ENSG00000214022,,,0.542872,
ENSG00000214102,,,0.709135,
ENSG00000214146,,,-0.701207,
ENSG00000214160,,,-0.109173,
ENSG00000214189,,,1.43204,
ENSG00000214193,-0.130633,,-1.92208,
ENSG00000214194,-1.92665,,-0.899513,
ENSG00000214290,,,-0.137853,
ENSG00000214300,,1.07274,,
ENSG00000214309,-0.275884,,,
ENSG00000214338,,,1.72784,
ENSG00000214367,0.998525,,,
ENSG00000214376,,,0.916215,
ENSG00000214491,,,1.90958,
ENSG00000214510,,,-0.548271,
ENSG00000214517,0.187287,-0.186196,,
ENSG00000214534,,,-1.05249,
ENSG00000214548,,-2.36963,,
ENSG00000214562,-0.0885561,0.772739,,
ENSG00000214575,,,-4.70582,
ENSG00000214595,-3.06304,,-1.88032,
ENSG00000214652,,,-2.08061,
ENSG00000214654,-1.27858,,,
ENSG00000214694,,,2.75721,
ENSG00000214700,,,-0.845397,
ENSG00000214711,2.07022,,-0.761082,
ENSG00000214753,-0.849815,,,
ENSG00000214803,,0.078239,,
ENSG00000214866,,,1.10511,
ENSG00000214894,-10.7991,-9.0048,,
ENSG00000214955,,,1.411,
ENSG00000214960,,,2.44717,
ENSG00000215018,,,-0.178362,
ENSG00000215186,,,0.909306,
ENSG00000215187,-2.22743,0.206082,,
ENSG00000215218,,,-0.887999,
ENSG00000215241,,0.571745,0.264064,0.591007
ENSG00000215251,,,0.570201,
ENSG00000215712,-0.693496,0.398393,,
ENSG00000215790,0.222781,,1.11507,
ENSG00000215808,,,0.249725,
ENSG00000215817,,,-0.769,
ENSG00000215866,,,1.36978,
ENSG00000216588,,0.264618,,
ENSG00000217128,,1.01919,,
ENSG00000217442,,0.0477061,,
ENSG00000219435,,,-2.54198,
ENSG00000219438,,,-0.641442,
ENSG00000220161,4.48932,,1.47078,
ENSG00000221571,,1.26694,1.24195,1.77405
ENSG00000221818,,,-0.538431,
ENSG00000221829,-3.22292,,-0.612418,
ENSG00000221866,,-1.4039,,
ENSG00000221869,-0.831312,,,
ENSG00000221883,,3.18934,,
ENSG00000221887,,,1.13642,
ENSG00000221909,0.966361,,1.43532,
ENSG00000221914,,-2.23002,,
ENSG00000221926,3.34813,1.79594,,
ENSG00000221946,,,-1.02161,
ENSG00000221947,,,1.31495,
ENSG00000221953,,,-0.289265,
ENSG00000221955,,,0.827038,
ENSG00000221972,,,0.48631,
ENSG00000221978,-1.7373,,,
ENSG00000221986,,,-0.471079,
ENSG00000222004,,-0.231834,,
ENSG00000222011,-2.17316,-1.64625,,
ENSG00000222014,,,-0.863092,
ENSG00000223382,,,-1.34146,
ENSG00000223403,,,0.217042,
ENSG00000223414,,,1.00353,
ENSG00000223443,,,-1.44976,
ENSG00000223485,,,-1.86172,
ENSG00000223504,,,-0.293747,
ENSG00000223561,,,0.793843,
ENSG00000223601,,,0.337049,
ENSG00000223658,,,0.610228,
ENSG00000223751,,,-0.351728,
ENSG00000223802,,,-1.25058,
ENSG00000223823,,0.314718,,
ENSG00000223842,,,-0.0465023,
ENSG00000224023,,,0.622752,
ENSG00000224032,-1.0817,,,
ENSG00000224034,,0.628276,,
ENSG00000224132,,,-0.179809,
ENSG00000224137,,-2.99701,,
ENSG00000224177,,0.956647,,
ENSG00000224222,,,2.28321,
ENSG00000224239,,,-2.68578,
ENSG00000224243,,,-1.27087,
ENSG00000224259,,0.664645,-0.19514,0.33199
ENSG00000224307,,,2.78426,
ENSG00000224413,,,0.454255,
ENSG00000224420,,1.77645,,
ENSG00000224478,,-0.541539,,
ENSG00000224531,,,-0.110517,
ENSG00000224549,,,-9.97372,
ENSG00000224577,,,-0.913224,
ENSG00000224652,,0.207682,,
ENSG00000224687,,,-1.05533,
ENSG00000224715,,,0.807352,
ENSG00000224790,,,0.0383932,
ENSG00000224795,,,-1.12135,
ENSG00000224810,,,-1.41505,
ENSG00000224843,,,-8.88166,
ENSG00000224848,,,-0.67167,
ENSG00000224914,1.27555,,,
ENSG00000224939,,,1.06912,
ENSG00000224957,,,-0.057636,
ENSG00000225028,,,2.23315,
ENSG00000225039,,,0.203917,
ENSG00000225096,,,2.081,
ENSG00000225180,,,-2.81764,
ENSG00000225194,1.60852,,2.24425,
ENSG00000225231,,-1.11263,,
ENSG00000225285,,,0.797069,
ENSG00000225383,,,-0.00934533,
ENSG00000225411,-1.3346,,,
ENSG00000225434,0.0964834,1.52592,,
ENSG00000225446,,,-4.0088,
ENSG00000225498,,,-1.40792,
ENSG00000225511,,,2.8855,
ENSG00000225518,,,1.19905,
ENSG00000225526,,,-0.84064,
ENSG00000225528,,1.61629,,
ENSG00000225554,,,-0.920128,
ENSG00000225556,,,0.729004,
ENSG00000225614,,0.403523,,
ENSG00000225643,,-0.00934626,,
ENSG00000225697,4.67192,,4.24284,
ENSG00000225706,,,-0.88517,
ENSG00000225746,,,0.794505,
ENSG00000225793,,-0.1809,,
ENSG00000225880,1.56459,,,
ENSG00000225921,3.29742,,,
ENSG00000225932,,,0.881851,
ENSG00000225948,,0.831835,,
ENSG00000226067,-4.81209,,,
ENSG00000226091,,0.550767,0.485003,0.7324
ENSG00000226101,,,-0.0588412,
ENSG00000226133,,,2.27286,
ENSG00000226174,0.855394,,-0.698821,
ENSG00000226194,,,-0.201961,
ENSG00000226197,,,-0.233785,
ENSG00000226237,,,1.12358,
ENSG00000226302,,,-0.449661,
ENSG00000226308,,,1.29918,
ENSG00000226337,,-0.522956,,
ENSG00000226363,,,-2.83159,
ENSG00000226375,,,0.7476,
ENSG00000226380,-0.699987,,1.17136,
ENSG00000226383,,,-0.657952,
ENSG00000226409,,,1.4224,
ENSG00000226423,,-0.632119,,
ENSG00000226453,,,-0.179919,
ENSG00000226476,,,0.708489,
ENSG00000226578,,,-0.378406,
ENSG00000226669,,,-0.905567,
ENSG00000226686,,,-0.498561,
ENSG00000226761,,,0.62833,
ENSG00000226791,1.04442,,,
ENSG00000226792,,,-2.13586,
ENSG00000226808,,,0.94705,
ENSG00000226856,,,-2.66411,
ENSG00000226900,,,-0.41666,
ENSG00000226913,,,2.70696,
ENSG00000226935,,,-2.49013,
ENSG00000226995,,-0.347998,,
ENSG00000227017,,,0.153176,
ENSG00000227036,,,-0.462759,
ENSG00000227066,,,-1.9895,
ENSG00000227078,,,-5.07171,
ENSG00000227107,,-0.44482,-0.567053,-0.715502
ENSG00000227124,-2.30577,,-1.64,
ENSG00000227245,,,-1.36338,
ENSG00000227260,,,1.17245,
ENSG00000227292,,,-0.686266,
ENSG00000227345,-1.25272,,,
ENSG00000227373,,-0.712728,,
ENSG00000227388,,,-0.494518,
ENSG00000227467,,2.49444,,
ENSG00000227471,,,0.425121,
ENSG00000227502,,2.30372,-3.40742,-0.780428
ENSG00000227507,,0.375515,,
ENSG00000227508,,1.29585,,
ENSG00000227542,,,2.12931,
ENSG00000227544,,,0.390317,
ENSG00000227630,,,-0.473082,
ENSG00000227733,,,0.701797,
ENSG00000227744,,,-0.127368,
ENSG00000227885,,,-0.339289,
ENSG00000227888,,,-0.625297,
ENSG00000227920,,0.439778,,
ENSG00000227946,,,3.13151,
ENSG00000227947,,,-1.3792,
ENSG00000228022,,,2.31722,
ENSG00000228043,,-1.91234,1.6224,-0.205017
ENSG00000228049,,-0.511982,,
ENSG00000228065,,,-0.705431,
ENSG00000228126,,,-1.94222,
ENSG00000228140,,-0.900882,,
ENSG00000228221,,,-0.685545,
ENSG00000228223,,0.61514,,
ENSG00000228251,,,-2.56778,
ENSG00000228261,,,-2.62054,
ENSG00000228278,,0.0337129,,
ENSG00000228329,,-0.257162,,
ENSG00000228392,,,-0.165077,
ENSG00000228408,,,-0.615808,
ENSG00000228421,,,-2.68941,
ENSG00000228434,-1.28617,,,
ENSG00000228439,-2.07923,,0.990851,
ENSG00000228474,,,1.01666,
ENSG00000228484,,,1.84312,
ENSG00000228495,,,-1.5867,
ENSG00000228512,,0.979278,,
ENSG00000228526,,2.18297,,
ENSG00000228536,,,0.843917,
ENSG00000228541,,-0.314879,,
ENSG00000228549,,,0.366022,
ENSG00000228569,,,1.45645,
ENSG00000228570,0.121794,,1.26292,
ENSG00000228692,,-1.89939,,
ENSG00000228696,-4.38625,,0.505894,
ENSG00000228709,,,0.886437,
ENSG00000228716,0.754899,,0.180139,
ENSG00000228741,,,-0.612036,
ENSG00000228789,,,0.963582,
ENSG00000228800,,-1.24054,,
ENSG00000228817,,,0.113693,
ENSG00000228878,,,-2.76684,
ENSG00000229108,,,0.314167,
ENSG00000229117,,,-0.221696,
ENSG00000229160,,,0.149782,
ENSG00000229178,,,0.737026,
ENSG00000229246,,,0.639756,
ENSG00000229274,,,-9.08498,
ENSG00000229291,,,-1.32356,
ENSG00000229314,,0.139229,,
ENSG00000229321,,,0.66317,
ENSG00000229388,,,-3.41689,
ENSG00000229404,,,1.42952,
ENSG00000229453,,-2.99986,,
ENSG00000229520,,,-0.0939654,
ENSG00000229647,,1.00928,,
ENSG00000229654,,,0.141698,
ENSG00000229660,,,0.768058,
ENSG00000229676,,,-0.199302,
ENSG00000229694,,,-0.436841,
ENSG00000229809,,2.11806,,
ENSG00000229859,,-0.237386,,
ENSG00000229896,,,3.12218,
ENSG00000229921,,,-0.41847,
ENSG00000230013,,,-0.344923,
ENSG00000230131,,,0.0940377,
ENSG00000230257,,2.01464,,
ENSG00000230294,,,-0.131108,
ENSG00000230310,,,-1.21404,
ENSG00000230387,,-0.586457,-0.544583,-0.799766
ENSG00000230417,,,-1.29855,
ENSG00000230490,,,1.60274,
ENSG00000230510,,,-0.0296284,
ENSG00000230561,,,0.315636,
ENSG00000230563,,0.979361,-0.496697,0.341295
ENSG00000230615,,-1.59827,-1.59827,-2.26029
ENSG00000230658,,,-1.43804,
ENSG00000230676,,,-0.855206,
ENSG00000230699,,,-1.08653,
ENSG00000230709,,-0.157518,,
ENSG00000230724,,,-0.637141,
ENSG00000230805,,,0.746371,
ENSG00000230836,,,-0.352182,
ENSG00000230876,,,0.115454,
ENSG00000230939,,,0.372871,
ENSG00000230971,,,-0.670744,
ENSG00000231010,,,-1.24025,
ENSG00000231024,,,-0.922914,
ENSG00000231028,,,-0.163166,
ENSG00000231106,,,-1.39976,
ENSG00000231107,,,-1.09788,
ENSG00000231156,,,-1.06865,
ENSG00000231178,,,1.72341,
ENSG00000231246,,,-0.418682,
ENSG00000231252,,,2.43291,
ENSG00000231256,,,-0.316369,
ENSG00000231346,-0.747148,,,
ENSG00000231367,,,1.026,
ENSG00000231412,-0.235245,-0.496166,,
ENSG00000231437,0.173163,,1.77745,
ENSG00000231439,,-1.42101,,
ENSG00000231528,,,-0.12938,
ENSG00000231672,0.552817,,0.689479,
ENSG00000231680,,-0.258375,,
ENSG00000231682,,2.75343,,
ENSG00000231690,,,-1.77199,
ENSG00000231738,,,-0.195569,
ENSG00000231742,,,0.516291,
ENSG00000231768,,,1.1347,
ENSG00000231817,,,-0.0103046,
ENSG00000231826,,-0.730259,,
ENSG00000231842,,,1.96882,
ENSG00000231861,,,0.228295,
ENSG00000231887,,-0.86799,-0.296838,-0.823657
ENSG00000232023,,,0.29586,
ENSG00000232070,,,1.63244,
ENSG00000232098,-2.09827,,,
ENSG00000232125,,1.95726,,
ENSG00000232190,,,1.43686,
ENSG00000232196,,,1.78627,
ENSG00000232233,,,0.588719,
ENSG00000232237,,,0.229655,
ENSG00000232259,,1.19591,,
ENSG00000232300,,,3.61675,
ENSG00000232310,,,0.231022,
ENSG00000232311,1.01909,,,
ENSG00000232316,,,-0.839456,
ENSG00000232325,,-1.79469,,
ENSG00000232386,,,-0.750997,
ENSG00000232411,,,-2.18365,
ENSG00000232470,,,0.0101015,
ENSG00000232653,0.852003,,-1.18732,
ENSG00000232680,,0.546808,,
ENSG00000232710,,,6.70077,
ENSG00000232748,,0.659493,1.1593,1.28608
ENSG00000232837,,-1.12509,,
ENSG00000232838,,,-0.720027,
ENSG00000232903,,,0.555566,
ENSG00000232977,,,0.25642,
ENSG00000233056,,,1.08345,
ENSG00000233077,,0.695596,,
ENSG00000233081,,,-1.98397,
ENSG00000233117,,,-0.63962,
ENSG00000233154,,,-0.45248,
ENSG00000233200,,,1.79297,
ENSG00000233214,,0.546808,,
ENSG00000233232,,-2.02244,-1.60215,-2.56297
ENSG00000233237,,,-2.8571,
ENSG00000233354,,,1.54751,
ENSG00000233393,,,-1.08003,
ENSG00000233521,,,-0.465726,
ENSG00000233539,,,0.95272,
ENSG00000233569,,,2.014,
ENSG00000233608,,,1.1122,
ENSG00000233610,,,-0.192597,
ENSG00000233625,,,-2.17342,
ENSG00000233718,,,-0.230115,
ENSG00000233725,,,4.33044,
ENSG00000233754,,,1.26338,
ENSG00000233757,,,0.757526,
ENSG00000233760,,,1.1565,
ENSG00000233878,,,-0.9493,
ENSG00000233922,,-0.638335,-0.788199,-1.00871
ENSG00000233926,,,-3.10772,
ENSG00000233954,-0.128137,,-0.0827523,
ENSG00000233967,,,0.27932,
ENSG00000234076,-1.18103,,,
ENSG00000234199,,-0.754485,,
ENSG00000234215,,,2.81263,
ENSG00000234224,,,0.144847,
ENSG00000234255,,,-0.487415,
ENSG00000234323,,,2.99521,
ENSG00000234350,,,1.94266,
ENSG00000234362,,,-0.931021,
ENSG00000234418,,,0.166542,
ENSG00000234426,,-1.43171,,
ENSG00000234471,,,-0.642307,
ENSG00000234492,,,-0.0603625,
ENSG00000234535,,,1.86954,
ENSG00000234546,,,2.18297,
ENSG00000234571,-3.59791,0.666124,,
ENSG00000234584,,,-0.229685,
ENSG00000234663,,0.466635,,
ENSG00000234690,,,-1.46682,
ENSG00000234754,,,1.02691,
ENSG00000234777,,,0.564207,
ENSG00000234810,,,2.10359,
ENSG00000234817,,,0.761706,
ENSG00000234840,,,2.13501,
ENSG00000234906,,0.295261,-1.42517,-0.798966
ENSG00000234917,,,-0.412155,
ENSG00000234928,,,1.38436,
ENSG00000234965,,,3.34985,
ENSG00000235049,,,-0.320843,
ENSG00000235052,,,-1.37395,
ENSG00000235100,,,4.36622,
ENSG00000235106,-1.57015,,,
ENSG00000235151,,-0.324065,-2.07393,-1.69564
ENSG00000235159,,,-2.59563,
ENSG00000235173,-0.528322,,,
ENSG00000235209,,,-0.898979,
ENSG00000235271,-0.869976,-0.691605,,
ENSG00000235314,-0.749388,,-1.14822,
ENSG00000235358,,,-1.64477,
ENSG00000235387,,,-1.50943,
ENSG00000235453,,0.00677898,,
ENSG00000235478,-1.16543,-1.39171,,
ENSG00000235532,,1.33324,,
ENSG00000235576,-0.041686,,,
ENSG00000235615,,,1.12754,
ENSG00000235621,,-1.4589,,
ENSG00000235711,,,-1.51114,
ENSG00000235770,,,-0.636376,
ENSG00000235863,,,-1.27415,
ENSG00000235884,,,-0.22945,
ENSG00000235933,,,0.117577,
ENSG00000235947,,,-0.0431797,
ENSG00000235997,,,0.360273,
ENSG00000236008,,-1.64953,,
ENSG00000236013,,,2.08294,
ENSG00000236028,,,0.224944,
ENSG00000236039,,,0.262693,
ENSG00000236081,,-0.509259,,
ENSG00000236173,,,1.90346,
ENSG00000236204,,,0.629874,
ENSG00000236209,,,-0.352182,
ENSG00000236318,,,-0.65109,
ENSG00000236383,-2.40894,-2.52775,,
ENSG00000236444,,,0.556248,
ENSG00000236485,,,0.408671,
ENSG00000236499,3.32842,,0.88103,
ENSG00000236714,,,1.79585,
ENSG00000236740,,,-0.781532,
ENSG00000236782,,,0.362491,
ENSG00000236790,,0.281382,,
ENSG00000236849,,,0.378326,
ENSG00000236908,,,0.379831,
ENSG00000236914,,,-0.526534,
ENSG00000236924,,,-2.22028,
ENSG00000236990,,,-0.188365,
ENSG00000237021,,,-0.0823558,
ENSG00000237153,,,1.89805,
ENSG00000237212,,,-1.63221,
ENSG00000237232,,-0.407626,-0.738499,-0.810433
ENSG00000237248,-1.04825,0.648631,,
ENSG00000237352,,,-0.225474,
ENSG00000237372,,1.96417,-1.64231,0.227594
ENSG00000237419,,,-3.3998,
ENSG00000237422,,,-1.27969,
ENSG00000237441,,,3.07386,
ENSG00000237476,1.3581,1.98372,,
ENSG00000237491,-0.484871,,,
ENSG00000237523,,,0.606976,
ENSG00000237560,,,-0.178969,
ENSG00000237609,,0.679172,,
ENSG00000237649,3.29649,,,
ENSG00000237651,,-0.117044,-0.298463,-0.293807
ENSG00000237667,,,0.598105,
ENSG00000237721,,-1.75051,-0.781247,-1.79022
ENSG00000237807,,,-2.42958,
ENSG00000237949,,,-0.103618,
ENSG00000238042,,,0.0467407,
ENSG00000238083,-5.25048,,,
ENSG00000238201,,-2.50747,,
ENSG00000238217,,,-3.74998,
ENSG00000238266,,,-0.119121,
ENSG00000238290,,,0.318628,
ENSG00000239305,,,-0.571548,
ENSG00000239306,1.64748,,,
ENSG00000239332,0.840772,0.718833,,
ENSG00000239388,-2.73875,-2.50682,,
ENSG00000239389,,,-3.45656,
ENSG00000239467,,,-0.483624,
ENSG00000239474,,-0.278256,1.62933,0.955351
ENSG00000239605,,0.610385,,
ENSG00000239642,,0.783393,,
ENSG00000239704,-0.370443,1.06031,,
ENSG00000239789,,1.04039,,
ENSG00000239828,,,0.408689,
ENSG00000239839,-0.19009,-0.380135,,
ENSG00000239887,,-1.78605,,
ENSG00000239900,-2.84782,0.139661,,
ENSG00000239998,-2.13073,-2.56976,,
ENSG00000240045,,1.31657,-1.27513,0.0293034
ENSG00000240050,,,0.245534,
ENSG00000240303,,-0.511866,1.12154,0.431104
ENSG00000240350,,-0.106945,,
ENSG00000240405,,,2.43791,
ENSG00000240563,0.838388,,1.00664,
ENSG00000240567,,,-3.77385,
ENSG00000240654,,,0.283079,
ENSG00000240694,,,0.449321,
ENSG00000240707,,,-0.289563,
ENSG00000240720,,,-2.69805,
ENSG00000240747,,,-0.152947,
ENSG00000240849,,,0.338678,
ENSG00000240996,,,-2.48309,
ENSG00000241186,,,0.307613,
ENSG00000241231,,,0.29829,
ENSG00000241316,,,3.07597,
ENSG00000241322,,,-1.08691,
ENSG00000241360,0.770452,0.309927,,
ENSG00000241449,,,-1.55706,
ENSG00000241484,,1.00524,1.86594,2.03023
ENSG00000241553,0.340122,,,
ENSG00000241697,,-0.960376,0.908595,-0.0366146
ENSG00000241794,,1.24133,1.02489,1.60246
ENSG00000241935,,,2.56231,
ENSG00000241954,,,-0.764635,
ENSG00000242028,,,-1.19981,
ENSG00000242110,-0.606432,-0.556142,,
ENSG00000242114,,-2.62214,,
ENSG00000242173,,,-0.639805,
ENSG00000242220,,-0.053407,1.72433,1.18152
ENSG00000242258,,-0.999833,,
ENSG00000242259,,,1.18674,
ENSG00000242268,,,2.63299,
ENSG00000242441,,,-2.67776,
ENSG00000242553,2.28919,,1.6512,
ENSG00000242578,,,0.967335,
ENSG00000242715,,,-0.60689,
ENSG00000242866,,,-3.24195,
ENSG00000242950,,,-1.56931,
ENSG00000243056,,,0.623992,
ENSG00000243144,,-0.905208,,
ENSG00000243147,,,4.00916,
ENSG00000243232,,,2.79607,
ENSG00000243244,3.92277,,-2.19246,
ENSG00000243364,-3.48307,,,
ENSG00000243414,,,3.37167,
ENSG00000243444,,,0.472704,
ENSG00000243480,,,0.61909,
ENSG00000243491,,,-0.414055,
ENSG00000243509,,-0.521183,0.199576,-0.22741
ENSG00000243649,,,-2.09546,
ENSG00000243667,,,-1.13714,
ENSG00000243701,,,1.26152,
ENSG00000243710,,,-0.0645355,
ENSG00000243716,0.585631,,,
ENSG00000243749,,1.37069,0.659492,1.43556
ENSG00000243811,-0.417437,,-1.0537,
ENSG00000243819,,-0.768765,1.35782,0.416526
ENSG00000243910,,-0.0555778,,
ENSG00000243955,,-0.52911,1.34957,0.580154
ENSG00000243961,,,0.106404,
ENSG00000244005,,,1.19725,
ENSG00000244038,,,-0.371501,
ENSG00000244063,0.742579,,,
ENSG00000244355,,0.802112,,
ENSG00000244414,,,-0.825956,
ENSG00000244476,,,1.46974,
ENSG00000244623,,,-0.126506,
ENSG00000244649,,0.877894,,
ENSG00000244694,,,0.109667,
ENSG00000244733,-0.986768,,-2.94587,
ENSG00000244752,,,-0.988919,
ENSG00000244953,,,-0.752531,
ENSG00000245059,,,-0.946449,
ENSG00000245156,-3.55311,-1.13642,,
ENSG00000245164,,-2.11717,,
ENSG00000245330,,,-0.0537769,
ENSG00000245466,,1.1708,,
ENSG00000245468,,1.36839,0.0244615,0.984895
ENSG00000245571,,,-0.415063,
ENSG00000245651,,,0.471446,
ENSG00000245680,1.56858,0.424323,,
ENSG00000245694,,,-1.50013,
ENSG00000245750,,,1.45617,
ENSG00000245812,-2.13033,,3.62381,
ENSG00000245848,,0.034197,,
ENSG00000245975,,,0.136168,
ENSG00000246084,,0.0900028,,
ENSG00000246223,,,2.32829,
ENSG00000246331,,,2.9592,
ENSG00000246363,,0.700275,,
ENSG00000246375,,,-0.96219,
ENSG00000246379,,,0.552978,
ENSG00000246523,,,-0.381852,
ENSG00000246640,,,1.3238,
ENSG00000246705,,,3.23683,
ENSG00000246922,,,-0.0566208,
ENSG00000247011,,,-2.22967,
ENSG00000247315,,0.891691,-0.891691,0
ENSG00000247317,3.38083,,1.05449,
ENSG00000247595,,,-0.537012,
ENSG00000247624,,,2.22815,
ENSG00000247626,,,-0.247373,
ENSG00000247970,,,-0.0850724,
ENSG00000248103,,,1.16195,
ENSG00000248127,,,-1.59725,
ENSG00000248144,,-1.02277,-1.42427,-1.73032
ENSG00000248161,,,1.56873,
ENSG00000248174,,,-0.686178,
ENSG00000248265,,,-0.153045,
ENSG00000248323,,,0.539395,
ENSG00000248333,-0.313838,,2.94731,
ENSG00000248383,,,1.79362,
ENSG00000248385,,-0.476777,,
ENSG00000248408,,,-0.30422,
ENSG00000248441,,,-0.450783,
ENSG00000248455,,2.66888,,
ENSG00000248479,,,0.311435,
ENSG00000248508,1.38037,,-0.846503,
ENSG00000248516,,-0.481167,,
ENSG00000248540,,,1.63468,
ENSG00000248636,,,-1.23058,
ENSG00000248677,,,-0.0288041,
ENSG00000248698,,,-1.30044,
ENSG00000248727,2.04675,2.05407,,
ENSG00000248746,-3.68018,,-2.22995,
ENSG00000248787,,,-0.464912,
ENSG00000248866,,,-1.52227,
ENSG00000248869,,,0.916559,
ENSG00000248874,,,-0.429252,
ENSG00000248927,,,0.99984,
ENSG00000248994,,,-1.70401,
ENSG00000249158,,,-4.14862,
ENSG00000249159,,,-1.20359,
ENSG00000249173,,-0.839083,,
ENSG00000249242,,0.403745,-0.709482,-0.216189
ENSG00000249258,,,0.188729,
ENSG00000249328,,,0.275532,
ENSG00000249378,,,0.790235,
ENSG00000249396,,0.562078,,
ENSG00000249406,,,-0.427867,
ENSG00000249476,3.669,1.91832,,
ENSG00000249601,,-0.638155,,
ENSG00000249628,,,1.01117,
ENSG00000249664,,,0.799218,
ENSG00000249693,,,-0.854687,
ENSG00000249709,1.45371,-0.515232,,
ENSG00000249736,,,-1.74193,
ENSG00000249740,,,-0.61,
ENSG00000249751,,1.04257,1.58804,1.86012
ENSG00000249776,,,-1.0073,
ENSG00000249790,,0.279579,,
ENSG00000249797,,,-0.634004,
ENSG00000249806,,-1.2908,,
ENSG00000249816,,,-0.931122,
ENSG00000249926,,,-2.22207,
ENSG00000249931,1.72896,,,
ENSG00000249984,,,-0.335779,
ENSG00000250048,,,0.234964,
ENSG00000250056,,,-1.51441,
ENSG00000250072,,,1.22706,
ENSG00000250075,,,-1.61624,
ENSG00000250120,,,1.86689,
ENSG00000250125,,,-1.29769,
ENSG00000250156,,,-3.92273,
ENSG00000250230,,,2.08724,
ENSG00000250254,,,0.912982,
ENSG00000250274,,0.209264,,
ENSG00000250303,,,3.17596,
ENSG00000250305,,,1.6005,
ENSG00000250312,-1.26109,,-0.553017,
ENSG00000250317,,1.40365,,
ENSG00000250361,,3.83167,,
ENSG00000250378,,,-1.90742,
ENSG00000250421,,,-1.5926,
ENSG00000250427,,,-0.465726,
ENSG00000250486,,,-0.197507,
ENSG00000250508,,,2.00875,
ENSG00000250548,,0.67022,,
ENSG00000250635,,,3.05445,
ENSG00000250673,0.542101,,0.646847,
ENSG00000250708,,,-0.821625,
ENSG00000250722,,-1.45624,,
ENSG00000250748,,,-1.0185,
ENSG00000250790,,,-1.2452,
ENSG00000250829,,,2.27551,
ENSG00000250846,,,0.239075,
ENSG00000250889,-2.78437,0.231638,,
ENSG00000250891,,,-2.02882,
ENSG00000250899,,,-1.00943,
ENSG00000250957,,,-0.440687,
ENSG00000250969,,,-1.3163,
ENSG00000250971,,,2.04319,
ENSG00000250986,,,-0.28345,
ENSG00000251015,,,-0.574424,
ENSG00000251129,,2.22874,,
ENSG00000251136,0.819538,0.170175,,
ENSG00000251144,,,-0.465323,
ENSG00000251169,,,0.164503,
ENSG00000251209,,,0.12099,
ENSG00000251221,,1.12881,,
ENSG00000251226,,,2.98751,
ENSG00000251287,1.02986,1.79359,,
ENSG00000251322,,,2.76672,
ENSG00000251361,,,-0.727204,
ENSG00000251381,,1.08267,,
ENSG00000251387,,,1.30481,
ENSG00000251396,,,-3.77215,
ENSG00000251432,-1.09743,,0.7064,
ENSG00000251513,,1.29278,,
ENSG00000251532,,,0.0367849,
ENSG00000251562,,,-0.469446,
ENSG00000251575,,,1.68291,
ENSG00000251576,,-0.526623,,
ENSG00000251584,,-0.0559761,,
ENSG00000251600,,,-1.39106,
ENSG00000251632,,,0.222175,
ENSG00000251655,,,0.754057,
ENSG00000253159,,,2.06278,
ENSG00000253177,,,1.35277,
ENSG00000253182,,-0.9314,,
ENSG00000253214,,0.0886425,,
ENSG00000253251,-2.15165,-1.88929,,
ENSG00000253263,,,2.40618,
ENSG00000253293,,-1.07099,,
ENSG00000253304,,,0.621947,
ENSG00000253313,,,0.19886,
ENSG00000253317,,,1.17378,
ENSG00000253364,,-0.503895,,
ENSG00000253368,1.70647,,-2.83103,
ENSG00000253369,,,-0.84618,
ENSG00000253394,,3.12106,,
ENSG00000253426,,,-1.64453,
ENSG00000253476,,,0.258456,
ENSG00000253506,,-0.585949,-0.585949,-0.828657
ENSG00000253537,,,-0.683356,
ENSG00000253598,,,0.724915,
ENSG00000253626,0.534766,,,
ENSG00000253678,,,1.86439,
ENSG00000253686,,,-0.397834,
ENSG00000253704,0.0144565,-0.586175,,
ENSG00000253731,,,-1.87623,
ENSG00000253746,,,-0.429689,
ENSG00000253764,,,-0.531057,
ENSG00000253846,,,-0.828045,
ENSG00000253853,,,-1.34949,
ENSG00000253873,,,-1.8038,
ENSG00000253877,,,0.756266,
ENSG00000253910,,,-0.601012,
ENSG00000253953,,,1.36098,
ENSG00000253958,,-0.0227239,1.65291,1.15271
ENSG00000253972,,,0.659818,
ENSG00000253986,,0.456939,,
ENSG00000253988,,,0.160128,
ENSG00000254004,,,1.38451,
ENSG00000254006,,5.63382,,
ENSG00000254028,,,-1.9345,
ENSG00000254054,,2.0512,1.54686,2.54421
ENSG00000254093,,0.0740075,,
ENSG00000254139,,,-0.128575,
ENSG00000254186,,,0.73746,
ENSG00000254206,-7.7887,-4.01173,,
ENSG00000254221,,,1.32413,
ENSG00000254226,,,0.0697465,
ENSG00000254239,,,2.78519,
ENSG00000254245,,,-0.867598,
ENSG00000254319,,,-0.978555,
ENSG00000254333,,,-0.588536,
ENSG00000254339,,,0.290843,
ENSG00000254343,,,-0.478427,
ENSG00000254366,,,-0.87858,
ENSG00000254401,,,-1.69606,
ENSG00000254416,,,-1.08015,
ENSG00000254480,,,-0.0294609,
ENSG00000254505,,,0.31934,
ENSG00000254533,,,0.067215,
ENSG00000254585,,,-0.786008,
ENSG00000254615,-0.214808,-0.368999,,
ENSG00000254639,,4.24623,,
ENSG00000254648,,,3.43754,
ENSG00000254689,,,1.37656,
ENSG00000254695,,,0.184641,
ENSG00000254772,,0.368011,0.321756,0.487739
ENSG00000254789,,-0.717714,,
ENSG00000254847,,,1.18856,
ENSG00000254852,-2.88405,,0.0454636,
ENSG00000254872,,-0.494,-0.351943,-0.598172
ENSG00000254893,,,0.569209,
ENSG00000254946,,0.302522,,
ENSG00000255002,,,1.34205,
ENSG00000255008,,,2.63468,
ENSG00000255046,-2.47128,,,
ENSG00000255112,-2.15257,-0.35868,,
ENSG00000255121,,,-0.251766,
ENSG00000255142,-2.7854,,1.2951,
ENSG00000255146,,,-1.7232,
ENSG00000255160,,,-1.53312,
ENSG00000255221,,1.63318,,
ENSG00000255250,,,0.609761,
ENSG00000255274,,0.816632,0.265018,0.764842
ENSG00000255346,,,-0.0615878,
ENSG00000255363,,-0.867992,,
ENSG00000255364,,,-0.530873,
ENSG00000255366,,,2.27767,
ENSG00000255374,,,0.290715,
ENSG00000255408,,,4.8375,
ENSG00000255418,,,-0.229645,
ENSG00000255423,2.30764,,1.663,
ENSG00000255458,,,-1.32136,
ENSG00000255491,,,1.43101,
ENSG00000255571,,-3.31813,,
ENSG00000255621,,,-2.07253,
ENSG00000255670,,,2.12735,
ENSG00000255690,,,-0.582543,
ENSG00000255772,,,-0.679161,
ENSG00000255801,,0.0930746,,
ENSG00000255823,,,-1.3874,
ENSG00000255874,,,-2.28934,
ENSG00000255970,,,0.74747,
ENSG00000255974,0.889171,-1.03843,,
ENSG00000255992,,,0.733249,
ENSG00000256001,,,-0.62932,
ENSG00000256060,-1.76793,-0.991721,,
ENSG00000256061,,1.47387,2.32996,2.68972
ENSG00000256084,,,-0.590511,
ENSG00000256124,,,1.07499,
ENSG00000256162,,,-0.201936,
ENSG00000256188,,,0.0345715,
ENSG00000256229,-0.566978,,,
ENSG00000256235,,,0.686453,
ENSG00000256249,,-0.741369,,
ENSG00000256250,,,-1.84619,
ENSG00000256287,,,1.81096,
ENSG00000256294,-1.00336,,-0.0703442,
ENSG00000256299,,,-1.84619,
ENSG00000256427,,0.654054,,
ENSG00000256436,,,-0.00923569,
ENSG00000256443,,,-2.11219,
ENSG00000256484,,,-0.113485,
ENSG00000256537,,0.121287,-1.25787,-0.803686
ENSG00000256540,,,1.97065,
ENSG00000256582,,0.232791,,
ENSG00000256660,,-0.931445,,
ENSG00000256713,,-0.566502,,
ENSG00000256806,,1.66885,-0.576282,0.772561
ENSG00000256812,,-0.232791,,
ENSG00000256980,,,1.55174,
ENSG00000257008,,,-0.284595,
ENSG00000257017,0.141948,1.55259,,
ENSG00000257060,,,-0.645379,
ENSG00000257086,,,0.669635,
ENSG00000257315,,,-0.0344879,
ENSG00000257365,-2.40319,,0.459538,
ENSG00000257398,,,-0.871575,
ENSG00000257431,,,0.706426,
ENSG00000257446,,,-2.32981,
ENSG00000257507,,,1.81472,
ENSG00000257526,,,-1.52921,
ENSG00000257534,,,-0.701304,
ENSG00000257585,,,1.75202,
ENSG00000257591,,-0.078763,,
ENSG00000257647,,,1.18678,
ENSG00000257660,,,0.00485461,
ENSG00000257704,,-2.60025,,
ENSG00000257859,,,0.890027,
ENSG00000257890,,,-1.36183,
ENSG00000257894,,,-0.105337,
ENSG00000257923,-1.85874,,,
ENSG00000257949,,-1.6208,-1.23071,-2.01632
ENSG00000258082,,1.38171,,
ENSG00000258102,,0.0549725,,
ENSG00000258181,,0.323065,,
ENSG00000258227,,1.61939,,
ENSG00000258234,,,1.39203,
ENSG00000258315,-1.0443,,,
ENSG00000258331,,,0.0796102,
ENSG00000258404,,-1.39401,,
ENSG00000258405,,,1.51133,
ENSG00000258429,-3.43602,-3.871,,
ENSG00000258472,,,-0.989271,
ENSG00000258479,,0.799536,0.799536,1.13072
ENSG00000258483,,,0.195198,
ENSG00000258484,-1.343,,,
ENSG00000258489,,,-1.56049,
ENSG00000258499,-3.43204,,,
ENSG00000258512,,-1.46842,,
ENSG00000258526,,,-2.146,
ENSG00000258548,,,0.495188,
ENSG00000258586,,,-0.0111117,
ENSG00000258602,,0.219561,,
ENSG00000258636,,,-3.80319,
ENSG00000258647,,0.404097,,
ENSG00000258659,-0.453237,,0.31297,
ENSG00000258675,,,0.662043,
ENSG00000258702,,,-0.459743,
ENSG00000258711,,3.64094,,
ENSG00000258733,-0.0645682,,-0.628212,
ENSG00000258768,-0.281518,,0.984207,
ENSG00000258818,,1.73236,-1.42461,0.217609
ENSG00000258867,,,-1.08936,
ENSG00000258908,,-0.455625,,
ENSG00000258947,,-2.40417,,
ENSG00000258957,,,1.50749,
ENSG00000258986,,,-1.94871,
ENSG00000258998,,,-2.35844,
ENSG00000259028,,,-0.218755,
ENSG00000259031,,-3.23604,,
ENSG00000259070,-1.62395,,-2.30143,
ENSG00000259113,,,1.11591,
ENSG00000259124,,,-0.156367,
ENSG00000259129,,,-0.0577096,
ENSG00000259134,,,1.41836,
ENSG00000259224,,,-0.367697,
ENSG00000259225,,,-0.136871,
ENSG00000259268,,1.15884,,
ENSG00000259275,,,0.999721,
ENSG00000259321,1.54931,0.700447,,
ENSG00000259336,,,0.612891,
ENSG00000259348,,,0.431513,
ENSG00000259359,,,1.08106,
ENSG00000259362,,,-1.01092,
ENSG00000259417,,,1.34156,
ENSG00000259420,,,-0.981741,
ENSG00000259448,,,1.73049,
ENSG00000259485,,,0.567939,
ENSG00000259494,,-0.0433133,,
ENSG00000259495,,,0.660086,
ENSG00000259511,,,3.57535,
ENSG00000259527,,,-1.57423,
ENSG00000259530,,,-0.942938,
ENSG00000259534,,,0.767576,
ENSG00000259548,,1.2013,,
ENSG00000259582,,,-0.518521,
ENSG00000259604,,,-0.975055,
ENSG00000259616,,,-0.587898,
ENSG00000259618,,-0.469963,,
ENSG00000259656,,,-1.37691,
ENSG00000259675,,,-3.03875,
ENSG00000259703,,0.90942,,
ENSG00000259705,,,0.0390654,
ENSG00000259763,,,-2.70028,
ENSG00000259828,,,-0.839302,
ENSG00000259846,,,-0.0499875,
ENSG00000259847,,,-2.59605,
ENSG00000259859,,,-0.0691354,
ENSG00000259869,-0.325737,,-0.118404,
ENSG00000259915,,,-0.375595,
ENSG00000259956,,,-2.39339,
ENSG00000260011,,,-0.775755,
ENSG00000260032,-0.133822,,,
ENSG00000260046,,,-0.964937,
ENSG00000260052,,1.26604,,
ENSG00000260088,,,-0.655697,
ENSG00000260100,,,-4.39085,
ENSG00000260102,,,0.744845,
ENSG00000260123,,,-2.05001,
ENSG00000260176,,,1.34813,
ENSG00000260179,,,-1.41079,
ENSG00000260219,2.19571,,,
ENSG00000260230,,,-3.64957,
ENSG00000260256,,-0.483126,,
ENSG00000260261,1.4483,,1.38838,
ENSG00000260271,,,-0.759377,
ENSG00000260286,,1.27565,,
ENSG00000260300,,0.299144,-0.113901,0.130986
ENSG00000260302,,-0.741184,,
ENSG00000260305,,,2.02102,
ENSG00000260325,,,1.06866,
ENSG00000260328,,,1.81135,
ENSG00000260360,,0.62575,-0.62575,7.85046e-17
ENSG00000260422,,,-1.35249,
ENSG00000260423,,,-0.81074,
ENSG00000260428,,1.41588,,
ENSG00000260430,,,-0.513182,
ENSG00000260433,,,-0.537365,
ENSG00000260440,,,-0.392023,
ENSG00000260455,,,0.500012,
ENSG00000260464,-0.304424,,-0.0346511,
ENSG00000260469,,,-1.78002,
ENSG00000260470,,,-0.620511,
ENSG00000260473,,,-1.65655,
ENSG00000260475,,2.24778,2.24778,3.17884
ENSG00000260484,,,-2.57022,
ENSG00000260507,,-1.14894,,
ENSG00000260509,,,-0.597296,
ENSG00000260528,6.65537,3.15655,,
ENSG00000260578,,,0.448629,
ENSG00000260597,,,-0.408536,
ENSG00000260604,,,0.400028,
ENSG00000260613,,,-13.4288,
ENSG00000260619,,,-0.528779,
ENSG00000260633,,,-1.91078,
ENSG00000260634,,,-0.623539,
ENSG00000260645,-0.439562,1.05719,,
ENSG00000260646,,,-0.429028,
ENSG00000260653,,,-0.135329,
ENSG00000260657,,,-1.16332,
ENSG00000260698,-0.742213,0.745262,,
ENSG00000260721,,,3.66238,
ENSG00000260743,,,-0.139451,
ENSG00000260810,,0.2802,,
ENSG00000260838,,,-1.82958,
ENSG00000260876,,,-0.520282,
ENSG00000260884,2.10885,,,
ENSG00000260896,,,-1.31951,
ENSG00000260916,,,1.40635,
ENSG00000260923,,3.26037,,
ENSG00000260943,,0.872301,,
ENSG00000260947,,,0.106711,
ENSG00000260971,,,0.353142,
ENSG00000260979,,1.63019,,
ENSG00000261000,,1.47678,,
ENSG00000261008,,,-0.704726,
ENSG00000261037,,,0.177144,
ENSG00000261039,,,-0.995708,
ENSG00000261064,-0.958994,,0.284743,
ENSG00000261068,,1.18468,-1.20357,-0.0133584
ENSG00000261070,,,-2.71192,
ENSG00000261079,,-1.06071,-1.29752,-1.66752
ENSG00000261095,,,0.100223,
ENSG00000261097,,0.511421,,
ENSG00000261121,,,2.00692,
ENSG00000261126,,,-4.82203,
ENSG00000261150,,,2.7546,
ENSG00000261161,,,0.933728,
ENSG00000261172,5.73777,3.31527,,
ENSG00000261175,,,-0.208302,
ENSG00000261204,,,-0.398077,
ENSG00000261221,,2.02538,,
ENSG00000261229,,,-0.961523,
ENSG00000261244,,,0.191174,
ENSG00000261265,,,-1.20536,
ENSG00000261292,,,-0.673349,
ENSG00000261308,3.13404,,-1.66608,
ENSG00000261326,0.821634,,,
ENSG00000261340,,,0.528118,
ENSG00000261357,,,0.92271,
ENSG00000261363,,,0.770392,
ENSG00000261386,,-1.33839,,
ENSG00000261390,,,1.73224,
ENSG00000261542,-0.389108,-1.53189,,
ENSG00000261568,,,-0.44485,
ENSG00000261587,,-0.186655,-0.839721,-0.725757
ENSG00000261594,,,-0.737757,
ENSG00000261603,,,0.275022,
ENSG00000261618,,,0.861538,
ENSG00000261646,,,2.19111,
ENSG00000261670,,,-1.87625,
ENSG00000261678,,,-0.299596,
ENSG00000261701,,0.749912,1.32134,1.46459
ENSG00000261757,,,1.53552,
ENSG00000261786,2.58616,,,
ENSG00000261794,0.2087,,-0.550081,
ENSG00000261795,,,1.89879,
ENSG00000261804,,-0.467545,,
ENSG00000261996,,0.348367,,
ENSG00000262006,,0.636689,0.00485077,0.453637
ENSG00000262075,,,1.32519,
ENSG00000262097,,,-1.42579,
ENSG00000262098,,,1.53495,
ENSG00000262155,-0.0679077,,-0.677635,
ENSG00000262179,,,-1.21958,
ENSG00000262188,,,-1.91012,
ENSG00000262202,,,4.00893,
ENSG00000262209,,,0.719636,
ENSG00000262223,,,-0.415678,
ENSG00000262228,,-0.0297074,-0.527291,-0.393857
ENSG00000262406,,,0.90644,
ENSG00000262454,,,-3.89672,
ENSG00000262484,2.4029,,,
ENSG00000262585,,,0.454914,
ENSG00000262619,,,0.707035,
ENSG00000262655,,,-2.27272,
ENSG00000262663,-1.35569,,,
ENSG00000262681,,,0.755205,
ENSG00000262686,,,1.63934,
ENSG00000262714,,-0.473424,,
ENSG00000262874,,0.6142,,
ENSG00000262898,,,-2.1176,
ENSG00000263001,,2.7284,2.7284,3.85854
ENSG00000263002,0.330621,0.707843,,
ENSG00000263063,,,0.704504,
ENSG00000263155,,0.330024,3.12745,2.44481
ENSG00000263164,,-3.10219,,
ENSG00000263280,,,-0.120205,
ENSG00000263321,,,-0.616409,
ENSG00000263465,,1.80278,1.30693,2.1989
ENSG00000263508,,,2.19627,
ENSG00000263528,,0.279004,-0.12942,0.105772
ENSG00000263603,,,1.8522,
ENSG00000263627,3.17392,,3.21839,
ENSG00000263683,,0.449058,-0.536377,-0.0617445
ENSG00000263884,,,2.92305,
ENSG00000263958,,,-0.10079,
ENSG00000263990,,-1.95521,,
ENSG00000264112,,,0.611258,
ENSG00000264345,,,1.3233,
ENSG00000264490,,0.666521,,
ENSG00000264520,,,-0.66489,
ENSG00000264522,,-2.0453,-2.0453,-2.89249
ENSG00000264695,,-0.483365,,
ENSG00000264727,,,0.108061,
ENSG00000264968,,,-0.82086,
ENSG00000265043,,,0.459169,
ENSG00000265055,,,0.990082,
ENSG00000265107,,,1.03606,
ENSG00000265217,,,0.43134,
ENSG00000265241,,,-0.506748,
ENSG00000265369,,,-1.13928,
ENSG00000265491,,,-0.0422155,
ENSG00000265519,,,-0.603854,
ENSG00000265750,,,-0.420193,
ENSG00000265752,,,0.944243,
ENSG00000265817,,,0.538721,
ENSG00000265912,,,0.493714,
ENSG00000266010,,,-0.437888,
ENSG00000266074,,-0.290957,2.02068,1.2231
ENSG00000266094,,-1.20708,0.936578,-0.191272
ENSG00000266258,,,1.94541,
ENSG00000266265,,-0.750198,,
ENSG00000266289,,,-0.842903,
ENSG00000266313,,,0.0226392,
ENSG00000266402,1.95809,,,
ENSG00000266472,,-3.91916,-4.06161,-5.64325
ENSG00000266490,2.38859,2.25769,,
ENSG00000266498,,,1.74442,
ENSG00000266578,,,-0.030297,
ENSG00000266651,,0.258375,,
ENSG00000266733,,,1.55971,
ENSG00000266821,,,1.01642,
ENSG00000266964,,,-0.0265606,
ENSG00000266967,2.38807,-0.136221,,
ENSG00000267041,,,1.7116,
ENSG00000267055,,,-0.929082,
ENSG00000267058,,,-1.00683,
ENSG00000267065,,,-0.0314387,
ENSG00000267069,,,-0.29829,
ENSG00000267072,,,-2.17526,
ENSG00000267107,,-0.703102,-1.01618,-1.21572
ENSG00000267108,,,0.846705,
ENSG00000267123,,-0.853467,,
ENSG00000267127,,,-5.72289,
ENSG00000267130,,,-1.91035,
ENSG00000267152,-0.517725,,,
ENSG00000267198,4.23732,,,
ENSG00000267206,,,-0.0796028,
ENSG00000267221,-0.266981,,-2.16793,
ENSG00000267224,,,7.45763,
ENSG00000267260,,,1.7116,
ENSG00000267272,,,-1.49933,
ENSG00000267273,,,2.40017,
ENSG00000267289,,,-1.78366,
ENSG00000267302,,0.587132,0.676433,0.893475
ENSG00000267313,,,3.26141,
ENSG00000267325,,,-7.78032,
ENSG00000267364,-0.983371,0.585861,,
ENSG00000267368,,0.385042,-0.241798,0.101289
ENSG00000267372,,,1.89984,
ENSG00000267374,,,0.669095,
ENSG00000267388,,,-0.925357,
ENSG00000267405,,,0.330893,
ENSG00000267409,,,-3.21552,
ENSG00000267421,,,1.07739,
ENSG00000267440,,,-0.723695,
ENSG00000267457,,,1.16654,
ENSG00000267466,,,-0.362941,
ENSG00000267467,,0.366198,,
ENSG00000267505,,,-0.61502,
ENSG00000267506,,,-0.135892,
ENSG00000267519,,-0.779244,,
ENSG00000267534,2.08811,,,
ENSG00000267583,,,-0.133227,
ENSG00000267586,,,2.1041,
ENSG00000267605,,,1.25278,
ENSG00000267612,,,0.670024,
ENSG00000267636,,,1.03348,
ENSG00000267651,,,-1.45837,
ENSG00000267653,,,0.0487059,
ENSG00000267654,,-1.95501,,
ENSG00000267666,,0.365812,0.525487,0.630244
ENSG00000267673,,-0.304791,-0.607502,-0.645089
ENSG00000267778,,,2.44064,
ENSG00000267780,,1.15737,,
ENSG00000267795,,-2.8055,,
ENSG00000267922,,,1.98112,
ENSG00000267924,,,-0.140463,
ENSG00000267939,,,-1.19517,
ENSG00000268041,,,0.48355,
ENSG00000268182,,,0.0552867,
ENSG00000268240,,1.09907,,
ENSG00000268316,,,-2.79403,
ENSG00000268388,,,-0.0875545,
ENSG00000268401,,,1.42316,
ENSG00000268601,,,0.372067,
ENSG00000268621,,,1.87106,
ENSG00000268628,,,-2.10953,
ENSG00000268649,,,-0.507722,
ENSG00000268655,,0,1.13634,0.803517
ENSG00000268707,,,6.68949,
ENSG00000268713,,,0.628439,
ENSG00000268751,,,-1.24155,
ENSG00000268836,1.51331,,0.519919,
ENSG00000268926,,,0.522947,
ENSG00000269067,,,-0.584401,
ENSG00000269113,,,-0.693018,
ENSG00000269155,,,0.89076,
ENSG00000269190,,0.161824,-2.75589,-1.83428
ENSG00000269404,,,-1.78336,
ENSG00000269439,0.626206,,1.10298,
ENSG00000269473,,,-0.0809791,
ENSG00000269486,,,1.66291,
ENSG00000269524,,2.10326,,
ENSG00000269699,,,0.0444533,
ENSG00000269720,,,-0.0796102,
ENSG00000269736,,,0.672008,
ENSG00000269873,,,0.510475,
ENSG00000269877,,-0.0500175,,
ENSG00000269916,,,0.663137,
ENSG00000269921,,,-1.39084,
ENSG00000269927,,,2.85568,
ENSG00000269946,,,-0.568038,
ENSG00000269947,0.754925,,2.88838,
ENSG00000269959,,,-0.779029,
ENSG00000269964,,,-0.0980031,
ENSG00000269967,,,-1.17318,
ENSG00000269976,,0.545744,,
ENSG00000269978,,,-0.585861,
ENSG00000270001,,,-0.112398,
ENSG00000270011,,,0.817062,
ENSG00000270022,,,-0.141213,
ENSG00000270035,,,-0.528962,
ENSG00000270074,,,-1.34756,
ENSG00000270093,,,1.40003,
ENSG00000270171,,,-0.232791,
ENSG00000270195,,,0.350385,
ENSG00000270210,,-1.8385,,
ENSG00000270332,,,1.66981,
ENSG00000270379,,-0.91861,-0.828356,-1.23529
ENSG00000270419,,-1.87875,2.21529,0.237973
ENSG00000270457,,,0.969792,
ENSG00000270482,,,0.989696,
ENSG00000270547,,,0.244052,
ENSG00000270604,,,6.83257,
ENSG00000270607,,,-0.550189,
ENSG00000270638,,,1.12314,
ENSG00000270647,,-0.810081,-1.00324,-1.28221
ENSG00000270659,,,0.671919,
ENSG00000270661,,,-1.58822,
ENSG00000270673,,2.03617,2.03617,2.87957
ENSG00000270720,,,0.356405,
ENSG00000270761,,,0.209127,
ENSG00000270765,,,-0.935219,
ENSG00000270806,,,-0.290782,
ENSG00000270876,,,0.540531,
ENSG00000270882,,1.25757,,
ENSG00000270885,,0.858738,0.874146,1.22533
ENSG00000270933,,,0.96663,
ENSG00000270964,,-2.17451,-2.35225,-3.2009
ENSG00000270972,,0.348038,0.302139,0.459745
ENSG00000270996,,,-1.0757,
ENSG00000271020,,-0.80409,0.746517,-0.0407105
ENSG00000271040,,,0.00189972,
ENSG00000271046,,1.77197,,
ENSG00000271086,,,-1.36733,
ENSG00000271119,,0.155665,-0.690731,-0.378349
ENSG00000271151,,-1.8446,-1.66731,-2.4833
ENSG00000271204,,1.49147,-0.0947755,0.987613
ENSG00000271239,,,-1.14676,
ENSG00000271259,,-0.323694,-0.781028,-0.781157
ENSG00000271265,,,-3.57681,
ENSG00000271303,,-0.111182,0.513653,0.28459
ENSG00000271320,,,-1.07072,
ENSG00000271324,,,1.18337,
ENSG00000271327,,0.320263,0.831085,0.814126
ENSG00000271344,,,-0.774869,
ENSG00000271367,,,-0.160312,
ENSG00000271382,,,1.58939,
ENSG00000271383,,1.45779,,
ENSG00000271390,,,-1.71078,
ENSG00000271420,,,1.35877,
ENSG00000271425,,-0.0879825,,
ENSG00000271427,,,0.913409,
ENSG00000271447,,,-0.254214,
ENSG00000271503,,0.321741,0.0736764,0.279602
ENSG00000271522,,,0.601771,
ENSG00000271538,,,-0.136931,
ENSG00000271553,,2.54614,2.78089,3.76678
ENSG00000271576,,,-0.0210547,
ENSG00000271584,,,-0.293846,
ENSG00000271605,,-1.50279,,
ENSG00000271614,,-1.05262,0.0562507,-0.704542
ENSG00000271643,,-0.622302,1.18337,0.396732
ENSG00000271646,,-0.744712,2.02703,0.906736
ENSG00000271709,,,-3.00024,
ENSG00000271734,,-0.08166,-0.0983404,-0.127279
ENSG00000271736,,-0.174122,,
ENSG00000271743,,-0.0382293,0.365715,0.231567
ENSG00000271751,,0.660887,1.10691,1.25002
ENSG00000271752,,0.503199,0.503199,0.711631
ENSG00000271755,,,2.2138,
ENSG00000271761,,,-0.9822,
ENSG00000271780,,-1.6159,-1.6531,-2.31153
ENSG00000271788,,-1.06949,1.06949,0
ENSG00000271789,,2.33362,-2.04303,0.205481
ENSG00000271811,,,-1.59215,
ENSG00000271843,,3.64904,-3.94519,-0.20941
ENSG00000271849,,,-3.50588,
ENSG00000271855,,-0.222519,0.0238406,-0.140487
ENSG00000271856,,3.99307,-3.15163,0.59499
ENSG00000271862,,1.76329,0.883581,1.87162
ENSG00000271868,,,-0.116558,
ENSG00000271869,,0.547955,0.547955,0.774925
ENSG00000271874,,,0.295839,
ENSG00000271888,,1.15896,0.521183,1.18804
ENSG00000271889,,,-0.321389,
ENSG00000271892,,0.216139,,
ENSG00000271926,,,-0.264672,
ENSG00000271943,,,0.0674397,
ENSG00000271947,,,0.769471,
ENSG00000271966,,0.705517,,
ENSG00000271967,,,3.08971,
ENSG00000271973,,,0.469792,
ENSG00000271978,,,1.26755,
ENSG00000272010,,2.39834,2.83969,3.70385
ENSG00000272021,,-0.977601,-0.211513,-0.840831
ENSG00000272040,,-0.053865,-0.906461,-0.679053
ENSG00000272047,,1.77481,1.59723,2.38439
ENSG00000272049,,,-1.82926,
ENSG00000272053,,-0.296377,2.52982,1.57928
ENSG00000272068,,,-2.12951,
ENSG00000272070,,,2.56696,
ENSG00000272079,,0.66784,-0.944964,-0.195956
ENSG00000272081,,,-1.80435,
ENSG00000272086,,0.113566,0.113566,0.160606
ENSG00000272087,,,1.14947,
ENSG00000272088,,,0.553525,
ENSG00000272092,,5.26687,5.46672,7.5898
ENSG00000272097,,,-0.247463,
ENSG00000272102,,,-0.04998,
ENSG00000272108,,,-2.59067,
ENSG00000272112,,1.62403,,
ENSG00000272121,,,1.17452,
ENSG00000272129,,-0.816632,0.0340895,-0.553341
ENSG00000272137,,,-1.3582,
ENSG00000272138,,,-0.521903,
ENSG00000272142,,-1.98063,-0.525368,-1.77201
ENSG00000272143,,0.604094,0.303479,0.641751
ENSG00000272144,,-1.27361,0.95272,-0.226901
ENSG00000272156,,0.762903,1.3365,1.4845
ENSG00000272168,,,-1.48856,
ENSG00000272180,,,2.23649,
ENSG00000272209,,,-2.40193,
ENSG00000272218,,,0.209057,
ENSG00000272221,,-0.244914,5.03907,3.38998
ENSG00000272226,,-1.34092,-0.616298,-1.38396
ENSG00000272236,,,4.89446,
ENSG00000272255,,2.8532,2.8532,4.03503
ENSG00000272265,,,-0.986022,
ENSG00000272275,,0.269825,-1.70959,-1.01807
ENSG00000272279,,0.140305,-0.455613,-0.222957
ENSG00000272282,,0.67027,0.67027,0.947904
ENSG00000272301,,1.69454,1.69454,2.39644
ENSG00000272308,,1.79594,2.69637,3.17654
ENSG00000272325,,0.318876,,
ENSG00000272334,,-1.18039,-2.28697,-2.45179
ENSG00000272335,,,-5.86348,
ENSG00000272338,,-1.20191,-1.47775,-1.89481
ENSG00000272341,,-0.637008,-2.34121,-2.10592
ENSG00000272343,,-0.378159,,
ENSG00000272347,,,0.191528,
ENSG00000272360,,,-1.5812,
ENSG00000272361,,,1.68224,
ENSG00000272369,,-0.288256,-0.267167,-0.392744
ENSG00000272370,,,-3.10394,
ENSG00000272374,,,-0.981645,
ENSG00000272375,,1.18478,0.741205,1.36187
ENSG00000272381,,,0.0889833,
ENSG00000272382,,0.839599,-0.59828,0.170638
ENSG00000272391,,2.06433,0.697137,1.95265
ENSG00000272416,,,0.87769,
ENSG00000272417,,0.392632,-0.392632,0
ENSG00000272431,,,-0.643511,
ENSG00000272432,,-0.1701,,
ENSG00000272444,,-1.58067,-1.95984,-2.50351
ENSG00000272449,,1.25125,0.375515,1.1503
ENSG00000272455,,0.479317,0.479317,0.677856
ENSG00000272459,,,3.71723,
ENSG00000272462,,-9.76252,-3.63267,-9.47182
ENSG00000272463,,-3.04675,-3.94939,-4.94702
ENSG00000272465,,,0.786398,
ENSG00000272468,,10.4791,1.6293,8.56193
ENSG00000272473,,,-0.6927,
ENSG00000272505,,0.816019,-0.124822,0.488751
ENSG00000272506,,1.29644,,
ENSG00000272512,,0.765106,-1.38935,-0.441405
ENSG00000272514,,,-0.851806,
ENSG00000272523,,0.386941,0.83998,0.867564
ENSG00000272537,,,0.600075,
ENSG00000272541,,,0.772207,
ENSG00000272542,,,-0.833978,
ENSG00000272551,,,0.209208,
ENSG00000272555,,1.12619,,
ENSG00000272564,,,0.885008,
ENSG00000272567,,1.32613,,
ENSG00000272573,,-6.27353,,
ENSG00000272576,,,-1.40609,
ENSG00000272583,,-0.277617,,
ENSG00000272597,,,-1.58516,
ENSG00000272602,,0.603912,-0.0153563,0.416172
ENSG00000272622,,,-1.04657,
ENSG00000272630,,-1.09885,-0.692892,-1.26695
ENSG00000272632,,0.981027,,
ENSG00000272636,,0.900588,0.674091,1.11347
ENSG00000272644,,0.753444,-0.672158,0.0574779
ENSG00000272663,,-1.32776,-3.33434,-3.2966
ENSG00000272666,,-2.59672,,
ENSG00000272667,,-0.259009,0.513847,0.180197
ENSG00000272674,,,1.63741,
ENSG00000272682,,-1.16517,-1.52877,-1.9049
ENSG00000272690,,0.460822,0.511752,0.687713
ENSG00000272692,,,2.54474,
ENSG00000272693,,1.85187,,
ENSG00000272695,,,-0.700447,
ENSG00000272707,,,-1.16453,
ENSG00000272711,,,0.633745,
ENSG00000272716,,-2.37964,-2.22534,-3.25621
ENSG00000272720,,-0.935238,0.450752,-0.342584
ENSG00000272727,,,-2.63589,
ENSG00000272732,,0.875967,0.926815,1.27476
ENSG00000272733,,1.40003,1.17826,1.82312
ENSG00000272735,,,0.242018,
ENSG00000272777,,-2.27366,-2.31676,-3.24592
ENSG00000272783,,,0.822492,
ENSG00000272784,,,0.14469,
ENSG00000272787,,-0.929559,-1.82901,-1.9506
ENSG00000272791,,1.21212,-1.21212,1.57009e-16
ENSG00000272797,,,1.52623,
ENSG00000272799,,-0.818548,-0.818548,-1.1576
ENSG00000272800,,-0.14186,-0.920221,-0.751005
ENSG00000272810,,-5.36974,-2.10739,-5.28713
ENSG00000272823,,-0.545281,0.042202,-0.35573
ENSG00000272827,,,-0.623564,
ENSG00000272829,,1.49007,1.49007,2.10727
ENSG00000272848,,,0.39574,
ENSG00000272849,,,-1.38217,
ENSG00000272853,,,-0.9833,
ENSG00000272856,,,-0.191737,
ENSG00000272861,,,0.581461,
ENSG00000272864,,,2.81116,
ENSG00000272871,,-0.803342,0.953498,0.106176
ENSG00000272886,,4.23249,5.18914,6.6621
ENSG00000272892,,0.575647,,
ENSG00000272894,,0.0387537,-0.657032,-0.437189
ENSG00000272899,,0.0852828,0.0852828,0.120608
ENSG00000272902,,-0.22979,-0.22979,-0.324972
ENSG00000272908,,-0.857934,-0.948619,-1.27743
ENSG00000272911,,0.633745,10.0002,7.51931
ENSG00000272912,,,1.75094,
ENSG00000272913,,-1.32218,-1.32218,-1.86985
ENSG00000272922,,,-1.36061,
ENSG00000272931,,1.65886,,
ENSG00000272933,,,1.98889,
ENSG00000272940,,,-1.09329,
ENSG00000272953,,0.0555389,,
ENSG00000272970,,,-1.49677,
ENSG00000272983,,,0.138014,
ENSG00000272988,,0.428579,,
ENSG00000272989,,-0.428711,-0.337197,-0.541579
ENSG00000272994,,2.14482,0.40768,1.80489
ENSG00000273001,,,-0.723069,
ENSG00000273004,,0.187669,,
ENSG00000273006,,,0.452709,
ENSG00000273008,,-0.219021,0.152152,-0.0472834
ENSG00000273009,,,0.150651,
ENSG00000273014,,-2.76157,-0.986015,-2.64994
ENSG00000273015,,0.333176,0.333176,0.471182
ENSG00000273032,,-2.70888,-1.20825,-2.76983
ENSG00000273033,,-3.04457,-6.12087,-6.48094
ENSG00000273036,,,-0.254072,
ENSG00000273038,,1.14814,4.01717,3.65243
ENSG00000273061,,-0.163489,0.0443269,-0.0842606
ENSG00000273073,,,-0.153698,
ENSG00000273079,,,0.948745,
ENSG00000273091,,,-1.95583,
ENSG00000273100,,,0.452709,
ENSG00000273107,,,0.121874,
ENSG00000273111,,-0.696537,,
ENSG00000273113,,,-2.28915,
ENSG00000273117,,-0.641079,-0.84636,-1.05178
ENSG00000273139,,,0.466035,
ENSG00000273142,,-0.163107,0.559055,0.279978
ENSG00000273145,,-1.55494,0.405393,-0.812849
ENSG00000273148,,1.07322,2.12258,2.25977
ENSG00000273156,,,3.44182,
ENSG00000273173,,1.82265,,
ENSG00000273175,,,-0.785622,
ENSG00000273181,,,0.260479,
ENSG00000273198,,,-1.33557,
ENSG00000273203,,0.443246,-0.00751917,0.308105
ENSG00000273209,,,-0.60873,
ENSG00000273218,,,-0.955286,
ENSG00000273230,,0.13451,-0.647671,-0.36286
ENSG00000273243,,0.947223,0.892842,1.30112
ENSG00000273245,,1.87944,1.87944,2.65793
ENSG00000273257,,,1.16722,
ENSG00000273258,,,-0.885089,
ENSG00000273270,,1.77207,,
ENSG00000273287,,,0.573755,
ENSG00000273295,,0.102319,0.618101,0.509414
ENSG00000273297,,,-3.72934,
ENSG00000273313,,1.75605,4.00397,4.07295
ENSG00000273319,,1.23695,1.23695,1.74931
ENSG00000273321,,,-0.680796,
ENSG00000273329,,-0.745719,-0.4315,-0.832419
ENSG00000273341,,,-0.174588,
ENSG00000273342,,,-1.77953,
ENSG00000273344,,1.49153,0.188139,1.18771
ENSG00000273348,,-0.453219,,
ENSG00000273355,,0.900464,-0.220352,0.480912
ENSG00000273356,,-0.0763741,,
ENSG00000273365,,,-0.392023,
ENSG00000273366,,-6.17583,-6.24211,-8.78081
ENSG00000273374,,,-1.35739,
ENSG00000273375,,-1.6922,-1.6922,-2.39313
ENSG00000273381,,,-0.180036,
ENSG00000273399,,,2.67456,
ENSG00000273403,,,-0.759674,
ENSG00000273416,,,-0.177969,
ENSG00000273424,,-2.03744,,
ENSG00000273442,,,-0.00751917,
ENSG00000273443,,,-0.709482,
ENSG00000273448,,-0.122155,,
ENSG00000273449,,-0.471079,-0.471079,-0.666206
ENSG00000273456,,,-2.58285,
ENSG00000273472,,-1.45033,0.398955,-0.743433
ENSG00000273473,,,-0.166173,
ENSG00000273476,,,0.0693312,
ENSG00000273487,,-2.30817,-3.15185,-3.86082
ENSG00000273507,,,0.089297,
ENSG00000273542,,1.39857,,
ENSG00000273559,,-2.7122,-2.2001,-3.47353
ENSG00000273576,,-2.76465,,
ENSG00000273604,,1.42468,-1.11896,0.216177
ENSG00000273611,,4.3223,-0.826268,2.47207
ENSG00000273650,,,1.17263,
ENSG00000273669,,2.58186,1.13315,2.62691
ENSG00000273674,,,1.73225,
ENSG00000273702,,-0.316783,-0.295259,-0.432778
ENSG00000273723,,-2.16054,-2.16054,-3.05546
ENSG00000273759,,2.63413,-0.186957,1.73041
ENSG00000273765,,-0.967392,-0.527304,-1.05691
ENSG00000273771,,,0.707986,
ENSG00000273796,,-0.812588,1.78042,0.684363
ENSG00000273824,,-2.08022,-2.214,-3.03647
ENSG00000273841,,0.656338,0.0963557,0.532235
ENSG00000273899,,0.13489,0.13489,0.190764
ENSG00000273923,,,0.702313,
ENSG00000273925,,,0.250815,
ENSG00000273972,,-0.195569,-0.194212,-0.275617
ENSG00000273983,,5.71323,,
ENSG00000274015,,,-2.95928,
ENSG00000274021,,,1.95468,
ENSG00000274029,,-0.552812,-1.78355,-1.65206
ENSG00000274104,,0.581973,,
ENSG00000274156,,,0.567897,
ENSG00000274173,,-0.421795,,
ENSG00000274180,,1.9417,1.14308,2.18127
ENSG00000274184,,1.19736,1.18252,1.68283
ENSG00000274191,,,-2.69045,
ENSG00000274209,,0.162118,-0.504491,-0.242095
ENSG00000274211,,,0.169415,
ENSG00000274248,,,-5.75314,
ENSG00000274286,,0.041456,-1.20016,-0.819329
ENSG00000274290,,-5.99949,-5.99949,-8.48456
ENSG00000274292,,-0.768115,-0.861478,-1.1523
ENSG00000274294,,0.218521,-0.471346,-0.178774
ENSG00000274312,,,-1.30742,
ENSG00000274317,,,1.57008,
ENSG00000274331,,,-1.35627,
ENSG00000274340,,,-0.793537,
ENSG00000274341,,,-4.59762,
ENSG00000274370,,0.863627,-0.00854615,0.604634
ENSG00000274373,,0.690052,,
ENSG00000274386,,1.71166,1.44268,2.23045
ENSG00000274395,,,0,
ENSG00000274400,,,1.76461,
ENSG00000274414,,-1.75373,-1.66979,-2.42079
ENSG00000274422,,,1.11536,
ENSG00000274443,,,-1.24594,
ENSG00000274478,,,-0.877559,
ENSG00000274512,,-1.00743,,
ENSG00000274561,,0.4902,0.588944,0.76307
ENSG00000274605,,0.63909,,
ENSG00000274678,,,-1.54851,
ENSG00000274712,,1.47831,-2.28193,-0.568244
ENSG00000274723,,,-0.11759,
ENSG00000274736,,0.561591,,
ENSG00000274750,,-0.662192,-0.578083,-0.877006
ENSG00000274776,,-0.306387,0.176961,-0.091518
ENSG00000274818,,4.28331,3.10369,5.2234
ENSG00000274828,,-2.39045,0.483966,-1.34809
ENSG00000274897,,,0.26934,
ENSG00000274898,,,0.0607561,
ENSG00000274902,,-0.115975,-1.1903,-0.923676
ENSG00000274918,,0.838717,-0.316641,0.369163
ENSG00000274922,,0.258167,,
ENSG00000274925,,-0.0601745,0.265444,0.145147
ENSG00000274956,,,-1.31485,
ENSG00000274979,,0.425181,-0.22114,0.144279
ENSG00000275004,,0.508149,0.0442669,0.390617
ENSG00000275016,,,0.166561,
ENSG00000275040,,,1.55833,
ENSG00000275052,,-0.209476,,
ENSG00000275066,,2.64301,1.19371,2.71297
ENSG00000275074,,-0.614157,0.307233,-0.217028
ENSG00000275088,,,-1.35539,
ENSG00000275111,,-0.646041,-0.8278,-1.04216
ENSG00000275142,,,0.91127,
ENSG00000275152,,,0.451321,
ENSG00000275198,,-0.773984,-1.08899,-1.31732
ENSG00000275216,,,-0.95509,
ENSG00000275223,,,-0.286847,
ENSG00000275228,,,0.574424,
ENSG00000275263,,,-0.948515,
ENSG00000275294,,1.21604,1.14883,1.67221
ENSG00000275302,,-0.152608,-0.281146,-0.30671
ENSG00000275342,,,-0.47367,
ENSG00000275367,,-0.562339,0.874082,0.220435
ENSG00000275383,,,-1.42363,
ENSG00000275385,,0.979725,,
ENSG00000275389,,,2.66076,
ENSG00000275395,,1.74322,-0.026341,1.21402
ENSG00000275401,,,0.573449,
ENSG00000275409,,-1.56059,-1.04781,-1.84442
ENSG00000275418,,-0.449633,,
ENSG00000275479,,-1.02039,-1.02039,-1.44305
ENSG00000275481,,-0.77485,-1.1973,-1.39452
ENSG00000275491,,2.43296,0.163222,1.83578
ENSG00000275542,,,-0.225112,
ENSG00000275580,,3.07998,,
ENSG00000275632,,0.297275,0.992233,0.911819
ENSG00000275636,,,1.90722,
ENSG00000275700,,0.46946,-2.23649,-1.24948
ENSG00000275703,,-1.34405,-1.44247,-1.97037
ENSG00000275709,,2.04621,2.04621,2.89377
ENSG00000275713,,-0.515483,0.522323,0.00483673
ENSG00000275714,,-2.72901,,
ENSG00000275718,,,2.154,
ENSG00000275720,,,0.242759,
ENSG00000275759,,-0.674055,-1.1789,-1.31024
ENSG00000275763,,-1.90018,,
ENSG00000275830,,,-0.269389,
ENSG00000275832,,,0.287912,
ENSG00000275846,,,-3.48364,
ENSG00000275897,,,-2.01037,
ENSG00000275898,,1.563,,
ENSG00000275963,,1.67077,1.67077,2.36283
ENSG00000275964,,0.7998,0.123415,0.652811
ENSG00000275966,,,0.44528,
ENSG00000276023,,0.173016,-0.0222256,0.106625
ENSG00000276030,,,-1.94161,
ENSG00000276043,,,-1.00988,
ENSG00000276045,,0.974132,1.57803,1.80465
ENSG00000276070,,2.24534,,
ENSG00000276071,,1.4751,,
ENSG00000276073,,-3.76158,-3.97055,-5.46744
ENSG00000276093,,,-0.1428,
ENSG00000276136,,-0.0989456,0.0783606,-0.0145558
ENSG00000276180,,2.39042,-6.42715,-2.8544
ENSG00000276188,,,2.25384,
ENSG00000276231,,0.22557,0.22557,0.319004
ENSG00000276234,,0.170553,0.273482,0.31398
ENSG00000276255,,0.674881,,
ENSG00000276269,,,1.02828,
ENSG00000276293,,1.71012,-1.84646,-0.096405
ENSG00000276408,,,-1.23339,
ENSG00000276409,,0.158114,0.0765918,0.165962
ENSG00000276476,,,0.0853849,
ENSG00000276524,,,-0.442251,
ENSG00000276529,,-1.60475,-1.63854,-2.29335
ENSG00000276547,,,-1.47445,
ENSG00000276564,,,1.39507,
ENSG00000276600,,,2.70466,
ENSG00000276651,,,0.292967,
ENSG00000276698,,-0.892902,,
ENSG00000276728,,,1.54397,
ENSG00000276768,,,1.61557,
ENSG00000276791,,-0.795759,-0.568934,-0.964984
ENSG00000276814,,-0.486437,,
ENSG00000276855,,,-0.542547,
ENSG00000276867,,0.958383,,
ENSG00000276957,,,0.39103,
ENSG00000276966,,0.276078,0.276078,0.390433
ENSG00000277007,,-0.864114,-1.3901,-1.59397
ENSG00000277013,,,1.30752,
ENSG00000277022,,,-2.08787,
ENSG00000277075,,0.66364,0.66364,0.938528
ENSG00000277135,,,-0.222345,
ENSG00000277142,,1.04555,-0.639834,0.286885
ENSG00000277144,,,-2.9967,
ENSG00000277151,,0.0300872,-0.331566,-0.213178
ENSG00000277152,,,1.15967,
ENSG00000277159,,,1.04585,
ENSG00000277161,,,-0.602552,
ENSG00000277200,,,0.633198,
ENSG00000277214,,,0.096202,
ENSG00000277224,,0.0718835,-0.744944,-0.475925
ENSG00000277258,,-0.773745,0.991003,0.153625
ENSG00000277287,,,2.67092,
ENSG00000277288,,,0.25137,
ENSG00000277369,,-0.523275,,
ENSG00000277399,,,0.578975,
ENSG00000277423,,,2.01441,
ENSG00000277425,,,-0.117349,
ENSG00000277459,,,0.0697465,
ENSG00000277462,,0.478257,0.193481,0.474991
ENSG00000277463,,-0.91129,,
ENSG00000277476,,-1.10802,1.72771,0.438191
ENSG00000277481,,-1.51485,,
ENSG00000277491,,,1.93412,
ENSG00000277494,,,-3.08275,
ENSG00000277511,,-1.04645,0.704784,-0.241592
ENSG00000277531,,,1.21539,
ENSG00000277559,,,-1.52004,
ENSG00000277586,,0.0467407,0.781247,0.585476
ENSG00000277587,,0.679132,0.329167,0.712974
ENSG00000277639,,,-1.4135,
ENSG00000277654,,,0.126132,
ENSG00000277692,,,-0.557045,
ENSG00000277738,,,-0.466088,
ENSG00000277763,,-0.791572,-0.918173,-1.20897
ENSG00000277767,,-2.37309,-2.99862,-3.79837
ENSG00000277782,,0.943967,0.943676,1.33476
ENSG00000277791,,-0.431867,-0.68321,-0.788479
ENSG00000277851,,,1.36041,
ENSG00000277863,,,1.76611,
ENSG00000277938,,1.39375,1.6511,2.15304
ENSG00000277972,,-0.661035,0.900794,0.169535
ENSG00000277999,,,-1.56826,
ENSG00000278002,,-0.13207,2.2734,1.51415
ENSG00000278023,,0.130354,-0.956027,-0.583839
ENSG00000278029,,,0.777607,
ENSG00000278035,,,0.140817,
ENSG00000278053,,1.62438,2.25345,2.74204
ENSG00000278058,,,0.511376,
ENSG00000278071,,,1.07194,
ENSG00000278075,,1.6077,-5.88489,-3.02443
ENSG00000278090,,0.707463,-0.782726,-0.0532189
ENSG00000278107,,,-1.77769,
ENSG00000278129,,-2.98876,-1.98542,-3.51727
ENSG00000278146,,,-3.99986,
ENSG00000278195,,-0.318628,,
ENSG00000278214,,,0.0441044,
ENSG00000278224,,2.40973,-2.37383,0.0253849
ENSG00000278231,,0.945071,0.945071,1.33653
ENSG00000278238,,-2.073,-3.25685,-3.76878
ENSG00000278239,,0.261176,,
ENSG00000278259,,,-3.81352,
ENSG00000278266,,,-0.718243,
ENSG00000278311,,3.67298,,
ENSG00000278318,,,0.731369,
ENSG00000278376,,4.899,9.85209,10.4306
ENSG00000278385,,,0.76983,
ENSG00000278445,,,-0.528372,
ENSG00000278535,,-4.46014,-3.73253,-5.79309
ENSG00000278540,,,-0.286086,
ENSG00000278570,,,1.24487,
ENSG00000278607,,1.66898,1.23592,2.05407
ENSG00000278611,,1.27007,0.555611,1.29095
ENSG00000278615,,-1.09515,2.52344,1.00995
ENSG00000278619,,,-0.78702,
ENSG00000278685,,,1.03635,
ENSG00000278716,,,-1.35916,
ENSG00000278727,,0.0369331,,
ENSG00000278730,,-0.338129,0.0322205,-0.21631
ENSG00000278740,,0.165081,0.57696,0.524702
ENSG00000278743,,-0.7117,-0.568521,-0.905253
ENSG00000278765,,-1.98043,-1.9773,-2.79854
ENSG00000278816,,,-1.34469,
ENSG00000278845,,0.723646,0.723646,1.02339
ENSG00000278869,,2.77053,1.68784,3.15255
ENSG00000278910,,,0.625937,
ENSG00000278916,,,-0.46892,
ENSG00000278921,,,0.740024,
ENSG00000278925,,,0.0120516,
ENSG00000279078,,-3.93629,-2.34313,-4.44022
ENSG00000279141,,-1.06325,-0.708655,-1.25292
ENSG00000279278,,0.130533,,
ENSG00000279636,,,1.42664,
ENSG00000279652,,,0.759538,
ENSG00000279727,,3.06555,,
ENSG00000279873,,-0.621869,-0.963261,-1.12086
ENSG00000279968,,,0.393279,
ENSG00000280165,,,-1.40015,
ENSG00000280206,,1.34462,,
ENSG00000280303,,,-1.55168,
ENSG00000280560,,,0.473633,
ENSG00000280623,,,2.31905,
ENSG00000280639,,,-1.54576,
ENSG00000280721,,1.31026,1.31026,1.85299
ENSG00000280789,,0.0251623,1.55862,1.11991
ENSG00000280798,,0.130859,0.180785,0.220366
ENSG00000280916,,,0,
ENSG00000280953,,0.442078,,
ENSG00000281005,,-0.916466,-0.314167,-0.870189
ENSG00000281106,,-0.614335,-0.700984,-0.930071
ENSG00000281162,,0.98793,-0.14295,0.597491
ENSG00000281189,,,-0.408604,
ENSG00000281205,,,-0.20061,
ENSG00000281332,,-1.09356,-1.53051,-1.8555
ENSG00000281357,,-0.172916,-0.172916,-0.244541
ENSG00000281392,,,-0.963625,
ENSG00000281404,,-1.11345,-1.3077,-1.71201
ENSG00000281538,,15.9784,6.23777,15.7092
ENSG00000281649,,-2.87367,-2.07518,-3.49936
ENSG00000281655,,0.546389,,
ENSG00000281731,,,1.04121,
ENSG00000281769,,,-2.52716,
ENSG00000281831,,,-4.85427,
ENSG00000281903,,,0.73876,
ENSG00000281912,,,1.26845,
ENSG00000281937,,,-0.584665,
ENSG00000281991,,,0.836455,
ENSG00000282021,,0.121654,0.133818,0.180646
ENSG00000282556,,,-0.452495,
ENSG00000282757,,,1.3007,
ENSG00000282828,,-0.856038,,
ENSG00000282851,,-0.821215,-0.786161,-1.13659
ENSG00000282860,,,0.971578,
ENSG00000282876,,,-1.28845,
ENSG00000282885,,,-2.2734,
ENSG00000282890,,,-2.35841,
ENSG00000282936,,,1.68094,
ENSG00000283031,,,-2.505,
ENSG00000283051,,,1.40693,
ENSG00000283073,,,-0.74023,
ENSG00000283075,,,0.747807,
ENSG00000283141,,,1.65764,
ENSG00000283196,,,-1.43548,
ENSG00000283199,,-2.55341,-0.800693,-2.37171
ENSG00000283240,,,1.43023,
ENSG00000283267,,,-1.23446,
ENSG00000283268,,0.787231,,
ENSG00000283297,,0.263213,-0.897816,-0.448732
ENSG00000283317,,0.421964,-0.0526158,0.261169
ENSG00000283361,,-4.8018,,
ENSG00000283440,,-1.33003,0.873938,-0.322508
ENSG00000283445,,,0.524469,
ENSG00000283503,,,-1.32077,
ENSG00000283536,,,-3.53771,
ENSG00000283597,,0.390546,,
ENSG00000283632,,1.06269,1.33671,1.69663
ENSG00000283633,,-0.633669,-0.990833,-1.1487
ENSG00000283646,,-0.846265,-0.736424,-1.11913
ENSG00000283674,,,3.24623,
ENSG00000283696,,-0.458071,-0.91436,-0.970455
ENSG00000283766,,,0.224099,
ENSG00000283787,,-0.0661687,0.59729,0.37556
ENSG00000283992,,,-1.26169,
ENSG00000284237,,,0.555832,
ENSG00000284308,,0.658918,-0.658918,7.85046e-17
ENSG00000284395,,,-1.82845,
ENSG00000284413,,-0.255521,,
ENSG00000284430,,,0.187103,
ENSG00000284526,,-0.299666,-0.520405,-0.579878
